customer_id,cluster,segment_name,recency_days,frequency,monetary_total,tenure_days,distinct_products,spend_ratio_90d,clv,is_churned,churn_probability
16518,0,Declining / Moderate value,101,3,665.75,373,39,0.0,268.41,False,0.4771506547927856
16190,0,Declining / Moderate value,211,7,2508.47,542,88,0.0,625.52,False,0.3301503419876098
16197,0,Declining / Moderate value,286,9,2016.71,540,52,0.0,172.75,True,0.4771506547927856
13884,0,Declining / Moderate value,94,8,1297.13,287,87,0.0,557.84,False,0.2535876214504242
16199,0,Declining / Moderate value,209,7,942.75,448,2,0.0,241.94,True,0.4797847986221313
16200,0,Declining / Moderate value,199,10,4562.83,554,241,0.0,974.36,False,0.215291142463684
16202,0,Declining / Moderate value,177,9,2501.99,554,105,0.0,636.62,True,0.215291142463684
13878,0,Declining / Moderate value,364,3,1191.53,421,59,0.0,115.82,False,0.5402782797813416
16204,0,Declining / Moderate value,197,2,538.53,548,47,0.0,149.55,False,0.6189089059829712
13889,0,Declining / Moderate value,199,5,1574.33,503,50,0.0,410.82,False,0.4331237733364105
16205,0,Declining / Moderate value,213,3,1069.23,359,89,0.0,396.11,False,0.4531506597995758
13872,0,Declining / Moderate value,344,3,919.57,542,51,0.0,201.97,True,0.5815135836601257
16212,0,Declining / Moderate value,100,3,1101.52,487,61,0.0,352.43,False,0.4933562397956848
16221,0,Declining / Moderate value,92,8,1684.57,303,116,0.0,677.71,False,0.1849092006683349
16222,0,Declining / Moderate value,135,2,1345.22,538,133,0.0,396.2,True,0.5609864950180053
16223,0,Declining / Moderate value,191,2,1102.35,212,101,0.0,384.42,True,0.5245869994163513
16228,0,Declining / Moderate value,202,3,890.81,217,45,0.0,311.92,True,0.5245869994163513
13857,0,Declining / Moderate value,210,6,1000.91,388,98,0.0,273.05,True,0.4331237733364105
13855,0,Declining / Moderate value,317,4,1310.34,548,64,0.0,266.36,True,0.5561647295951844
13874,0,Declining / Moderate value,175,7,2049.15,490,46,0.0,592.47,True,0.2897193640470504
13890,0,Declining / Moderate value,175,5,1233.92,550,50,0.0,324.54,False,0.4331237733364105
13891,0,Declining / Moderate value,195,3,863.56,399,97,0.0,214.66,True,0.4797847986221313
13895,0,Declining / Moderate value,332,2,1415.45,553,67,0.0,238.28,False,0.6157037734985351
13945,0,Declining / Moderate value,211,2,854.15,296,49,0.0,228.81,True,0.5786124467849731
13939,0,Declining / Moderate value,128,5,1176.91,429,62,0.0,404.6,False,0.3629832744598388
16134,0,Declining / Moderate value,176,4,1810.78,357,71,0.0,404.04,False,0.3059490740299225
16138,0,Declining / Moderate value,195,3,910.35,407,35,0.0,180.44,True,0.4771506547927856
16147,0,Declining / Moderate value,217,4,2023.91,489,101,0.0,469.9,False,0.4284809172153473
13929,0,Declining / Moderate value,143,10,3064.3,511,38,0.0,902.62,False,0.1849092006683349
13922,0,Declining / Moderate value,168,3,865.2,284,30,0.0,257.94,True,0.4771506547927856
13921,0,Declining / Moderate value,219,4,730.7,538,36,0.0,207.55,True,0.5355163812637329
13920,0,Declining / Moderate value,248,4,1774.68,379,81,0.0,414.95,True,0.4531506597995758
13919,0,Declining / Moderate value,241,2,903.87,357,44,0.0,189.57,False,0.6189089059829712
16155,0,Declining / Moderate value,198,5,796.9,356,45,0.0,240.65,True,0.4771506547927856
13916,0,Declining / Moderate value,280,4,1275.81,492,72,0.0,275.61,True,0.5451519966125489
16158,0,Declining / Moderate value,339,9,628.32,551,29,0.0,25.41,True,0.5687768220901489
16159,0,Declining / Moderate value,98,4,1232.79,553,31,0.0,317.67,True,0.4571237683296204
16167,0,Declining / Moderate value,231,5,1386.12,555,51,0.0,286.01,True,0.4771506547927856
16174,0,Declining / Moderate value,308,4,1237.2,420,15,0.0,234.5,False,0.5355163812637329
16176,0,Declining / Moderate value,238,4,2052.69,437,53,0.0,463.5,True,0.4820705235004425
16177,0,Declining / Moderate value,253,7,1915.36,464,66,0.0,375.87,False,0.4571237683296204
13897,0,Declining / Moderate value,255,2,849.56,494,42,0.0,175.14,False,0.6079378128051758
16231,0,Declining / Moderate value,196,4,1078.22,414,69,0.0,313.3,True,0.4750394463539124
16130,0,Declining / Moderate value,239,4,987.48,434,53,0.0,274.11,True,0.5355163812637329
13851,0,Declining / Moderate value,105,6,2201.32,496,56,0.0,721.11,False,0.2771067470312118
13848,0,Declining / Moderate value,114,7,3015.0,547,3,0.0,794.72,False,0.2036129057407379
16290,0,Declining / Moderate value,281,4,2069.3,382,85,0.0,282.22,True,0.518360710144043
13795,0,Declining / Moderate value,205,4,836.3,454,23,0.0,229.69,True,0.4531506597995758
16292,0,Declining / Moderate value,197,4,951.51,421,38,0.0,252.72,False,0.4797847986221313
16300,0,Declining / Moderate value,247,3,1392.43,492,190,0.0,364.18,True,0.5355163812637329
16303,0,Declining / Moderate value,150,5,3394.82,448,82,0.0,1043.81,False,0.2211886674165725
13787,0,Declining / Moderate value,181,5,1019.86,511,56,0.0,285.59,False,0.421520721912384
13786,0,Declining / Moderate value,184,6,3358.94,553,80,0.0,786.68,True,0.3256571114063263
13785,0,Declining / Moderate value,245,4,542.49,277,26,0.0,161.81,True,0.6137598514556885
13797,0,Declining / Moderate value,253,3,1179.45,464,71,0.0,316.86,True,0.5355163812637329
16306,0,Declining / Moderate value,30,7,1192.82,251,55,0.0317,436.64,True,0.2224965333938598
16307,0,Declining / Moderate value,246,3,1194.92,394,69,0.0,315.58,True,0.5355163812637329
13781,0,Declining / Moderate value,67,3,778.83,538,56,0.1641,182.6,True,0.4797847986221313
16310,0,Declining / Moderate value,231,2,460.08,459,26,0.0,139.74,True,0.6629733800888061
13778,0,Declining / Moderate value,308,3,945.79,382,27,0.0,178.28,False,0.565748393535614
16314,0,Declining / Moderate value,206,3,1491.4,289,58,0.0,543.62,True,0.4331237733364105
16317,0,Declining / Moderate value,114,3,1421.62,401,69,0.0,510.02,False,0.4208928406238555
13770,0,Declining / Moderate value,239,4,785.37,547,48,0.0,195.08,True,0.5355163812637329
16321,0,Declining / Moderate value,122,5,454.55,555,14,0.0,91.52,False,0.4797847986221313
13783,0,Declining / Moderate value,304,4,1542.09,490,4,0.0,289.03,True,0.5355163812637329
16287,0,Declining / Moderate value,193,4,864.48,506,18,0.0,225.97,False,0.4531506597995758
13799,0,Declining / Moderate value,111,8,2456.41,461,52,0.0,733.42,False,0.1849092006683349
13800,0,Declining / Moderate value,126,3,1679.56,553,73,0.0,446.52,True,0.4571237683296204
16233,0,Declining / Moderate value,146,8,1755.53,554,37,0.0,432.28,False,0.3167978703975677
16246,0,Declining / Moderate value,276,2,827.25,486,79,0.0,307.93,True,0.6189089059829712
13838,0,Declining / Moderate value,186,7,1512.47,396,242,0.0,525.86,False,0.3626023232936859
16254,0,Declining / Moderate value,195,3,985.14,449,65,0.0,341.28,True,0.4797847986221313
16259,0,Declining / Moderate value,227,3,361.94,422,75,0.0,112.77,True,0.6189089059829712
16264,0,Declining / Moderate value,255,2,837.53,263,62,0.0,148.74,True,0.6105547189712525
13823,0,Declining / Moderate value,197,5,2445.79,541,91,0.0,641.99,False,0.3336571097373962
16271,0,Declining / Moderate value,175,5,2152.0,459,121,0.0,528.82,False,0.2328669041395187
13820,0,Declining / Moderate value,235,3,660.65,497,68,0.0,163.18,True,0.5695945501327515
13819,0,Declining / Moderate value,118,6,2642.35,555,47,0.0,639.14,True,0.3256571114063263
16276,0,Declining / Moderate value,296,2,1818.79,424,16,0.0,367.43,False,0.5609864950180053
13815,0,Declining / Moderate value,135,5,3992.39,482,150,0.0,1193.56,False,0.2328669041395187
16279,0,Declining / Moderate value,202,6,4195.5,413,165,0.0,1174.21,False,0.2965662062168121
13813,0,Declining / Moderate value,344,4,1218.61,550,49,0.0,233.58,False,0.5355163812637329
16281,0,Declining / Moderate value,240,2,1361.96,499,19,0.0,275.29,False,0.6157037734985351
13809,0,Declining / Moderate value,122,3,679.7,277,23,0.0,354.5,True,0.4771506547927856
13807,0,Declining / Moderate value,184,3,534.8,552,24,0.0,157.73,True,0.5557145953178406
13804,0,Declining / Moderate value,106,3,1296.36,253,69,0.0,521.28,False,0.3538887739181519
16282,0,Declining / Moderate value,156,3,1307.58,535,31,0.0,392.43,True,0.4771506547927856
13849,0,Declining / Moderate value,214,3,1931.35,441,108,0.0,591.45,False,0.4284809172153473
13948,0,Declining / Moderate value,177,4,548.76,552,23,0.0,133.81,True,0.5342952370643616
16129,0,Declining / Moderate value,224,3,1396.05,324,91,0.0,436.58,True,0.4284809172153473
16128,0,Declining / Moderate value,99,7,2309.13,328,102,0.0,956.75,False,0.2211886674165725
14097,0,Declining / Moderate value,298,2,422.86,462,39,0.0,138.52,True,0.6726304650306701
15944,0,Declining / Moderate value,93,4,2164.24,543,25,0.0,553.5,True,0.4025745213031769
15945,0,Declining / Moderate value,182,4,827.27,555,24,0.0,234.24,True,0.5269871115684509
15946,0,Declining / Moderate value,319,3,2304.18,450,25,0.0,516.47,True,0.5305713415145874
14087,0,Declining / Moderate value,221,2,651.8,552,126,0.0,186.16,False,0.5920506715774536
15957,0,Declining / Moderate value,237,2,501.21,237,88,0.0,201.68,False,0.6319721579551697
15958,0,Declining / Moderate value,220,3,388.64,367,45,0.0,143.03,False,0.5920506715774536
15965,0,Declining / Moderate value,184,10,2323.64,553,144,0.0,564.45,False,0.2535876214504242
15934,0,Declining / Moderate value,234,2,2190.66,246,29,0.0,342.7,True,0.5355163812637329
14080,0,Declining / Moderate value,230,4,1070.08,554,70,0.0,266.2,False,0.5355163812637329
15972,0,Declining / Moderate value,273,5,1810.27,417,104,0.0,321.35,True,0.4619146525859833
15978,0,Declining / Moderate value,249,2,2180.64,461,72,0.0,775.84,False,0.5269871115684509
14068,0,Declining / Moderate value,137,4,1528.37,494,93,0.0,389.37,True,0.4331237733364105
14065,0,Declining / Moderate value,206,3,891.02,248,42,0.0,276.0,True,0.4771506547927856
15983,0,Declining / Moderate value,177,7,3632.07,550,117,0.0,972.03,False,0.2328669041395187
14061,0,Declining / Moderate value,324,3,917.43,555,17,0.0,171.62,True,0.6157037734985351
15989,0,Declining / Moderate value,192,2,372.51,554,81,0.0,106.32,True,0.6478933215141296
15990,0,Declining / Moderate value,104,6,1619.31,466,95,0.0,523.94,False,0.3538887739181519
15970,0,Declining / Moderate value,120,2,1017.32,415,19,0.0,187.25,True,0.5971756696701049
14104,0,Declining / Moderate value,206,3,552.37,377,99,0.0,185.28,False,0.5134156703948974
15921,0,Declining / Moderate value,213,3,456.43,457,51,0.0,148.61,False,0.5695945501327515
15920,0,Declining / Moderate value,241,5,404.14,542,42,0.0,92.43,False,0.5329331278800964
15881,0,Declining / Moderate value,129,5,501.39,181,26,0.0,305.2,True,0.4771506547927856
14147,0,Declining / Moderate value,102,8,2289.6,457,23,0.0,763.85,False,0.1849092006683349
15885,0,Declining / Moderate value,200,12,1572.47,504,68,0.0,226.7,False,0.4208928406238555
15886,0,Declining / Moderate value,233,3,871.78,415,47,0.0,311.93,False,0.5882045149803161
14142,0,Declining / Moderate value,190,2,983.15,463,42,0.0,322.9,True,0.5735206723213195
14139,0,Declining / Moderate value,307,3,670.98,359,29,0.0,89.83,False,0.565748393535614
14136,0,Declining / Moderate value,217,5,1570.81,548,86,0.0,383.66,True,0.4168778657913208
15887,0,Declining / Moderate value,223,3,1027.15,372,27,0.0,264.31,True,0.5333899140357972
15889,0,Declining / Moderate value,186,7,1649.28,546,236,0.0,392.69,False,0.3889206409454345
14133,0,Declining / Moderate value,132,2,623.5,550,24,0.0,149.53,False,0.6151273608207702
15890,0,Declining / Moderate value,211,5,535.65,421,10,0.0,121.11,True,0.5355163812637329
14130,0,Declining / Moderate value,136,4,1882.67,545,189,0.0,525.0,True,0.4065809249877929
15900,0,Declining / Moderate value,230,3,549.29,379,68,0.0,183.65,False,0.5355163812637329
14122,0,Declining / Moderate value,223,3,362.42,554,12,0.0,99.54,True,0.6179974913597107
15908,0,Declining / Moderate value,307,2,764.57,329,37,0.0,248.15,True,0.6609565734863281
14115,0,Declining / Moderate value,318,2,622.67,483,22,0.0,224.7,True,0.6609565734863281
14114,0,Declining / Moderate value,90,7,1364.09,423,72,0.0,414.63,True,0.3256571114063263
14113,0,Declining / Moderate value,171,13,5685.69,548,58,0.0,1197.23,False,0.2036129057407379
15917,0,Declining / Moderate value,64,5,560.63,554,127,0.2196,160.88,True,0.4168778657913208
15992,0,Declining / Moderate value,213,2,854.61,270,51,0.0,363.53,False,0.565748393535614
15994,0,Declining / Moderate value,228,2,775.11,452,69,0.0,192.53,False,0.6047326803207398
16003,0,Declining / Moderate value,176,6,4059.46,553,102,0.0,1152.58,False,0.2771067470312118
14048,0,Declining / Moderate value,122,3,748.69,199,126,0.0,405.8,True,0.4331237733364105
16075,0,Declining / Moderate value,319,2,736.93,381,41,0.0,123.69,True,0.6657952785491943
16083,0,Declining / Moderate value,177,3,1371.78,205,51,0.0,366.04,False,0.3626023232936859
16087,0,Declining / Moderate value,206,5,1739.92,506,6,0.0,448.9,True,0.4284809172153473
13982,0,Declining / Moderate value,143,7,3477.58,505,96,0.0,856.77,False,0.2036129057407379
13980,0,Declining / Moderate value,256,4,599.78,473,47,0.0,127.53,False,0.5570653915405274
13979,0,Declining / Moderate value,210,6,2540.06,553,308,0.0,707.23,False,0.3382697284221649
16101,0,Declining / Moderate value,251,3,1938.46,378,94,0.0,457.27,False,0.4531506597995758
16104,0,Declining / Moderate value,235,8,2476.25,550,162,0.0,441.84,False,0.4284809172153473
16108,0,Declining / Moderate value,251,3,1393.42,448,79,0.0,416.53,False,0.5355163812637329
13965,0,Declining / Moderate value,293,3,996.61,520,23,0.0,140.96,True,0.6157037734985351
16119,0,Declining / Moderate value,211,6,1297.45,540,31,0.0,323.43,False,0.4613589584827423
13963,0,Declining / Moderate value,125,17,3011.87,414,129,0.0,595.56,True,0.193242534995079
16120,0,Declining / Moderate value,239,2,1747.77,239,60,0.0,698.78,False,0.5355163812637329
13959,0,Declining / Moderate value,98,5,815.42,328,75,0.0,389.82,False,0.3626023232936859
13958,0,Declining / Moderate value,196,8,4709.23,551,172,0.0,1201.46,True,0.2563860297203064
13957,0,Declining / Moderate value,234,3,458.25,475,21,0.0,141.11,True,0.5914102673530579
16122,0,Declining / Moderate value,149,4,566.76,242,20,0.0,256.69,False,0.4771506547927856
16124,0,Declining / Moderate value,134,4,1772.49,549,63,0.0,449.27,True,0.4208928406238555
16125,0,Declining / Moderate value,184,14,4587.65,542,168,0.0,653.23,True,0.2360118597745895
16071,0,Declining / Moderate value,344,3,750.56,472,47,0.0,143.32,False,0.6105547189712525
13764,0,Declining / Moderate value,154,4,1923.44,459,195,0.0,418.8,False,0.3462697267532348
16065,0,Declining / Moderate value,182,8,2382.62,280,214,0.0,549.64,True,0.2535876214504242
16054,0,Declining / Moderate value,235,3,1327.98,434,49,0.0,358.18,False,0.5245869994163513
16004,0,Declining / Moderate value,291,5,2146.39,500,63,0.0,489.67,True,0.4771506547927856
14043,0,Declining / Moderate value,308,2,304.25,546,37,0.0,62.64,True,0.6726304650306701
16012,0,Declining / Moderate value,218,2,1574.5,346,138,0.0,366.57,False,0.4797847986221313
14037,0,Declining / Moderate value,181,5,801.55,549,95,0.0,186.29,False,0.411163580417633
16014,0,Declining / Moderate value,108,3,730.82,494,168,0.0,197.55,False,0.4331237733364105
16017,0,Declining / Moderate value,234,4,1341.95,520,81,0.0,249.46,False,0.5243645250797272
14026,0,Declining / Moderate value,287,2,713.11,442,43,0.0,160.81,True,0.6391617059707642
14025,0,Declining / Moderate value,281,8,4057.9,400,60,0.0,109.71,True,0.4208928406238555
16021,0,Declining / Moderate value,212,2,532.25,361,117,0.0,232.14,True,0.6047326803207398
16032,0,Declining / Moderate value,273,6,1970.45,340,130,0.0,79.25,True,0.4794568717479706
16036,0,Declining / Moderate value,80,3,1986.65,437,88,0.095,524.15,False,0.3538887739181519
14014,0,Declining / Moderate value,193,2,1443.03,393,37,0.0,673.39,False,0.49859818816185
14013,0,Declining / Moderate value,92,3,730.05,440,35,0.0,256.16,False,0.482459419965744
16039,0,Declining / Moderate value,240,2,456.4,445,27,0.0,163.22,True,0.6609565734863281
16042,0,Declining / Moderate value,149,4,1092.8,270,50,0.0,280.63,False,0.40034921169281
16048,0,Declining / Moderate value,190,4,1075.23,366,30,0.0,422.93,True,0.4797847986221313
14004,0,Declining / Moderate value,105,5,2575.83,252,69,0.0,1194.1,False,0.2229610472917556
16049,0,Declining / Moderate value,192,3,787.89,333,175,0.0,284.56,False,0.4557848036289215
16053,0,Declining / Moderate value,230,4,2122.89,427,101,0.0,616.64,False,0.4168778657913208
13998,0,Declining / Moderate value,263,3,566.7,393,30,0.0,121.96,True,0.5862612128257751
13763,0,Declining / Moderate value,234,2,3502.48,252,35,0.0,187.34,False,0.5145997881889344
13761,0,Declining / Moderate value,319,4,881.52,473,50,0.0,186.09,False,0.5281712293624878
13760,0,Declining / Moderate value,73,4,1211.94,410,80,0.1115,411.41,False,0.4035755038261414
13540,0,Declining / Moderate value,284,3,632.39,472,26,0.0,126.92,True,0.6527320265769958
16693,0,Declining / Moderate value,88,4,875.01,473,117,0.1801,261.48,False,0.3889206409454345
16699,0,Declining / Moderate value,197,7,994.6,552,51,0.0,241.34,True,0.4771506547927856
16702,0,Declining / Moderate value,232,4,1109.53,549,83,0.0,283.75,True,0.5355163812637329
16707,0,Declining / Moderate value,217,4,551.11,457,64,0.0,135.03,True,0.5245869994163513
16711,0,Declining / Moderate value,119,6,1816.25,554,11,0.0,468.39,False,0.4284809172153473
16714,0,Declining / Moderate value,134,3,1514.8,487,94,0.0,580.96,True,0.4907220959663391
16716,0,Declining / Moderate value,83,3,2149.68,447,7,0.0776,408.0,True,0.4284809172153473
16679,0,Declining / Moderate value,183,3,793.06,364,15,0.0,299.09,True,0.5355163812637329
13514,0,Declining / Moderate value,245,3,663.7,499,13,0.0,121.11,False,0.5824150562286377
16717,0,Declining / Moderate value,183,9,3435.1,549,141,0.0,878.14,False,0.215291142463684
16718,0,Declining / Moderate value,186,5,3647.53,550,123,0.0,936.93,True,0.3256571114063263
16720,0,Declining / Moderate value,193,2,448.24,539,106,0.0,129.2,False,0.6189089059829712
13506,0,Declining / Moderate value,133,5,1639.2,277,55,0.0,627.28,True,0.2771067470312118
13503,0,Declining / Moderate value,296,4,1607.34,478,147,0.0,235.8,False,0.4820705235004425
13502,0,Declining / Moderate value,91,4,677.66,365,20,0.0,184.57,False,0.4168778657913208
13501,0,Declining / Moderate value,105,3,2885.11,387,90,0.0,1145.91,True,0.3268102675676346
16723,0,Declining / Moderate value,260,2,712.48,552,72,0.0,112.38,False,0.6079378128051758
13513,0,Declining / Moderate value,258,2,619.49,472,24,0.0,157.63,False,0.6657952785491943
13542,0,Declining / Moderate value,193,17,4006.17,546,98,0.0,307.14,True,0.2973384112119674
16677,0,Declining / Moderate value,228,2,880.62,469,45,0.0,308.46,True,0.6189089059829712
13545,0,Declining / Moderate value,207,2,374.64,361,54,0.0,156.09,True,0.6657952785491943
16601,0,Declining / Moderate value,207,2,439.45,440,38,0.0,200.27,False,0.6499101281166076
16608,0,Declining / Moderate value,270,2,1288.72,480,94,0.0,284.84,True,0.6047326803207398
13579,0,Declining / Moderate value,186,4,1236.7,476,62,0.0,316.22,False,0.4797847986221313
16614,0,Declining / Moderate value,219,2,673.6,395,20,0.0,217.61,False,0.6119222283363343
13573,0,Declining / Moderate value,70,5,652.39,454,53,0.0487,238.69,False,0.3706023216247558
16620,0,Declining / Moderate value,77,5,1675.73,555,74,0.0571,284.8,False,0.2826785266399383
16623,0,Declining / Moderate value,62,4,1015.24,409,44,0.1275,357.35,True,0.4092897891998291
16625,0,Declining / Moderate value,91,5,1654.03,360,82,0.0,651.45,True,0.2535876214504242
13569,0,Declining / Moderate value,184,3,638.35,245,103,0.0,226.48,False,0.4797847986221313
13567,0,Declining / Moderate value,245,4,1083.69,358,180,0.0,282.7,True,0.5174649357795715
13566,0,Declining / Moderate value,251,3,829.56,456,158,0.0,212.32,False,0.5305713415145874
16631,0,Declining / Moderate value,298,7,1892.52,468,46,0.0,223.96,True,0.5060705184936524
16636,0,Declining / Moderate value,255,4,3802.04,463,62,0.0,814.75,True,0.4531506597995758
16650,0,Declining / Moderate value,237,6,1397.69,336,53,0.0,178.63,False,0.4531506597995758
13554,0,Declining / Moderate value,197,7,1638.28,263,156,0.0,249.35,True,0.3866349279880524
16658,0,Declining / Moderate value,185,5,804.07,436,48,0.0,246.88,True,0.4512350022792816
16660,0,Declining / Moderate value,27,5,996.26,511,10,0.1021,310.27,False,0.3882626056671142
16661,0,Declining / Moderate value,357,4,986.63,539,50,0.0,156.35,True,0.603021764755249
16668,0,Declining / Moderate value,31,9,678.28,448,27,0.1059,208.54,False,0.2243336230516433
16725,0,Declining / Moderate value,119,13,1880.66,543,241,0.0,483.38,True,0.3264293164014816
13497,0,Declining / Moderate value,99,6,1320.33,486,52,0.0,395.46,True,0.3946349263191223
16727,0,Declining / Moderate value,181,4,1437.42,505,158,0.0,315.08,True,0.4331237733364105
16732,0,Declining / Moderate value,220,3,3783.89,548,177,0.0,1061.53,False,0.423115062713623
13433,0,Declining / Moderate value,318,4,658.32,513,22,0.0,148.93,True,0.6105547189712525
13431,0,Declining / Moderate value,223,6,2047.14,476,74,0.0,558.2,False,0.3753381311893463
16795,0,Declining / Moderate value,182,3,2492.39,500,306,0.0,733.65,True,0.4208928406238555
16797,0,Declining / Moderate value,210,5,1827.77,554,289,0.0,500.22,True,0.4092897891998291
16805,0,Declining / Moderate value,177,3,836.42,542,180,0.0,210.29,False,0.4455625832080841
13425,0,Declining / Moderate value,111,3,2180.99,396,96,0.0,660.84,False,0.3538887739181519
13421,0,Declining / Moderate value,107,7,3066.58,480,156,0.0,830.06,False,0.190279571712017
16812,0,Declining / Moderate value,177,4,2392.0,199,98,0.0,432.57,True,0.3538887739181519
13415,0,Declining / Moderate value,289,4,800.67,545,85,0.0,108.68,True,0.5355163812637329
13414,0,Declining / Moderate value,113,4,1493.64,420,27,0.0,549.15,False,0.3598934590816497
16827,0,Declining / Moderate value,210,5,387.18,406,9,0.0,119.85,True,0.5355163812637329
16830,0,Declining / Moderate value,259,3,881.59,543,47,0.0,203.72,False,0.5752675056457519
16835,0,Declining / Moderate value,190,5,1439.31,386,54,0.0,428.72,False,0.4084601998329162
13402,0,Declining / Moderate value,189,3,1222.18,381,43,0.0,440.47,False,0.4771506547927856
16836,0,Declining / Moderate value,223,2,530.5,391,31,0.0,178.67,False,0.6189089059829712
16848,0,Declining / Moderate value,193,3,1130.2,249,64,0.0,283.6,False,0.5196419596672058
16854,0,Declining / Moderate value,234,2,1408.96,457,72,0.0,64.52,True,0.5609864950180053
16858,0,Declining / Moderate value,185,10,4668.28,541,75,0.0,1075.95,True,0.2360118597745895
16860,0,Declining / Moderate value,269,3,1610.62,479,35,0.0,401.03,True,0.5439133286476135
13434,0,Declining / Moderate value,202,3,1132.62,472,14,0.0,321.7,False,0.5355163812637329
13584,0,Declining / Moderate value,123,3,392.45,492,74,0.0,163.75,True,0.4907220959663391
16794,0,Declining / Moderate value,197,5,868.2,441,151,0.0,221.99,False,0.421520721912384
13440,0,Declining / Moderate value,240,7,1295.25,268,49,0.0,21.38,True,0.4933562397956848
16736,0,Declining / Moderate value,322,5,2956.56,553,116,0.0,370.4,True,0.4331237733364105
16742,0,Declining / Moderate value,309,13,2387.71,540,50,0.0,11.75,False,0.4331237733364105
13480,0,Declining / Moderate value,233,2,627.82,496,40,0.0,68.34,True,0.6079378128051758
13478,0,Declining / Moderate value,286,5,2215.78,494,114,0.0,538.6,True,0.4331237733364105
13476,0,Declining / Moderate value,98,4,1550.6,461,61,0.0,527.72,False,0.4284809172153473
13473,0,Declining / Moderate value,149,7,2476.38,541,56,0.0,659.06,False,0.3167978703975677
16772,0,Declining / Moderate value,240,3,3723.55,538,54,0.0,999.99,True,0.5319321513175964
13465,0,Declining / Moderate value,263,2,931.12,403,34,0.0,170.98,True,0.6189089059829712
13464,0,Declining / Moderate value,211,5,2422.96,435,95,0.0,793.25,False,0.3458887755870819
13462,0,Declining / Moderate value,69,5,1153.85,542,64,0.1313,334.71,True,0.3937923192977905
13461,0,Declining / Moderate value,224,3,2715.0,414,25,0.0,1007.36,False,0.4225921511650085
16774,0,Declining / Moderate value,240,4,932.93,478,60,0.0,197.66,False,0.5258154511451721
13455,0,Declining / Moderate value,183,5,2540.53,547,70,0.0,707.1,False,0.3565976381301879
16781,0,Declining / Moderate value,189,2,934.25,486,36,0.0,310.7,True,0.6151273608207702
16784,0,Declining / Moderate value,193,4,788.93,438,137,0.0,225.57,False,0.4331237733364105
13446,0,Declining / Moderate value,247,11,3881.89,480,113,0.0,195.76,True,0.4084601998329162
13444,0,Declining / Moderate value,191,2,631.68,323,51,0.0,330.33,True,0.6043797969818115
13443,0,Declining / Moderate value,265,6,1276.37,494,175,0.0,241.74,True,0.5110155582427979
16787,0,Declining / Moderate value,214,4,1035.43,515,102,0.0,270.52,True,0.4771506547927856
16792,0,Declining / Moderate value,99,5,623.46,521,90,0.0,152.77,True,0.3889206409454345
15879,0,Declining / Moderate value,221,4,1157.3,539,171,0.0,334.86,True,0.4797847986221313
13585,0,Declining / Moderate value,347,3,684.54,555,29,0.0,201.23,True,0.5743089079856872
16596,0,Declining / Moderate value,183,3,450.13,546,17,0.0,132.96,False,0.5695945501327515
16406,0,Declining / Moderate value,267,2,389.61,470,85,0.0,89.01,False,0.6527320265769958
13713,0,Declining / Moderate value,225,3,743.26,400,70,0.0,215.85,True,0.5110155582427979
16411,0,Declining / Moderate value,186,3,827.04,245,119,0.0,268.54,False,0.4331237733364105
16412,0,Declining / Moderate value,210,4,495.4,490,72,0.0,143.71,False,0.5319321513175964
16414,0,Declining / Moderate value,97,4,484.26,511,56,0.0,134.51,False,0.5060705184936524
13709,0,Declining / Moderate value,132,6,1738.4,514,90,0.0,494.42,False,0.2771067470312118
16416,0,Declining / Moderate value,207,6,1921.48,471,92,0.0,428.36,False,0.348978590965271
16419,0,Declining / Moderate value,92,4,1032.12,485,48,0.0,314.49,False,0.4571237683296204
16400,0,Declining / Moderate value,212,8,2855.51,548,187,0.0,573.47,False,0.2535876214504242
13706,0,Declining / Moderate value,119,2,631.17,443,38,0.0,186.78,True,0.6079378128051758
16428,0,Declining / Moderate value,230,3,660.28,314,121,0.0,152.84,True,0.5355163812637329
16430,0,Declining / Moderate value,198,5,802.09,498,16,0.0,231.64,False,0.4797847986221313
13696,0,Declining / Moderate value,238,3,2020.4,483,24,0.0,653.44,True,0.5319321513175964
16435,0,Declining / Moderate value,329,3,1011.57,331,119,0.0,205.49,True,0.5574468493461608
16441,0,Declining / Moderate value,108,4,858.28,444,59,0.0,264.01,False,0.4284809172153473
13693,0,Declining / Moderate value,191,9,2011.82,549,78,0.0,470.15,True,0.348597639799118
16445,0,Declining / Moderate value,203,3,372.22,228,93,0.0,150.99,False,0.565748393535614
13687,0,Declining / Moderate value,255,1,11880.84,255,45,0.0,4518.47,True,0.5743089079856872
13705,0,Declining / Moderate value,190,5,1641.61,441,43,0.0,497.06,False,0.3626023232936859
16391,0,Declining / Moderate value,217,4,1100.21,378,260,0.0,362.31,True,0.4531506597995758
16390,0,Declining / Moderate value,353,3,467.5,496,16,0.0,81.01,True,0.6391617059707642
16387,0,Declining / Moderate value,139,5,918.55,455,68,0.0,295.85,True,0.4284809172153473
16329,0,Declining / Moderate value,244,4,1703.07,555,83,0.0,441.85,True,0.5219449400901794
16330,0,Declining / Moderate value,241,4,382.42,479,71,0.0,129.89,False,0.603021764755249
16331,0,Declining / Moderate value,249,6,2037.7,459,33,0.0,522.02,True,0.4557848036289215
13753,0,Declining / Moderate value,104,4,2094.57,553,64,0.0,500.74,True,0.3706023216247558
16332,0,Declining / Moderate value,122,5,536.99,406,48,0.0,182.75,False,0.4331237733364105
13750,0,Declining / Moderate value,113,8,2643.72,434,39,0.0,856.61,False,0.1799092009663581
16336,0,Declining / Moderate value,237,4,3517.69,448,64,0.0,689.24,True,0.4531506597995758
16340,0,Declining / Moderate value,256,2,976.99,368,170,0.0,334.1,False,0.5790708065032959
16344,0,Declining / Moderate value,326,3,741.32,485,42,0.0,170.44,False,0.5609864950180053
16347,0,Declining / Moderate value,205,9,2621.76,454,167,0.0,596.24,False,0.2965662062168121
16350,0,Declining / Moderate value,150,6,1514.12,245,59,0.0,573.68,False,0.2771067470312118
16351,0,Declining / Moderate value,149,13,3330.03,552,124,0.0,788.18,True,0.2036129057407379
16354,0,Declining / Moderate value,196,3,733.71,408,87,0.0,237.0,False,0.4771506547927856
16367,0,Declining / Moderate value,179,2,728.82,200,119,0.0,145.02,False,0.4797847986221313
16372,0,Declining / Moderate value,226,3,960.68,424,203,0.0,356.33,False,0.518360710144043
13734,0,Declining / Moderate value,325,4,6701.64,419,24,0.0,1868.57,True,0.5219449400901794
13733,0,Declining / Moderate value,227,2,487.03,552,28,0.0,152.02,True,0.6478933215141296
13729,0,Declining / Moderate value,252,3,724.73,501,36,0.0,137.76,True,0.5862612128257751
16385,0,Declining / Moderate value,183,3,622.95,448,64,0.0,221.2,False,0.5319321513175964
13684,0,Declining / Moderate value,102,4,596.98,438,81,0.0,173.81,True,0.4492261946201324
13679,0,Declining / Moderate value,310,3,281.26,552,44,0.0,52.83,True,0.6189089059829712
13677,0,Declining / Moderate value,221,2,556.19,337,98,0.0,177.81,True,0.6157037734985351
16467,0,Declining / Moderate value,325,7,2869.16,554,14,0.0,307.43,True,0.4531506597995758
16555,0,Declining / Moderate value,322,4,1629.79,322,46,0.0,514.78,False,0.5355163812637329
13617,0,Declining / Moderate value,225,5,734.57,312,31,0.0,150.25,False,0.5203279376029968
16560,0,Declining / Moderate value,175,7,2539.15,548,111,0.0,601.42,False,0.2535876214504242
13614,0,Declining / Moderate value,147,3,954.48,368,73,0.0,332.02,False,0.4771506547927856
13613,0,Declining / Moderate value,269,5,1039.85,477,50,0.0,212.14,True,0.5355163812637329
13611,0,Declining / Moderate value,176,8,2450.88,553,131,0.0,592.1,False,0.215291142463684
16563,0,Declining / Moderate value,217,5,3345.02,555,46,0.0,838.59,False,0.3283659756183624
16565,0,Declining / Moderate value,181,4,773.05,372,7,0.0,200.82,True,0.4917847990989685
16568,0,Declining / Moderate value,244,2,1020.9,458,5,0.0,272.91,True,0.6260984539985657
13605,0,Declining / Moderate value,204,2,522.67,388,50,0.0,207.96,True,0.6189089059829712
13602,0,Declining / Moderate value,198,3,596.28,377,29,0.0,203.21,False,0.4933562397956848
13600,0,Declining / Moderate value,129,2,518.42,451,35,0.0,123.77,True,0.6150627493858337
16574,0,Declining / Moderate value,240,2,850.34,475,58,0.0,130.5,False,0.6079378128051758
13598,0,Declining / Moderate value,312,4,609.42,468,46,0.0,115.58,False,0.5655909180641174
16583,0,Declining / Moderate value,190,2,531.4,490,18,0.0,232.86,True,0.6499101281166076
13595,0,Declining / Moderate value,333,3,818.22,463,114,0.0,84.76,True,0.5355163812637329
16588,0,Declining / Moderate value,203,4,1361.28,391,64,0.0,458.38,True,0.4062379777431488
16595,0,Declining / Moderate value,193,4,1450.02,508,286,0.0,326.98,False,0.4331237733364105
13589,0,Declining / Moderate value,266,4,741.09,550,29,0.0,144.86,False,0.5402782797813416
16551,0,Declining / Moderate value,153,5,1626.07,543,54,0.0,434.77,False,0.3678934574127197
13587,0,Declining / Moderate value,266,3,961.1,480,20,0.0,188.74,False,0.6047326803207398
16546,0,Declining / Moderate value,107,5,5606.47,259,75,0.0,1996.01,True,0.1952795714139938
13635,0,Declining / Moderate value,259,3,1928.13,555,89,0.0,527.68,False,0.4871299505233765
16468,0,Declining / Moderate value,287,2,712.62,298,37,0.0,274.08,False,0.6319721579551697
13672,0,Declining / Moderate value,118,3,419.92,547,13,0.0,73.84,True,0.5862612128257751
16471,0,Declining / Moderate value,91,4,1189.98,469,48,0.0,346.8,True,0.4284809172153473
16472,0,Declining / Moderate value,251,2,789.6,414,39,0.0,126.65,True,0.6478933215141296
16485,0,Declining / Moderate value,249,4,1931.03,550,93,0.0,407.51,False,0.4531506597995758
13665,0,Declining / Moderate value,203,3,1711.66,321,97,0.0,536.09,True,0.3889206409454345
13663,0,Declining / Moderate value,197,4,1858.04,463,75,0.0,486.41,False,0.4284809172153473
16493,0,Declining / Moderate value,102,5,1148.26,440,54,0.0,274.64,False,0.3423706591129303
16499,0,Declining / Moderate value,177,8,2578.34,363,104,0.0,646.89,True,0.2360118597745895
16500,0,Declining / Moderate value,147,4,608.05,360,20,0.0,218.69,False,0.5060705184936524
13656,0,Declining / Moderate value,154,3,861.9,412,64,0.0,251.99,False,0.4771506547927856
16501,0,Declining / Moderate value,200,1,1237.23,200,181,0.0,565.35,True,0.5990371108055115
16510,0,Declining / Moderate value,189,6,2079.75,508,93,0.0,436.06,True,0.340978592634201
14882,0,Declining / Moderate value,207,12,3038.45,436,31,0.0,436.57,False,0.2965662062168121
16519,0,Declining / Moderate value,182,3,444.88,465,25,0.0,114.61,False,0.5365681767463684
13648,0,Declining / Moderate value,217,8,1759.07,555,94,0.0,395.69,True,0.4092897891998291
16521,0,Declining / Moderate value,232,3,1144.26,465,211,0.0,523.43,True,0.5355163812637329
16524,0,Declining / Moderate value,263,2,308.14,508,50,0.0,98.54,True,0.6678120851516723
16531,0,Declining / Moderate value,111,7,1538.57,258,80,0.0,585.92,False,0.2328669041395187
16532,0,Declining / Moderate value,155,3,3918.24,437,1,0.0,1347.41,False,0.3596030592918396
16861,0,Declining / Moderate value,207,3,772.83,325,38,0.0,313.06,False,0.5196419596672058
15876,0,Declining / Moderate value,226,2,1449.14,265,11,0.0,460.56,True,0.5609864950180053
15870,0,Declining / Moderate value,213,3,508.52,263,61,0.0,100.32,False,0.5824150562286377
15196,0,Declining / Moderate value,249,2,316.25,543,34,0.0,76.36,True,0.6678120851516723
14634,0,Declining / Moderate value,254,4,2124.46,358,105,0.0,136.7,True,0.5060705184936524
15198,0,Declining / Moderate value,225,3,377.71,506,20,0.0,115.0,False,0.5920506715774536
15207,0,Declining / Moderate value,233,3,683.92,364,19,0.0,124.7,True,0.5920506715774536
15215,0,Declining / Moderate value,210,4,1687.49,429,59,0.0,488.18,False,0.4284809172153473
15221,0,Declining / Moderate value,183,4,2465.45,454,21,0.0,815.92,True,0.4357579171657562
15222,0,Declining / Moderate value,135,11,3550.91,540,98,0.0,888.81,True,0.2211886674165725
14624,0,Declining / Moderate value,232,4,588.22,421,30,0.0,124.55,False,0.5402782797813416
14639,0,Declining / Moderate value,108,5,3229.6,478,133,0.0,919.78,False,0.2211886674165725
15224,0,Declining / Moderate value,175,5,871.36,510,24,0.0,265.56,True,0.444100433588028
14618,0,Declining / Moderate value,154,5,1000.68,363,35,0.0,349.48,False,0.432915186882019
14615,0,Declining / Moderate value,211,5,951.76,365,40,0.0,221.7,True,0.4771506547927856
15248,0,Declining / Moderate value,228,3,1893.93,351,103,0.0,303.0,True,0.4225921511650085
14611,0,Declining / Moderate value,260,2,604.33,415,37,0.0,165.94,True,0.6319721579551697
14609,0,Declining / Moderate value,113,7,1028.64,485,6,0.0,339.34,False,0.3423706591129303
14608,0,Declining / Moderate value,179,7,1761.79,550,9,0.0,451.01,False,0.4284809172153473
14605,0,Declining / Moderate value,191,4,936.31,548,87,0.0,263.66,True,0.4771506547927856
15253,0,Declining / Moderate value,220,3,1136.89,403,58,0.0,317.23,False,0.4771506547927856
15228,0,Declining / Moderate value,111,3,3098.41,316,119,0.0,1245.08,False,0.2328669041395187
14643,0,Declining / Moderate value,175,4,1344.02,545,42,0.0,335.94,False,0.4531506597995758
14644,0,Declining / Moderate value,115,6,1604.46,553,37,0.0,416.0,False,0.4172262966632843
14645,0,Declining / Moderate value,92,2,519.9,451,26,0.0,136.66,False,0.6260984539985657
14686,0,Declining / Moderate value,231,5,885.83,476,185,0.0,281.04,True,0.4969404697418212
15151,0,Declining / Moderate value,240,2,2085.61,326,56,0.0,662.1,True,0.565748393535614
14679,0,Declining / Moderate value,198,3,1289.44,548,49,0.0,309.43,True,0.4907220959663391
15154,0,Declining / Moderate value,295,2,1091.99,295,101,0.0,370.19,False,0.6189089059829712
15157,0,Declining / Moderate value,175,3,1803.5,546,81,0.0,498.28,False,0.4025745213031769
14673,0,Declining / Moderate value,184,3,2047.9,226,65,0.0,810.3,False,0.3669159591197967
14670,0,Declining / Moderate value,97,3,602.0,549,159,0.0,194.18,True,0.565748393535614
15167,0,Declining / Moderate value,137,5,1659.67,490,262,0.0,366.97,True,0.3538887739181519
15169,0,Declining / Moderate value,199,2,569.22,543,58,0.0,100.4,True,0.6189089059829712
15173,0,Declining / Moderate value,197,7,1494.6,434,68,0.0,323.56,True,0.4208928406238555
14665,0,Declining / Moderate value,113,5,1645.61,409,78,0.0,600.98,False,0.3458887755870819
15180,0,Declining / Moderate value,184,3,904.43,406,46,0.0,209.07,True,0.4844958066940307
14657,0,Declining / Moderate value,99,4,1137.05,252,120,0.0,575.83,False,0.3862117767333984
14656,0,Declining / Moderate value,100,4,656.71,420,112,0.0,225.54,False,0.3965087175369263
15183,0,Declining / Moderate value,364,3,639.93,401,33,0.0,59.77,True,0.599583625793457
14653,0,Declining / Moderate value,155,5,1833.49,554,149,0.0,480.36,False,0.3462697267532348
15186,0,Declining / Moderate value,291,3,991.79,513,22,0.0,284.54,False,0.5732612848281861
14648,0,Declining / Moderate value,233,15,4543.6,546,285,0.0,341.02,True,0.3946349263191223
15191,0,Declining / Moderate value,280,3,588.05,505,33,0.0,114.53,True,0.6657952785491943
14600,0,Declining / Moderate value,122,2,865.17,210,53,0.0,377.89,True,0.5103898763656616
14687,0,Declining / Moderate value,217,2,773.68,368,23,0.0,275.12,False,0.6008865237236023
14599,0,Declining / Moderate value,207,2,474.54,326,77,0.0,189.58,True,0.6081708192825317
14595,0,Declining / Moderate value,130,3,587.65,505,30,0.0,157.48,False,0.4933562397956848
18286,0,Declining / Moderate value,293,2,1246.43,540,66,0.0,356.48,True,0.6189089059829712
14544,0,Declining / Moderate value,178,2,2079.9,287,111,0.0,804.48,False,0.4284809172153473
15325,0,Declining / Moderate value,212,7,1439.72,478,141,0.0,369.43,False,0.3706023216247558
15326,0,Declining / Moderate value,150,5,1700.52,555,94,0.0,447.22,True,0.3825483202934265
14540,0,Declining / Moderate value,126,9,2994.98,549,149,0.0,846.47,False,0.1849092006683349
14538,0,Declining / Moderate value,73,4,1089.09,500,30,0.0978,244.02,False,0.4335174083709717
15329,0,Declining / Moderate value,191,8,1934.63,542,60,0.0,439.62,False,0.3543119251728058
15331,0,Declining / Moderate value,316,3,767.91,426,41,0.0,187.63,True,0.606708562374115
14548,0,Declining / Moderate value,134,8,2301.09,550,66,0.0,528.81,False,0.2535876214504242
15332,0,Declining / Moderate value,183,6,6553.74,330,113,0.0,2167.78,True,0.3106977939605713
15339,0,Declining / Moderate value,135,6,1511.67,486,134,0.0,495.91,False,0.3458887755870819
15346,0,Declining / Moderate value,149,3,596.12,248,36,0.0,219.47,True,0.5245869994163513
15347,0,Declining / Moderate value,183,4,1363.6,254,29,0.0,356.68,True,0.4138260543346405
15351,0,Declining / Moderate value,186,4,2052.85,249,103,0.0,574.67,False,0.3669159591197967
15361,0,Declining / Moderate value,178,4,689.07,360,10,0.0,275.27,True,0.518360710144043
15362,0,Declining / Moderate value,265,2,613.08,555,38,0.0,132.89,True,0.6297326803207397
15363,0,Declining / Moderate value,189,2,1004.11,309,32,0.0,443.93,True,0.5766869068145752
15365,0,Declining / Moderate value,132,7,2451.42,490,87,0.0,798.55,False,0.2535876214504242
14533,0,Declining / Moderate value,169,5,1950.15,427,32,0.0,558.86,False,0.2771067470312118
14549,0,Declining / Moderate value,128,4,916.55,554,117,0.0,207.11,True,0.4272350072860718
14550,0,Declining / Moderate value,205,2,587.69,300,46,0.0,204.2,False,0.6157037734985351
14552,0,Declining / Moderate value,197,2,346.21,409,80,0.0,102.05,False,0.6260984539985657
15255,0,Declining / Moderate value,213,8,2838.57,553,101,0.0,688.84,False,0.2965662062168121
15259,0,Declining / Moderate value,329,4,1182.38,499,50,0.0,277.24,True,0.5402782797813416
14590,0,Declining / Moderate value,241,20,3006.62,549,124,0.0,17.59,True,0.4208928406238555
15261,0,Declining / Moderate value,198,3,1253.18,251,70,0.0,199.56,False,0.4284809172153473
15266,0,Declining / Moderate value,155,5,852.21,518,38,0.0,218.24,True,0.4531506597995758
14585,0,Declining / Moderate value,199,4,986.22,233,64,0.0,234.07,False,0.4571237683296204
15268,0,Declining / Moderate value,295,3,961.9,422,21,0.0,203.2,True,0.6189089059829712
15272,0,Declining / Moderate value,267,4,1363.54,480,209,0.0,284.15,False,0.5110155582427979
15276,0,Declining / Moderate value,211,3,514.22,251,115,0.0,84.15,False,0.5355163812637329
15279,0,Declining / Moderate value,171,5,1580.54,492,74,0.0,424.2,True,0.3852571845054626
15287,0,Declining / Moderate value,196,3,369.34,554,13,0.0,115.01,False,0.5882045149803161
14570,0,Declining / Moderate value,97,3,512.4,260,63,0.0,190.65,True,0.50070139169693
14566,0,Declining / Moderate value,234,3,2660.0,350,8,0.0,794.0,False,0.4531506597995758
14564,0,Declining / Moderate value,251,2,2605.62,552,107,0.0,698.0,True,0.5319321513175964
14563,0,Declining / Moderate value,326,2,664.32,409,94,0.0,70.95,True,0.6391617059707642
15303,0,Declining / Moderate value,107,3,1224.18,500,63,0.0,376.75,True,0.4907220959663391
15306,0,Declining / Moderate value,317,6,2310.38,476,80,0.0,219.27,False,0.4557848036289215
15310,0,Declining / Moderate value,295,1,1634.64,295,45,0.0,554.15,True,0.6157037734985351
14555,0,Declining / Moderate value,119,5,2189.43,538,93,0.0,635.22,False,0.306197652220726
15254,0,Declining / Moderate value,363,2,787.99,377,46,0.0,110.73,False,0.6391617059707642
15142,0,Declining / Moderate value,227,5,2121.18,317,97,0.0,576.29,False,0.402223002910614
15141,0,Declining / Moderate value,274,7,1388.47,438,44,0.0,191.74,True,0.5281712293624878
15137,0,Declining / Moderate value,337,2,823.4,497,34,0.0,184.3,True,0.6537670254707336
14932,0,Declining / Moderate value,182,2,879.66,202,28,0.0,498.58,True,0.540329098701477
14934,0,Declining / Moderate value,99,4,2341.4,258,88,0.0,963.85,False,0.2771067470312118
14935,0,Declining / Moderate value,114,2,2849.83,436,25,0.0,994.4,True,0.4571237683296204
14940,0,Declining / Moderate value,234,2,531.49,550,32,0.0,156.87,True,0.6407037734985351
14942,0,Declining / Moderate value,218,4,746.56,546,12,0.0,208.72,True,0.5319321513175964
14824,0,Declining / Moderate value,196,6,2895.2,454,76,0.0,675.46,False,0.2965662062168121
14947,0,Declining / Moderate value,205,4,758.97,441,37,0.0,167.22,False,0.5110155582427979
14949,0,Declining / Moderate value,286,4,515.0,538,16,0.0,127.42,True,0.6189089059829712
14838,0,Declining / Moderate value,240,2,773.67,553,69,0.0,287.17,True,0.6079378128051758
14821,0,Declining / Moderate value,183,7,1286.45,493,65,0.0,406.58,True,0.4284809172153473
14818,0,Declining / Moderate value,70,4,630.86,464,62,0.1874,214.42,False,0.4284809172153473
14953,0,Declining / Moderate value,235,3,721.45,252,152,0.0,252.28,False,0.5355163812637329
14813,0,Declining / Moderate value,186,4,1090.87,427,110,0.0,279.45,True,0.4331237733364105
14807,0,Declining / Moderate value,207,2,519.29,466,37,0.0,90.74,True,0.6151273608207702
14966,0,Declining / Moderate value,204,5,924.52,541,93,0.0,258.88,False,0.4270027697086334
14805,0,Declining / Moderate value,130,4,659.24,438,82,0.0,193.4,False,0.396349573135376
14967,0,Declining / Moderate value,258,5,1518.81,553,19,0.0,439.98,False,0.5319321513175964
14798,0,Declining / Moderate value,127,6,626.25,465,26,0.0,162.0,False,0.4531506597995758
14820,0,Declining / Moderate value,197,5,767.47,494,31,0.0,218.36,False,0.4771506547927856
14839,0,Declining / Moderate value,235,3,915.28,521,61,0.0,181.6,True,0.4969404697418212
14922,0,Declining / Moderate value,210,2,843.74,324,49,0.0,198.32,True,0.5708974480628968
14918,0,Declining / Moderate value,221,7,4345.66,427,64,0.0,993.81,False,0.3669159591197967
14890,0,Declining / Moderate value,70,3,817.25,476,55,0.1537,224.39,True,0.4771506547927856
14894,0,Declining / Moderate value,260,2,837.06,554,23,0.0,233.41,False,0.6189089059829712
14872,0,Declining / Moderate value,300,3,816.6,450,34,0.0,178.63,True,0.5722619414329528
14871,0,Declining / Moderate value,72,7,985.19,555,89,0.1098,268.16,False,0.340175062417984
14869,0,Declining / Moderate value,205,4,2078.54,540,136,0.0,564.45,False,0.3778878450393677
14897,0,Declining / Moderate value,113,5,1949.66,541,65,0.0,551.05,False,0.3188102692365646
14866,0,Declining / Moderate value,183,7,6554.0,261,12,0.0,951.33,False,0.2965662062168121
14899,0,Declining / Moderate value,212,1,1384.88,212,126,0.0,606.16,True,0.5990371108055115
14861,0,Declining / Moderate value,197,9,1254.94,548,58,0.0,277.5,False,0.4092897891998291
14901,0,Declining / Moderate value,177,6,1365.41,315,61,0.0,415.95,False,0.3458887755870819
14902,0,Declining / Moderate value,212,2,702.96,370,34,0.0,184.29,False,0.6008865237236023
14857,0,Declining / Moderate value,259,5,2478.73,451,124,0.0,624.86,False,0.411163580417633
14855,0,Declining / Moderate value,291,5,5874.65,427,156,0.0,1494.48,False,0.421520721912384
14907,0,Declining / Moderate value,177,12,3625.38,419,82,0.0,990.83,False,0.2328669041395187
14909,0,Declining / Moderate value,254,3,1404.68,480,61,0.0,395.37,True,0.4969404697418212
14850,0,Declining / Moderate value,128,7,1794.01,385,129,0.0,601.61,True,0.2771067470312118
14847,0,Declining / Moderate value,224,2,1039.55,381,47,0.0,420.8,False,0.6047326803207398
14915,0,Declining / Moderate value,94,10,1646.05,553,63,0.0,442.64,False,0.2535876214504242
14916,0,Declining / Moderate value,141,5,2069.02,434,62,0.0,534.0,False,0.2771067470312118
14984,0,Declining / Moderate value,205,4,1058.14,514,11,0.0,357.14,False,0.4797847986221313
14986,0,Declining / Moderate value,193,2,566.9,501,87,0.0,121.86,True,0.6047326803207398
14987,0,Declining / Moderate value,182,7,1550.65,554,4,0.0,403.38,False,0.4284809172153473
14994,0,Declining / Moderate value,199,5,956.68,440,232,0.0,273.09,True,0.4331237733364105
14729,0,Declining / Moderate value,190,3,907.38,442,126,0.0,336.18,True,0.5536271810531617
14727,0,Declining / Moderate value,91,3,465.23,363,42,0.0,181.68,True,0.5914096474647522
14725,0,Declining / Moderate value,211,3,591.28,351,40,0.0,205.88,False,0.512682569026947
14723,0,Declining / Moderate value,175,8,1402.36,552,179,0.0,369.15,False,0.2965662062168121
15074,0,Declining / Moderate value,246,2,817.46,284,31,0.0,270.56,False,0.6105547189712525
15077,0,Declining / Moderate value,311,2,2428.08,547,28,0.0,644.23,True,0.6073200702667236
14715,0,Declining / Moderate value,115,6,1204.62,506,68,0.0,315.98,False,0.3706023216247558
14714,0,Declining / Moderate value,224,3,746.05,504,59,0.0,227.66,False,0.5249252557754517
15084,0,Declining / Moderate value,196,2,965.2,462,31,0.0,318.26,True,0.6008865237236023
14710,0,Declining / Moderate value,196,9,1316.46,553,203,0.0,320.29,False,0.3946349263191223
15100,0,Declining / Moderate value,150,7,2894.7,518,11,0.0,844.9,True,0.3656077444553375
14708,0,Declining / Moderate value,185,3,1504.97,272,14,0.0,660.33,False,0.3889206409454345
15101,0,Declining / Moderate value,176,5,1262.69,407,48,0.0,438.19,False,0.4284809172153473
15105,0,Declining / Moderate value,247,2,795.98,443,50,0.0,238.91,False,0.6079378128051758
15107,0,Declining / Moderate value,128,9,940.35,268,32,0.0,306.66,True,0.3793220281600952
15110,0,Declining / Moderate value,135,3,679.4,302,17,0.0,227.14,False,0.4771506547927856
15111,0,Declining / Moderate value,189,3,1451.89,409,60,0.0,525.39,False,0.4331237733364105
14695,0,Declining / Moderate value,336,3,1620.07,549,76,0.0,258.68,True,0.6157037734985351
15126,0,Declining / Moderate value,353,2,449.49,504,25,0.0,108.26,True,0.6745352268218994
15071,0,Declining / Moderate value,92,3,1062.16,387,31,0.0,454.86,False,0.4571237683296204
15366,0,Declining / Moderate value,175,6,1892.11,468,68,0.0,529.76,False,0.2535876214504242
15070,0,Declining / Moderate value,189,3,843.25,541,26,0.0,193.18,True,0.4933562397956848
14734,0,Declining / Moderate value,242,4,1056.42,368,48,0.0,292.71,True,0.5328366041183472
15003,0,Declining / Moderate value,290,6,1060.7,499,253,0.0,130.67,True,0.5393625378608704
15012,0,Declining / Moderate value,190,2,628.64,393,107,0.0,225.73,False,0.5708974480628968
15013,0,Declining / Moderate value,304,10,1641.3,494,177,0.0,26.64,True,0.4791360437870026
15015,0,Declining / Moderate value,318,13,2354.52,542,157,0.0,30.8,True,0.4524809122085571
15016,0,Declining / Moderate value,210,4,460.26,360,77,0.0,152.85,False,0.5245869994163513
15024,0,Declining / Moderate value,113,9,3102.27,241,124,0.0,1187.17,False,0.1836889252066612
15028,0,Declining / Moderate value,185,3,716.55,211,45,0.0,287.97,False,0.4771506547927856
15030,0,Declining / Moderate value,85,7,1614.39,462,21,0.0946,450.2,False,0.2211886674165725
14756,0,Declining / Moderate value,199,2,1864.8,241,67,0.0,350.9,False,0.4357579171657562
14754,0,Declining / Moderate value,112,5,1140.7,507,90,0.0,277.98,False,0.3706023216247558
15043,0,Declining / Moderate value,280,5,2321.8,350,38,0.0,209.67,False,0.4797847986221313
15050,0,Declining / Moderate value,238,2,2411.7,297,58,0.0,649.63,False,0.5281712293624878
15051,0,Declining / Moderate value,196,6,2543.55,555,113,0.0,575.2,False,0.2965662062168121
15055,0,Declining / Moderate value,291,3,560.07,540,77,0.0,104.72,True,0.5902806997299195
14744,0,Declining / Moderate value,114,12,3713.13,387,53,0.0,1343.75,False,0.1849092006683349
15057,0,Declining / Moderate value,92,5,3255.96,551,62,0.0,976.88,True,0.2328669041395187
14741,0,Declining / Moderate value,178,3,992.55,234,26,0.0,392.93,False,0.4331237733364105
14737,0,Declining / Moderate value,170,2,2823.62,217,28,0.0,364.47,False,0.4284809172153473
15064,0,Declining / Moderate value,227,4,1154.41,534,74,0.0,287.75,True,0.4771506547927856
15067,0,Declining / Moderate value,99,3,2981.17,424,125,0.0,1033.75,False,0.2826785266399383
15369,0,Declining / Moderate value,309,11,6251.26,548,44,0.0,552.47,True,0.4284809172153473
14510,0,Declining / Moderate value,192,3,1007.28,253,67,0.0,375.87,True,0.4771506547927856
15372,0,Declining / Moderate value,267,7,4009.66,480,19,0.0,956.33,False,0.4272350072860718
15650,0,Declining / Moderate value,338,2,553.88,445,33,0.0,87.84,True,0.6726304650306701
14295,0,Declining / Moderate value,255,3,2186.71,547,60,0.0,552.74,False,0.4771506547927856
15652,0,Declining / Moderate value,204,4,1082.6,302,76,0.0,391.48,False,0.4331237733364105
14293,0,Declining / Moderate value,122,7,2729.39,546,63,0.0,637.15,False,0.2563860297203064
14290,0,Declining / Moderate value,178,4,2979.47,548,59,0.0,704.32,False,0.4208928406238555
15661,0,Declining / Moderate value,134,8,1215.95,395,27,0.0,334.96,True,0.3641576468944549
15664,0,Declining / Moderate value,266,3,845.1,466,45,0.0,173.11,False,0.5402782797813416
14285,0,Declining / Moderate value,330,4,1374.41,548,33,0.0,311.03,False,0.5376347422599792
15649,0,Declining / Moderate value,153,4,2170.35,204,8,0.0,858.95,True,0.4284809172153473
14283,0,Declining / Moderate value,280,4,628.44,386,36,0.0,105.14,True,0.5825104594230652
15680,0,Declining / Moderate value,183,8,3652.79,554,128,0.0,918.02,False,0.215291142463684
15691,0,Declining / Moderate value,69,4,571.3,550,12,0.2395,146.26,True,0.4771506547927856
14276,0,Declining / Moderate value,106,5,1324.14,477,50,0.0,397.67,False,0.3476617932319641
14275,0,Declining / Moderate value,212,6,1189.38,424,14,0.0,345.22,True,0.4771506547927856
15710,0,Declining / Moderate value,234,1,898.87,234,110,0.0,365.23,True,0.6287670254707336
15713,0,Declining / Moderate value,183,3,825.24,540,39,0.0,217.17,False,0.4969404697418212
14265,0,Declining / Moderate value,281,2,843.17,429,47,0.0,293.07,False,0.6319721579551697
14264,0,Declining / Moderate value,62,5,1299.09,428,52,0.0891,341.69,False,0.2965662062168121
15678,0,Declining / Moderate value,212,2,1541.19,339,67,0.0,503.18,False,0.5052549123764039
14301,0,Declining / Moderate value,233,3,1352.04,483,29,0.0,402.4,False,0.4833690285682678
14302,0,Declining / Moderate value,247,3,742.9,554,25,0.0,219.61,True,0.5920506715774536
15639,0,Declining / Moderate value,268,2,639.76,422,40,0.0,128.81,False,0.6319721579551697
14343,0,Declining / Moderate value,238,4,1088.91,507,193,0.0,278.33,True,0.5319321513175964
15600,0,Declining / Moderate value,245,4,1199.31,410,55,0.0,300.67,True,0.5355163812637329
15607,0,Declining / Moderate value,153,9,1708.97,517,95,0.0,399.56,True,0.3188102692365646
14332,0,Declining / Moderate value,198,2,1077.2,233,31,0.0,379.52,False,0.5574381232261658
14327,0,Declining / Moderate value,199,5,1583.28,517,89,0.0,404.0,False,0.4092897891998291
15614,0,Declining / Moderate value,254,4,3147.36,443,73,0.0,706.9,True,0.4284809172153473
14324,0,Declining / Moderate value,226,2,701.61,510,41,0.0,162.4,True,0.6079378128051758
14322,0,Declining / Moderate value,246,4,474.1,476,10,0.0,121.7,True,0.6137598514556885
14321,0,Declining / Moderate value,150,3,1014.13,290,84,0.0,379.29,False,0.3678934574127197
15617,0,Declining / Moderate value,213,3,828.55,324,41,0.0,301.31,True,0.5196419596672058
15623,0,Declining / Moderate value,210,7,2136.02,546,77,0.0,495.97,False,0.3195067346096039
14316,0,Declining / Moderate value,239,5,1370.34,447,21,0.0,342.72,True,0.5060705184936524
15626,0,Declining / Moderate value,146,2,673.6,238,50,0.0,244.55,False,0.5305713415145874
15629,0,Declining / Moderate value,267,4,2240.9,349,39,0.0,395.88,True,0.4557848036289215
15633,0,Declining / Moderate value,326,13,4352.46,548,77,0.0,12.82,True,0.4208928406238555
15636,0,Declining / Moderate value,99,3,1026.52,386,28,0.0,324.96,False,0.4771506547927856
15637,0,Declining / Moderate value,230,4,574.23,541,23,0.0,94.79,False,0.5228925585746765
14306,0,Declining / Moderate value,195,4,1058.08,494,12,0.0,270.95,False,0.4752135813236237
15638,0,Declining / Moderate value,195,6,2265.2,427,20,0.0,727.79,True,0.3889206409454345
14260,0,Declining / Moderate value,288,3,824.28,365,50,0.0,148.02,True,0.6137598514556885
15723,0,Declining / Moderate value,181,4,947.65,391,108,0.0,299.19,True,0.4342547655105591
15736,0,Declining / Moderate value,252,2,1815.72,252,95,0.0,696.92,True,0.5355163812637329
15747,0,Declining / Moderate value,192,6,1588.57,507,78,0.0,424.21,False,0.3946349263191223
14204,0,Declining / Moderate value,239,3,901.93,554,158,0.0,187.42,False,0.5355163812637329
14202,0,Declining / Moderate value,198,3,847.76,441,27,0.0,259.9,True,0.5609864950180053
15814,0,Declining / Moderate value,210,2,689.11,420,23,0.0,218.7,False,0.6008865237236023
15817,0,Declining / Moderate value,237,3,2766.4,360,133,0.0,802.29,True,0.4331237733364105
15822,0,Declining / Moderate value,176,5,1394.79,550,34,0.0,292.88,False,0.3909714698791504
15824,0,Declining / Moderate value,270,2,890.94,349,24,0.0,269.19,True,0.6391617059707642
15828,0,Declining / Moderate value,192,1,1108.82,192,74,0.0,521.99,True,0.6157037734985351
14186,0,Declining / Moderate value,244,5,1550.63,461,75,0.0,400.68,True,0.4771506547927856
14182,0,Declining / Moderate value,260,4,678.77,413,42,0.0,169.38,True,0.5281712293624878
15847,0,Declining / Moderate value,105,4,613.98,458,28,0.0,218.13,False,0.4771506547927856
14177,0,Declining / Moderate value,198,9,1669.93,468,118,0.0,380.31,False,0.348597639799118
14176,0,Declining / Moderate value,114,5,916.01,198,33,0.0,515.78,True,0.3809206426143646
14175,0,Declining / Moderate value,146,6,4779.16,444,136,0.0,1429.9,False,0.2211886674165725
15850,0,Declining / Moderate value,193,4,819.87,543,197,0.0,239.69,False,0.4531506597995758
14170,0,Declining / Moderate value,192,3,597.33,212,123,0.0,208.17,True,0.4771506547927856
14167,0,Declining / Moderate value,80,6,980.65,498,41,0.1128,294.86,False,0.3809206426143646
15863,0,Declining / Moderate value,9,4,299.06,539,58,0.0308,60.79,False,0.4771506547927856
14157,0,Declining / Moderate value,102,4,847.07,463,68,0.0,280.39,False,0.4284809172153473
15869,0,Declining / Moderate value,94,3,323.66,443,29,0.0,88.83,True,0.6189089059829712
15807,0,Declining / Moderate value,225,2,913.62,483,40,0.0,251.85,False,0.5609864950180053
15590,0,Declining / Moderate value,199,5,1496.6,423,75,0.0,434.9,True,0.4062379777431488
15803,0,Declining / Moderate value,262,3,1513.84,493,42,0.0,333.7,False,0.5355163812637329
15795,0,Declining / Moderate value,247,7,1369.86,507,74,0.0,326.94,False,0.5060705184936524
14249,0,Declining / Moderate value,227,12,5625.46,496,177,0.0,1161.87,True,0.3091788232326508
14248,0,Declining / Moderate value,135,3,1032.95,332,41,0.0,400.47,True,0.4305295348167419
14247,0,Declining / Moderate value,95,5,772.66,368,82,0.0,274.48,True,0.391142863035202
15751,0,Declining / Moderate value,277,11,1380.44,550,90,0.0,211.47,True,0.5112420320510864
14238,0,Declining / Moderate value,143,3,434.23,551,13,0.0,105.29,True,0.57538400888443
14237,0,Declining / Moderate value,190,2,632.14,407,26,0.0,186.59,True,0.6151273608207702
14236,0,Declining / Moderate value,189,4,1443.08,322,29,0.0,505.44,False,0.4138260543346405
15759,0,Declining / Moderate value,35,7,830.93,554,10,0.0818,228.4,True,0.3642070949077606
15766,0,Declining / Moderate value,273,2,516.0,499,15,0.0,147.43,False,0.6678120851516723
14230,0,Declining / Moderate value,252,3,979.8,365,27,0.0,283.52,True,0.6189089059829712
14229,0,Declining / Moderate value,108,6,1808.97,288,37,0.0,767.12,False,0.2771067470312118
14228,0,Declining / Moderate value,254,3,745.5,363,38,0.0,270.98,True,0.5920506715774536
15774,0,Declining / Moderate value,235,5,1057.89,473,68,0.0,257.11,False,0.5060705184936524
14225,0,Declining / Moderate value,251,4,2037.02,513,70,0.0,446.6,True,0.4607479393482208
15784,0,Declining / Moderate value,284,2,848.33,489,33,0.0,178.23,True,0.6319721579551697
15786,0,Declining / Moderate value,234,2,3582.62,353,166,0.0,1044.1,False,0.4797847986221313
15789,0,Declining / Moderate value,175,6,1962.01,440,110,0.0,581.08,True,0.2328669041395187
15792,0,Declining / Moderate value,216,2,933.84,435,57,0.0,244.68,True,0.6008865237236023
15793,0,Declining / Moderate value,85,6,1740.6,555,9,0.1762,466.52,False,0.2328669041395187
15798,0,Declining / Moderate value,309,3,1535.37,498,73,0.0,388.46,True,0.5609864950180053
15872,0,Declining / Moderate value,195,2,434.75,367,70,0.0,194.14,False,0.6189089059829712
14346,0,Declining / Moderate value,114,4,1556.61,314,88,0.0,519.68,False,0.2771067470312118
14350,0,Declining / Moderate value,91,3,972.03,247,55,0.0,422.62,True,0.3946349263191223
14470,0,Declining / Moderate value,104,2,548.49,247,48,0.0,265.57,False,0.5824150562286377
14469,0,Declining / Moderate value,233,4,2112.21,496,120,0.0,562.45,True,0.4531506597995758
14467,0,Declining / Moderate value,129,9,1753.93,554,120,0.0,486.65,False,0.2535876214504242
15425,0,Declining / Moderate value,217,4,1944.57,480,114,0.0,416.53,True,0.4284809172153473
15428,0,Declining / Moderate value,204,3,668.97,539,35,0.0,179.64,False,0.5609864950180053
15439,0,Declining / Moderate value,221,4,1269.05,470,49,0.0,209.04,True,0.5110155582427979
14460,0,Declining / Moderate value,127,7,689.16,541,23,0.0,170.09,False,0.3706023216247558
15441,0,Declining / Moderate value,213,3,1254.21,547,45,0.0,343.11,True,0.5355163812637329
15422,0,Declining / Moderate value,140,7,1619.97,487,80,0.0,456.73,True,0.3538887739181519
15443,0,Declining / Moderate value,137,8,2376.73,459,249,0.0,669.15,False,0.2211886674165725
14454,0,Declining / Moderate value,193,5,977.3,550,93,0.0,266.5,True,0.431981360912323
15446,0,Declining / Moderate value,193,3,403.95,543,89,0.0,105.93,True,0.5439133286476135
14452,0,Declining / Moderate value,212,2,401.15,338,62,0.0,175.22,False,0.6407037734985351
15447,0,Declining / Moderate value,147,5,492.88,442,27,0.0,161.57,True,0.4771506547927856
14450,0,Declining / Moderate value,60,6,914.64,427,37,0.1185,293.94,False,0.3642070949077606
15448,0,Declining / Moderate value,129,2,788.81,491,49,0.0,252.75,True,0.6008865237236023
15456,0,Declining / Moderate value,100,10,2119.27,548,128,0.0,585.54,True,0.190279571712017
15464,0,Declining / Moderate value,155,1,1048.85,155,155,0.0,574.05,True,0.5815932035446167
14455,0,Declining / Moderate value,249,4,628.21,312,65,0.0,103.35,True,0.5402782797813416
15420,0,Declining / Moderate value,251,6,743.0,551,52,0.0,167.46,True,0.5355163812637329
15418,0,Declining / Moderate value,242,2,452.32,403,64,0.0,137.23,True,0.6482030630111695
14478,0,Declining / Moderate value,199,4,1276.66,555,59,0.0,325.7,True,0.4331237733364105
14508,0,Declining / Moderate value,193,3,598.52,357,100,0.0,183.89,False,0.5609864950180053
14506,0,Declining / Moderate value,100,4,1845.36,416,133,0.0,635.7,False,0.3685436367988586
15377,0,Declining / Moderate value,199,4,1211.75,232,15,0.0,434.61,True,0.5060705184936524
15380,0,Declining / Moderate value,182,7,2018.9,555,6,0.0,504.83,False,0.3623119235038757
14499,0,Declining / Moderate value,95,5,1449.67,286,119,0.0,607.44,False,0.2328669041395187
15384,0,Declining / Moderate value,176,3,1688.95,409,77,0.0,644.95,False,0.3825483202934265
14497,0,Declining / Moderate value,126,2,697.06,490,40,0.0,243.81,True,0.6008865237236023
14496,0,Declining / Moderate value,128,7,2668.23,450,64,0.0,688.3,True,0.2897193640470504
15389,0,Declining / Moderate value,217,4,2233.8,498,2,0.0,474.99,False,0.4284809172153473
14493,0,Declining / Moderate value,207,5,2746.91,458,204,0.0,737.72,False,0.2965662062168121
14492,0,Declining / Moderate value,247,7,1921.91,436,70,0.0,308.54,True,0.4797847986221313
15390,0,Declining / Moderate value,213,2,1216.66,226,77,0.0,256.12,True,0.5196419596672058
14490,0,Declining / Moderate value,223,2,1273.47,245,72,0.0,508.22,True,0.518360710144043
15392,0,Declining / Moderate value,177,4,1715.07,248,54,0.0,607.14,False,0.3256571114063263
15393,0,Declining / Moderate value,98,4,783.58,541,35,0.0,212.11,False,0.4771506547927856
14484,0,Declining / Moderate value,218,3,749.06,539,37,0.0,116.6,False,0.5355163812637329
15406,0,Declining / Moderate value,118,3,717.45,270,101,0.0,210.23,False,0.4771506547927856
14481,0,Declining / Moderate value,104,4,1977.84,494,106,0.0,591.71,False,0.3538887739181519
14480,0,Declining / Moderate value,219,3,1020.47,535,43,0.0,262.26,False,0.5439133286476135
15466,0,Declining / Moderate value,206,3,1236.48,553,172,0.0,178.68,False,0.4771506547927856
14443,0,Declining / Moderate value,127,3,1574.67,196,72,0.0,694.33,False,0.3458887755870819
15471,0,Declining / Moderate value,197,2,847.08,367,67,0.0,351.47,False,0.5708974480628968
15476,0,Declining / Moderate value,197,4,2209.98,259,67,0.0,708.61,True,0.3965087175369263
14396,0,Declining / Moderate value,188,6,1744.29,554,167,0.0,383.34,False,0.3852571845054626
15532,0,Declining / Moderate value,175,7,2535.57,366,296,0.0,698.18,False,0.2535876214504242
15538,0,Declining / Moderate value,354,6,3358.4,480,3,0.0,151.53,True,0.4771506547927856
15542,0,Declining / Moderate value,329,3,918.45,554,212,0.0,156.03,True,0.6105547189712525
15549,0,Declining / Moderate value,133,6,1594.8,514,94,0.0,442.14,False,0.3462697267532348
15550,0,Declining / Moderate value,118,9,1781.07,553,141,0.0,503.54,False,0.2771067470312118
15551,0,Declining / Moderate value,211,6,1274.02,367,95,0.0,392.79,False,0.4284809172153473
14379,0,Declining / Moderate value,112,3,1031.79,297,75,0.0,437.49,False,0.3763166069984436
15562,0,Declining / Moderate value,168,3,673.38,543,32,0.0,119.26,True,0.4969404697418212
14372,0,Declining / Moderate value,260,2,860.08,416,36,0.0,143.68,True,0.6189089059829712
15569,0,Declining / Moderate value,149,6,2499.14,466,108,0.0,787.69,False,0.2328669041395187
14370,0,Declining / Moderate value,267,6,1175.78,493,37,0.0,249.87,True,0.5355163812637329
15571,0,Declining / Moderate value,203,10,3401.2,550,410,0.0,791.83,False,0.2685382694005966
14365,0,Declining / Moderate value,211,2,634.68,498,50,0.0,152.83,True,0.6079378128051758
15574,0,Declining / Moderate value,175,5,1406.6,281,186,0.0,600.54,False,0.2771067470312118
15579,0,Declining / Moderate value,130,4,1153.5,249,125,0.0,295.46,False,0.3965087175369263
15580,0,Declining / Moderate value,193,8,1381.19,487,150,0.0,353.52,True,0.3626023232936859
14355,0,Declining / Moderate value,182,3,1014.45,444,57,0.0,308.07,True,0.4771506547927856
15584,0,Declining / Moderate value,216,2,552.39,487,93,0.0,99.66,False,0.6151273608207702
14398,0,Declining / Moderate value,218,2,707.79,344,50,0.0,164.33,True,0.5989432215690613
15587,0,Declining / Moderate value,168,4,953.28,308,3,0.0,375.75,False,0.4531506597995758
14399,0,Declining / Moderate value,211,8,2113.16,491,119,0.0,410.18,True,0.3195067346096039
14401,0,Declining / Moderate value,132,11,3296.54,542,79,0.0,768.09,False,0.1906689256429672
14440,0,Declining / Moderate value,133,10,5466.76,554,55,0.0,1328.37,False,0.193242534995079
15480,0,Declining / Moderate value,286,2,2686.75,493,161,0.0,844.85,False,0.5355163812637329
15481,0,Declining / Moderate value,218,1,1993.34,218,38,0.0,854.49,True,0.5609864950180053
14437,0,Declining / Moderate value,182,5,958.84,400,34,0.0,228.62,True,0.4331237733364105
14431,0,Declining / Moderate value,119,4,2614.2,504,72,0.0,767.52,True,0.3685436367988586
14430,0,Declining / Moderate value,328,3,1220.9,424,29,0.0,261.6,True,0.6189089059829712
15484,0,Declining / Moderate value,357,2,1061.69,551,53,0.0,148.89,False,0.6047326803207398
15485,0,Declining / Moderate value,153,6,4475.14,555,56,0.0,1139.26,False,0.2771067470312118
14427,0,Declining / Moderate value,311,2,900.18,448,27,0.0,143.49,False,0.6609565734863281
14425,0,Declining / Moderate value,251,3,661.39,554,35,0.0,153.85,True,0.5944783568382264
15494,0,Declining / Moderate value,295,3,2480.82,546,219,0.0,515.21,False,0.4531506597995758
14420,0,Declining / Moderate value,213,3,1251.65,508,58,0.0,323.98,False,0.4771506547927856
15503,0,Declining / Moderate value,179,2,267.15,543,112,0.0,71.57,True,0.6189089059829712
15504,0,Declining / Moderate value,337,3,359.77,482,32,0.0,67.18,False,0.6189089059829712
14413,0,Declining / Moderate value,179,3,427.57,506,92,0.0,122.26,True,0.5355163812637329
15506,0,Declining / Moderate value,198,3,1060.77,294,82,0.0,447.24,False,0.4071724593639373
15512,0,Declining / Moderate value,176,3,311.78,493,28,0.0,112.32,False,0.565748393535614
14409,0,Declining / Moderate value,135,6,2362.74,384,52,0.0,753.6,False,0.2328669041395187
15525,0,Declining / Moderate value,190,2,783.71,199,66,0.0,470.59,False,0.4933562397956848
14400,0,Declining / Moderate value,225,2,1157.77,448,47,0.0,260.48,False,0.5555531859397889
13384,0,Declining / Moderate value,207,4,2528.9,317,81,0.0,622.71,False,0.3825040340423584
14877,0,Declining / Moderate value,235,2,437.0,459,57,0.0,119.76,True,0.6678120851516723
13382,0,Declining / Moderate value,97,5,1387.58,548,74,0.0,378.25,True,0.3852571845054626
12870,0,Declining / Moderate value,192,3,1676.95,441,85,0.0,625.7,True,0.4062379777431488
17545,0,Declining / Moderate value,207,3,802.58,394,112,0.0,267.16,False,0.5319321513175964
17547,0,Declining / Moderate value,192,2,727.85,482,22,0.0,164.91,True,0.6151273608207702
12866,0,Declining / Moderate value,100,3,1092.35,319,57,0.0,458.97,True,0.4284809172153473
12865,0,Declining / Moderate value,195,2,1755.24,293,93,0.0,492.36,False,0.4284809172153473
12863,0,Declining / Moderate value,196,5,2271.35,406,23,0.0,594.78,False,0.3968571484088897
12862,0,Declining / Moderate value,242,2,1008.32,312,119,0.0,299.99,True,0.6105547189712525
17552,0,Declining / Moderate value,189,10,2453.4,444,64,0.0,623.94,False,0.2535876214504242
17553,0,Declining / Moderate value,289,3,2270.0,427,2,0.0,517.78,False,0.5219449400901794
17555,0,Declining / Moderate value,151,4,769.93,403,174,0.0,266.74,False,0.4168778657913208
12855,0,Declining / Moderate value,189,4,650.94,219,65,0.0,140.11,True,0.4771506547927856
17561,0,Declining / Moderate value,207,3,554.72,550,129,0.0,133.12,False,0.5245869994163513
17571,0,Declining / Moderate value,94,3,565.19,359,95,0.0,197.55,False,0.4331237733364105
17572,0,Declining / Moderate value,55,8,648.46,541,14,0.1255,190.84,False,0.3458887755870819
17580,0,Declining / Moderate value,69,5,542.32,239,77,0.088,255.93,True,0.3177474617958069
17544,0,Declining / Moderate value,207,3,960.69,207,80,0.0,428.01,True,0.5245869994163513
16862,0,Declining / Moderate value,364,4,662.33,518,34,0.0,100.15,True,0.603021764755249
12873,0,Declining / Moderate value,99,3,2027.3,498,33,0.0,627.89,True,0.4208928406238555
12874,0,Declining / Moderate value,202,2,873.42,371,43,0.0,250.72,True,0.6008865237236023
12917,0,Declining / Moderate value,217,5,3765.2,547,44,0.0,715.19,False,0.348597639799118
17465,0,Declining / Moderate value,242,7,2542.79,553,103,0.0,563.23,True,0.411163580417633
12915,0,Declining / Moderate value,189,3,1010.75,406,40,0.0,366.14,False,0.4771506547927856
17476,0,Declining / Moderate value,212,2,489.86,554,29,0.0,105.39,True,0.6493314027786254
12908,0,Declining / Moderate value,129,4,1344.0,447,1,0.0,417.72,False,0.375367534160614
17478,0,Declining / Moderate value,225,2,1272.8,450,40,0.0,292.61,True,0.6047326803207398
17482,0,Declining / Moderate value,304,2,778.19,395,50,0.0,253.56,True,0.6629733800888061
12842,0,Declining / Moderate value,125,3,1109.73,554,27,0.0,266.38,False,0.496658444404602
17490,0,Declining / Moderate value,205,2,658.18,386,37,0.0,181.15,False,0.5933535695075989
17499,0,Declining / Moderate value,106,2,1341.39,378,66,0.0,395.5,True,0.4771506547927856
17518,0,Declining / Moderate value,242,2,329.42,438,71,0.0,95.08,True,0.6527320265769958
17525,0,Declining / Moderate value,176,3,1161.9,245,19,0.0,426.57,True,0.4331237733364105
17526,0,Declining / Moderate value,107,11,3842.94,539,61,0.0,947.94,False,0.1720462992787361
12880,0,Declining / Moderate value,198,2,640.13,391,32,0.0,179.67,True,0.6151273608207702
17534,0,Declining / Moderate value,268,4,1445.47,469,69,0.0,297.73,False,0.4871299505233765
12875,0,Declining / Moderate value,179,4,1307.52,514,2,0.0,353.26,False,0.4531506597995758
17496,0,Declining / Moderate value,175,4,1412.89,511,54,0.0,375.63,True,0.4531506597995758
17464,0,Declining / Moderate value,339,2,710.98,436,28,0.0,168.03,False,0.6514967203140258
17584,0,Declining / Moderate value,284,4,4067.12,500,73,0.0,1064.9,False,0.4531506597995758
12835,0,Declining / Moderate value,244,41,6043.31,553,138,0.0,0.01,True,0.4062379777431488
17651,0,Declining / Moderate value,315,6,1758.52,343,84,0.0,37.5,False,0.4797847986221313
17666,0,Declining / Moderate value,294,3,1319.64,344,17,0.0,288.11,False,0.5145997881889344
17672,0,Declining / Moderate value,126,5,3663.41,458,127,0.0,926.1,False,0.2328669041395187
17676,0,Declining / Moderate value,183,5,1678.86,436,57,0.0,477.99,False,0.2965662062168121
12765,0,Declining / Moderate value,289,6,1299.58,458,48,0.0,184.0,True,0.5232261896133423
12764,0,Declining / Moderate value,133,1,1693.88,133,45,0.0,1026.45,True,0.5355163812637329
17679,0,Declining / Moderate value,338,5,1585.5,553,41,0.0,276.87,False,0.4933562397956848
17683,0,Declining / Moderate value,202,3,819.01,371,41,0.0,150.6,True,0.4771506547927856
17691,0,Declining / Moderate value,175,4,780.05,363,37,0.0,271.5,True,0.4531506597995758
17694,0,Declining / Moderate value,328,2,1412.85,379,45,0.0,343.72,False,0.5609864950180053
17695,0,Declining / Moderate value,211,3,980.7,497,20,0.0,263.13,False,0.4807348847389221
17709,0,Declining / Moderate value,287,4,533.56,420,31,0.0,79.53,False,0.6105547189712525
17713,0,Declining / Moderate value,199,4,1198.09,365,55,0.0,372.42,True,0.4531506597995758
17714,0,Declining / Moderate value,137,5,1410.18,330,69,0.0,501.7,True,0.3458887755870819
12739,0,Declining / Moderate value,211,1,1445.69,211,49,0.0,635.01,False,0.6157037734985351
12784,0,Declining / Moderate value,346,1,1034.33,346,71,0.0,308.01,False,0.6657749533653259
12785,0,Declining / Moderate value,181,3,904.4,548,41,0.0,219.27,True,0.4969404697418212
17642,0,Declining / Moderate value,246,3,1112.2,551,58,0.0,290.56,False,0.5042856216430665
17640,0,Declining / Moderate value,196,5,2547.28,443,47,0.0,727.05,False,0.3283659756183624
17593,0,Declining / Moderate value,169,7,4831.36,552,163,0.0,1171.49,False,0.2307572156190872
12826,0,Declining / Moderate value,133,8,2178.13,538,82,0.0,527.68,False,0.2328669041395187
12820,0,Declining / Moderate value,143,8,1917.64,551,91,0.0,526.81,False,0.2328669041395187
17608,0,Declining / Moderate value,266,2,305.11,424,90,0.0,76.12,False,0.6478933215141296
17609,0,Declining / Moderate value,119,8,1312.27,426,230,0.0,369.16,False,0.3382697284221649
17610,0,Declining / Moderate value,357,5,1529.49,550,114,0.0,187.66,True,0.5219449400901794
12813,0,Declining / Moderate value,318,3,1621.8,510,36,0.0,450.73,True,0.5042856216430665
12838,0,Declining / Moderate value,190,9,3106.14,409,177,0.0,642.64,False,0.2360118597745895
12810,0,Declining / Moderate value,351,2,534.99,493,32,0.0,157.38,True,0.6657952785491943
17621,0,Declining / Moderate value,129,5,2697.0,248,52,0.0,772.97,False,0.2771067470312118
17623,0,Declining / Moderate value,226,6,1856.62,542,108,0.0,462.17,False,0.4284809172153473
12800,0,Declining / Moderate value,287,2,500.25,493,30,0.0,73.9,True,0.6678120851516723
12793,0,Declining / Moderate value,151,3,849.33,218,33,0.0,380.94,True,0.4138260543346405
17635,0,Declining / Moderate value,241,3,1265.58,407,60,0.0,303.12,True,0.5319321513175964
12791,0,Declining / Moderate value,190,5,834.43,441,15,0.0,253.15,True,0.4797847986221313
17639,0,Declining / Moderate value,93,6,615.17,300,59,0.0,250.19,True,0.4037745654582977
12805,0,Declining / Moderate value,198,4,1230.95,491,43,0.0,355.34,True,0.4797847986221313
17726,0,Declining / Moderate value,212,7,1092.06,499,52,0.0,270.68,True,0.4797847986221313
12926,0,Declining / Moderate value,228,4,1548.08,542,201,0.0,373.54,True,0.4557848036289215
12932,0,Declining / Moderate value,356,8,1698.56,484,69,0.0,31.23,True,0.4771506547927856
17311,0,Declining / Moderate value,133,5,2738.17,491,93,0.0,795.27,False,0.2328669041395187
13049,0,Declining / Moderate value,135,3,905.34,218,12,0.0,469.09,False,0.4331237733364105
17321,0,Declining / Moderate value,211,4,1040.32,394,159,0.0,281.54,False,0.4331237733364105
17322,0,Declining / Moderate value,193,5,922.59,553,115,0.0,252.18,True,0.4472618937492371
17324,0,Declining / Moderate value,148,10,2013.87,538,85,0.0,559.96,False,0.2074827849864959
17325,0,Declining / Moderate value,97,3,609.57,458,39,0.0,226.33,True,0.4907220959663391
13041,0,Declining / Moderate value,267,4,799.13,406,23,0.0,167.84,True,0.5281712293624878
17329,0,Declining / Moderate value,132,4,724.68,553,73,0.0,167.93,False,0.4771506547927856
17332,0,Declining / Moderate value,345,5,827.77,473,81,0.0,67.03,True,0.5281712293624878
17335,0,Declining / Moderate value,200,2,508.0,501,34,0.0,173.57,True,0.6281152606010437
13032,0,Declining / Moderate value,209,7,1833.37,277,110,0.0,461.32,False,0.3669159591197967
13031,0,Declining / Moderate value,224,5,3419.27,371,275,0.0,755.84,True,0.3669159591197967
13029,0,Declining / Moderate value,170,3,1062.3,340,6,0.0,373.82,False,0.5110155582427979
17341,0,Declining / Moderate value,183,3,1622.07,357,180,0.0,640.25,False,0.4284809172153473
17342,0,Declining / Moderate value,196,4,1227.54,486,31,0.0,330.28,True,0.5319321513175964
13057,0,Declining / Moderate value,347,3,722.09,448,34,0.0,102.51,True,0.6157037734985351
17308,0,Declining / Moderate value,210,2,4511.76,269,5,0.0,457.19,True,0.4557848036289215
17307,0,Declining / Moderate value,212,11,3999.89,506,22,0.0,607.26,True,0.3167978703975677
17298,0,Declining / Moderate value,191,3,443.24,458,37,0.0,137.26,False,0.5281712293624878
17244,0,Declining / Moderate value,200,4,871.14,550,85,0.0,274.95,False,0.4980672478675842
17251,0,Declining / Moderate value,179,3,812.43,541,65,0.0,189.72,True,0.5319321513175964
13085,0,Declining / Moderate value,112,7,2295.3,555,46,0.0,563.01,False,0.3091788232326508
17255,0,Declining / Moderate value,116,3,613.18,263,131,0.0,159.73,False,0.4331237733364105
17256,0,Declining / Moderate value,129,4,386.83,417,18,0.0,113.42,False,0.4933562397956848
17258,0,Declining / Moderate value,213,2,417.3,482,46,0.0,70.55,True,0.6547488331794739
17259,0,Declining / Moderate value,185,5,1667.61,472,159,0.0,504.17,False,0.3458887755870819
17343,0,Declining / Moderate value,172,6,1259.94,553,61,0.0,324.12,True,0.4168778657913208
17270,0,Declining / Moderate value,286,2,604.4,549,45,0.0,95.07,True,0.6617794275283814
17282,0,Declining / Moderate value,116,3,1378.1,365,167,0.0,535.03,False,0.3522744119167328
13074,0,Declining / Moderate value,328,4,1378.74,540,26,0.0,272.29,True,0.5355163812637329
17289,0,Declining / Moderate value,193,6,1134.98,458,130,0.0,353.92,False,0.4272350072860718
17290,0,Declining / Moderate value,198,6,915.72,543,95,0.0,269.67,False,0.421520721912384
17293,0,Declining / Moderate value,125,10,2368.47,553,91,0.0,658.61,False,0.2036129057407379
13065,0,Declining / Moderate value,190,5,1260.91,364,49,0.0,409.2,True,0.4331237733364105
13064,0,Declining / Moderate value,144,3,764.55,408,21,0.0,250.24,False,0.4797847986221313
17281,0,Declining / Moderate value,191,6,797.85,490,2,0.0,219.39,True,0.4771506547927856
17456,0,Declining / Moderate value,182,2,1225.42,273,59,0.0,369.7,True,0.5051007628440857
17348,0,Declining / Moderate value,114,5,1464.94,456,205,0.0,403.24,False,0.3256571114063263
17349,0,Declining / Moderate value,197,4,741.5,448,66,0.0,231.28,False,0.4531506597995758
12972,0,Declining / Moderate value,230,4,1161.2,478,69,0.0,240.51,True,0.4890872836112976
12970,0,Declining / Moderate value,139,8,1095.47,552,180,0.0,286.27,False,0.3678934574127197
12967,0,Declining / Moderate value,175,3,4306.92,200,47,0.0,1659.23,True,0.306197652220726
17411,0,Declining / Moderate value,78,3,932.02,553,46,0.3064,223.85,False,0.4907220959663391
12963,0,Declining / Moderate value,182,5,2110.76,336,74,0.0,554.4,False,0.3195067346096039
12960,0,Declining / Moderate value,230,4,1322.07,478,49,0.0,314.61,True,0.4531506597995758
12958,0,Declining / Moderate value,217,2,539.49,400,45,0.0,212.02,True,0.6478933215141296
12956,0,Declining / Moderate value,123,4,521.89,541,42,0.0,166.24,True,0.5319321513175964
17420,0,Declining / Moderate value,190,4,616.45,218,24,0.0,206.07,False,0.5196419596672058
17421,0,Declining / Moderate value,203,3,1059.41,552,46,0.0,334.46,True,0.5016514778137207
17430,0,Declining / Moderate value,182,3,582.01,296,24,0.0,205.99,False,0.50070139169693
12945,0,Declining / Moderate value,105,2,900.11,473,47,0.0,246.48,True,0.5933535695075989
17432,0,Declining / Moderate value,202,7,1385.63,553,174,0.0,372.1,False,0.4168778657913208
17448,0,Declining / Moderate value,346,41,14481.97,462,568,0.0,1.02,True,0.4284809172153473
12933,0,Declining / Moderate value,100,6,1190.25,546,159,0.0,346.5,False,0.411163580417633
12975,0,Declining / Moderate value,253,6,2100.09,550,92,0.0,465.86,True,0.4531506597995758
12977,0,Declining / Moderate value,318,3,478.39,328,45,0.0,100.01,False,0.6537670254707336
12978,0,Declining / Moderate value,202,5,2502.82,546,126,0.0,481.55,True,0.3672969102859497
17396,0,Declining / Moderate value,188,7,1873.8,258,11,0.0,185.55,False,0.4138260543346405
17350,0,Declining / Moderate value,211,3,619.97,493,64,0.0,111.25,False,0.4907220959663391
17351,0,Declining / Moderate value,90,10,1575.83,546,29,0.0,447.93,False,0.3091788232326508
17353,0,Declining / Moderate value,308,2,1502.0,441,6,0.0,536.54,False,0.5822765588760376
17354,0,Declining / Moderate value,245,3,1750.4,245,73,0.0,686.63,False,0.5319321513175964
17356,0,Declining / Moderate value,128,5,946.47,505,73,0.0,228.71,True,0.3852571845054626
17358,0,Declining / Moderate value,120,5,866.05,470,126,0.0,282.02,True,0.4168778657913208
13008,0,Declining / Moderate value,140,3,612.13,540,31,0.0,162.39,True,0.5429331600666046
13019,0,Declining / Moderate value,196,6,1229.95,550,46,0.0,288.88,True,0.4771506547927856
17366,0,Declining / Moderate value,249,2,1096.24,273,120,0.0,345.53,True,0.57538400888443
17371,0,Declining / Moderate value,178,4,332.29,548,61,0.0,68.85,False,0.5245869994163513
12998,0,Declining / Moderate value,309,3,920.08,470,58,0.0,209.01,True,0.5451408505439759
17373,0,Declining / Moderate value,129,4,665.83,466,44,0.0,200.15,False,0.4531506597995758
17376,0,Declining / Moderate value,128,3,356.29,339,37,0.0,122.94,False,0.4933562397956848
17382,0,Declining / Moderate value,252,7,836.88,386,14,0.0,108.1,False,0.5355163812637329
17392,0,Declining / Moderate value,123,3,620.56,267,65,0.0,297.91,True,0.4771506547927856
12986,0,Declining / Moderate value,245,10,2729.84,504,61,0.0,548.45,True,0.40034921169281
13000,0,Declining / Moderate value,76,3,956.18,542,56,0.2685,178.8,False,0.4933562397956848
17242,0,Declining / Moderate value,273,3,1754.24,501,27,0.0,467.6,False,0.4833690285682678
17728,0,Declining / Moderate value,221,2,1362.75,270,79,0.0,248.21,False,0.540329098701477
17734,0,Declining / Moderate value,50,4,854.67,459,49,0.1322,222.04,False,0.4284809172153473
18056,0,Declining / Moderate value,105,2,554.6,435,28,0.0,208.92,True,0.6260984539985657
12484,0,Declining / Moderate value,153,6,2646.1,498,182,0.0,695.31,False,0.2535876214504242
18057,0,Declining / Moderate value,210,3,1182.39,507,120,0.0,338.16,True,0.4771506547927856
18060,0,Declining / Moderate value,225,2,1185.46,381,74,0.0,412.53,True,0.5609864950180053
18066,0,Declining / Moderate value,203,2,1122.4,232,35,0.0,268.4,False,0.540329098701477
18074,0,Declining / Moderate value,190,2,1509.04,322,37,0.0,646.3,True,0.5574022650718689
12469,0,Declining / Moderate value,339,2,3070.54,353,76,0.0,395.93,True,0.5609864950180053
18085,0,Declining / Moderate value,147,4,1645.75,445,42,0.0,557.48,True,0.4284809172153473
18093,0,Declining / Moderate value,114,6,3463.71,435,36,0.0,1197.16,False,0.2211886674165725
12458,0,Declining / Moderate value,101,3,1077.01,304,57,0.0,446.54,False,0.3820308923721313
18095,0,Declining / Moderate value,129,5,2303.09,416,37,0.0,522.89,True,0.2771067470312118
18096,0,Declining / Moderate value,259,3,874.42,330,153,0.0,234.9,False,0.5355163812637329
12454,0,Declining / Moderate value,212,3,12931.44,238,8,0.0,3406.01,False,0.4138260543346405
18101,0,Declining / Moderate value,191,3,405.51,491,62,0.0,119.42,False,0.5695945501327515
18106,0,Declining / Moderate value,146,6,1461.46,510,126,0.0,419.38,True,0.3844852745532989
18049,0,Declining / Moderate value,254,2,556.1,407,81,0.0,154.05,True,0.6189089059829712
18039,0,Declining / Moderate value,191,4,579.17,457,137,0.0,175.46,True,0.4797847986221313
18037,0,Declining / Moderate value,42,14,158.22,555,30,0.1344,44.77,False,0.3733015954494476
12497,0,Declining / Moderate value,217,2,5043.4,461,29,0.0,2005.04,False,0.4797847986221313
12527,0,Declining / Moderate value,111,4,653.72,346,23,0.0,180.52,False,0.4654356777667999
12525,0,Declining / Moderate value,315,3,883.73,464,55,0.0,135.73,True,0.5899480104446411
17998,0,Declining / Moderate value,197,3,639.24,555,57,0.0,149.79,True,0.5486752271652222
17999,0,Declining / Moderate value,183,2,539.18,195,77,0.0,302.45,False,0.5355163812637329
18001,0,Declining / Moderate value,266,4,536.61,554,69,0.0,125.18,False,0.5402782797813416
18002,0,Declining / Moderate value,192,4,243.17,548,51,0.0,69.21,True,0.5803942561149598
18006,0,Declining / Moderate value,198,3,553.18,539,36,0.0,179.34,False,0.5536413431167603
18108,0,Declining / Moderate value,71,3,848.81,554,43,0.3193,137.2,True,0.4787441492080688
12516,0,Declining / Moderate value,247,2,1102.56,416,37,0.0,314.38,False,0.5732813477516174
12510,0,Declining / Moderate value,142,6,2821.51,552,92,0.0,780.18,False,0.2771067470312118
18011,0,Declining / Moderate value,190,2,527.03,384,63,0.0,126.57,True,0.6151273608207702
12507,0,Declining / Moderate value,115,2,817.41,401,39,0.0,221.36,False,0.5875641107559204
18022,0,Declining / Moderate value,202,4,983.05,363,202,0.0,324.15,False,0.4531506597995758
18025,0,Declining / Moderate value,196,6,1177.72,436,83,0.0,326.91,True,0.421520721912384
18026,0,Declining / Moderate value,317,2,2074.07,322,12,0.0,489.93,True,0.6157037734985351
12501,0,Declining / Moderate value,153,1,2025.39,153,148,0.0,1118.36,True,0.4531506597995758
12511,0,Declining / Moderate value,245,1,3084.02,245,190,0.0,1209.77,True,0.5609864950180053
17996,0,Declining / Moderate value,196,3,469.73,363,62,0.0,131.38,True,0.5882045149803161
12440,0,Declining / Moderate value,279,2,739.2,534,20,0.0,112.86,True,0.6657952785491943
18151,0,Declining / Moderate value,106,5,1538.64,462,78,0.0,374.04,False,0.3538887739181519
12379,0,Declining / Moderate value,239,2,692.98,351,36,0.0,219.17,False,0.6189089059829712
12377,0,Declining / Moderate value,132,4,3266.32,406,128,0.0,893.9,True,0.3336571097373962
12374,0,Declining / Moderate value,238,2,2046.29,405,46,0.0,357.55,False,0.5609864950180053
12373,0,Declining / Moderate value,128,3,927.65,490,35,0.0,236.63,True,0.4933562397956848
12371,0,Declining / Moderate value,226,3,1819.42,462,90,0.0,666.79,False,0.4797847986221313
12369,0,Declining / Moderate value,230,3,1511.15,458,89,0.0,479.62,True,0.4771506547927856
12361,0,Declining / Moderate value,104,4,451.25,499,17,0.0,137.55,True,0.4933562397956848
18247,0,Declining / Moderate value,231,3,839.73,448,28,0.0,265.78,True,0.5420620322227478
12358,0,Declining / Moderate value,192,3,2519.01,548,51,0.0,396.41,False,0.4284809172153473
12357,0,Declining / Moderate value,205,1,11229.99,205,164,0.0,5039.2,False,0.4871299505233765
18258,0,Declining / Moderate value,281,6,2059.67,389,30,0.0,200.97,True,0.4797847986221313
18259,0,Declining / Moderate value,183,5,2355.9,548,36,0.0,629.3,False,0.4092897891998291
18276,0,Declining / Moderate value,209,5,1320.66,546,69,0.0,338.79,False,0.3946349263191223
12349,0,Declining / Moderate value,224,2,2221.14,406,89,0.0,631.38,False,0.4671030640602112
18277,0,Declining / Moderate value,214,4,1069.67,311,48,0.0,353.52,False,0.4797847986221313
12385,0,Declining / Moderate value,196,1,1668.4,196,64,0.0,773.73,True,0.5867422580718994
12388,0,Declining / Moderate value,92,5,1886.7,399,52,0.0,618.28,False,0.2771067470312118
12389,0,Declining / Moderate value,219,3,1433.33,472,41,0.0,502.82,True,0.5196419596672058
12391,0,Declining / Moderate value,281,5,2312.53,479,159,0.0,479.57,False,0.4531506597995758
12424,0,Declining / Moderate value,239,2,1579.07,365,59,0.0,644.81,False,0.5365681767463684
12422,0,Declining / Moderate value,141,10,3194.29,538,111,0.0,901.07,False,0.1849092006683349
12418,0,Declining / Moderate value,230,3,1352.62,447,61,0.0,408.66,False,0.5355163812637329
18181,0,Declining / Moderate value,217,4,823.14,552,119,0.0,171.26,False,0.5109485030174256
18188,0,Declining / Moderate value,107,4,1706.15,440,65,0.0,585.7,False,0.3538887739181519
12412,0,Declining / Moderate value,219,3,1262.05,356,49,0.0,290.33,False,0.4331237733364105
12410,0,Declining / Moderate value,125,3,773.71,319,35,0.0,382.72,True,0.4933562397956848
18141,0,Declining / Moderate value,218,2,882.47,406,38,0.0,237.93,True,0.6047326803207398
12409,0,Declining / Moderate value,237,4,12346.62,382,125,0.0,1948.48,False,0.4407424449920654
18194,0,Declining / Moderate value,255,5,3188.2,497,16,0.0,726.25,False,0.4331237733364105
18196,0,Declining / Moderate value,107,3,1224.04,449,159,0.0,416.61,False,0.4255356967449188
12402,0,Declining / Moderate value,140,6,1136.9,487,42,0.0,333.09,True,0.402223002910614
18203,0,Declining / Moderate value,198,3,334.0,548,29,0.0,84.91,False,0.5622493982315063
18212,0,Declining / Moderate value,143,2,546.72,494,40,0.0,128.52,True,0.6260984539985657
18214,0,Declining / Moderate value,347,4,1780.34,371,38,0.0,56.54,True,0.5245869994163513
18215,0,Declining / Moderate value,254,4,1948.15,440,49,0.0,381.8,False,0.4531506597995758
18193,0,Declining / Moderate value,197,2,963.59,259,50,0.0,206.77,False,0.5297557353973389
17732,0,Declining / Moderate value,189,8,2470.39,304,90,0.0,439.79,True,0.2757559448480606
17988,0,Declining / Moderate value,143,7,349.56,549,91,0.0,59.7,False,0.4557848036289215
17978,0,Declining / Moderate value,182,4,1461.76,548,62,0.0,447.24,True,0.4331237733364105
17801,0,Declining / Moderate value,268,3,798.33,508,66,0.0,141.42,True,0.4969404697418212
17802,0,Declining / Moderate value,189,8,3868.28,543,246,0.0,957.17,False,0.2328669041395187
17804,0,Declining / Moderate value,193,3,385.23,555,82,0.0,96.92,True,0.5365681767463684
17807,0,Declining / Moderate value,212,3,437.87,521,88,0.0,95.94,True,0.5536413431167603
17812,0,Declining / Moderate value,185,4,651.28,347,79,0.0,244.88,False,0.4771506547927856
17814,0,Declining / Moderate value,192,2,1617.32,239,112,0.0,608.31,True,0.4531506597995758
17817,0,Declining / Moderate value,94,5,689.87,239,97,0.0,391.93,False,0.3849091291427612
17822,0,Declining / Moderate value,237,5,2179.65,377,151,0.0,607.01,True,0.4331237733364105
17823,0,Declining / Moderate value,238,2,494.25,238,88,0.0,198.24,True,0.6319721579551697
17829,0,Declining / Moderate value,115,5,4756.74,472,121,0.0,1282.14,True,0.2563860297203064
12653,0,Declining / Moderate value,113,2,2730.08,343,55,0.0,529.85,False,0.4284809172153473
12652,0,Declining / Moderate value,148,2,891.03,251,50,0.0,648.6,True,0.5609864950180053
12651,0,Declining / Moderate value,151,4,377.75,282,30,0.0,152.39,True,0.4907220959663391
17834,0,Declining / Moderate value,231,2,730.47,262,54,0.0,201.83,True,0.5790708065032959
12648,0,Declining / Moderate value,254,3,738.95,518,31,0.0,194.25,False,0.5829280972480774
17797,0,Declining / Moderate value,212,5,1205.44,541,131,0.0,306.97,False,0.4331237733364105
17796,0,Declining / Moderate value,130,6,1286.09,238,147,0.0,561.4,False,0.3256571114063263
17789,0,Declining / Moderate value,98,2,397.15,478,27,0.0,122.6,True,0.6547488331794739
17787,0,Declining / Moderate value,121,3,2452.45,188,87,0.0,774.24,False,0.3256571114063263
12725,0,Declining / Moderate value,188,3,2278.56,401,91,0.0,580.17,True,0.4092897891998291
12724,0,Declining / Moderate value,149,4,1297.01,352,68,0.0,370.68,False,0.3458887755870819
17740,0,Declining / Moderate value,206,6,426.9,514,5,0.0,112.42,True,0.5355163812637329
17742,0,Declining / Moderate value,149,10,2045.94,555,52,0.0,510.32,False,0.2973384112119674
17746,0,Declining / Moderate value,57,4,904.18,427,32,0.1219,239.46,True,0.4208928406238555
17753,0,Declining / Moderate value,281,4,390.56,519,63,0.0,127.4,True,0.6189089059829712
17756,0,Declining / Moderate value,192,3,733.7,211,54,0.0,263.46,True,0.4771506547927856
12644,0,Declining / Moderate value,247,3,1422.58,511,75,0.0,275.79,False,0.5355163812637329
17759,0,Declining / Moderate value,210,2,441.92,400,41,0.0,178.66,False,0.6260984539985657
12696,0,Declining / Moderate value,251,2,731.91,325,42,0.0,265.17,True,0.6359686732292176
12695,0,Declining / Moderate value,27,4,878.27,482,30,0.1016,155.8,False,0.4284809172153473
17768,0,Declining / Moderate value,204,4,1236.33,554,69,0.0,297.75,False,0.4531506597995758
17771,0,Declining / Moderate value,140,3,257.4,406,36,0.0,118.82,False,0.526804518699646
17773,0,Declining / Moderate value,331,2,585.27,507,48,0.0,92.18,True,0.6678120851516723
12687,0,Declining / Moderate value,297,1,1858.91,297,125,0.0,626.77,True,0.5715378522872925
17776,0,Declining / Moderate value,203,2,337.3,540,73,0.0,59.68,True,0.6321677565574646
17760,0,Declining / Moderate value,190,5,803.88,466,44,0.0,248.83,False,0.4531506597995758
17984,0,Declining / Moderate value,209,4,1035.09,555,164,0.0,262.28,False,0.4531506597995758
12635,0,Declining / Moderate value,209,2,1115.23,273,76,0.0,315.13,False,0.50070139169693
12632,0,Declining / Moderate value,337,2,714.88,381,31,0.0,155.41,True,0.6319721579551697
17905,0,Declining / Moderate value,169,11,1966.93,497,122,0.0,483.66,False,0.2535876214504242
17908,0,Declining / Moderate value,190,5,1411.54,542,178,0.0,319.96,True,0.3889206409454345
17912,0,Declining / Moderate value,127,6,372.55,192,47,0.0,178.16,True,0.4712618887424469
12578,0,Declining / Moderate value,147,3,3036.6,260,108,0.0,1341.51,False,0.2676178812980652
12577,0,Declining / Moderate value,176,6,1191.84,553,195,0.0,327.96,False,0.4035755038261414
17913,0,Declining / Moderate value,172,13,3281.89,553,212,0.0,701.91,False,0.1952795714139938
17929,0,Declining / Moderate value,71,10,2674.1,547,5,0.0893,712.87,False,0.1636287912726402
17935,0,Declining / Moderate value,217,5,540.35,552,33,0.0,142.49,False,0.5319321513175964
17950,0,Declining / Moderate value,182,6,1213.78,521,110,0.0,354.54,False,0.411163580417633
17951,0,Declining / Moderate value,175,3,1037.04,221,15,0.0,411.32,False,0.4138260543346405
17952,0,Declining / Moderate value,195,4,819.61,358,85,0.0,273.39,True,0.50070139169693
17963,0,Declining / Moderate value,288,4,651.51,506,98,0.0,142.07,True,0.5829169631004334
17968,0,Declining / Moderate value,190,4,888.04,329,106,0.0,334.54,True,0.4557848036289215
17969,0,Declining / Moderate value,178,19,2266.94,550,108,0.0,180.66,False,0.3091788232326508
17977,0,Declining / Moderate value,217,1,1277.49,217,83,0.0,549.51,False,0.5609864950180053
17897,0,Declining / Moderate value,184,8,2406.17,393,174,0.0,681.9,False,0.2730470806360244
17894,0,Declining / Moderate value,102,16,2201.0,286,186,0.0,588.88,False,0.1952795714139938
12586,0,Declining / Moderate value,191,3,1865.73,540,76,0.0,530.31,False,0.4571237683296204
12588,0,Declining / Moderate value,216,2,543.88,414,26,0.0,165.6,False,0.6079378128051758
12631,0,Declining / Moderate value,273,5,2841.07,510,105,0.0,640.95,False,0.4115120112895966
12629,0,Declining / Moderate value,202,2,1198.22,240,39,0.0,441.38,True,0.5448554754257202
17852,0,Declining / Moderate value,205,3,548.87,548,62,0.0,168.8,False,0.5609864950180053
17853,0,Declining / Moderate value,224,3,1608.19,553,84,0.0,362.58,True,0.5319321513175964
12623,0,Declining / Moderate value,93,7,3315.84,513,111,0.0,642.46,True,0.193242534995079
17860,0,Declining / Moderate value,185,4,1015.54,545,127,0.0,279.79,True,0.4531506597995758
12615,0,Declining / Moderate value,230,4,3269.79,448,146,0.0,850.36,False,0.4035755038261414
17851,0,Declining / Moderate value,239,6,1563.34,553,185,0.0,333.23,True,0.4557848036289215
17862,0,Declining / Moderate value,140,4,1279.09,380,90,0.0,513.34,True,0.4284809172153473
12605,0,Declining / Moderate value,193,3,1124.95,275,62,0.0,481.31,True,0.4138260543346405
17866,0,Declining / Moderate value,301,2,805.3,542,15,0.0,278.81,False,0.6260984539985657
17876,0,Declining / Moderate value,216,3,3424.02,492,3,0.0,1018.44,True,0.4284809172153473
17878,0,Declining / Moderate value,212,2,1032.88,212,56,0.0,452.09,False,0.5439133286476135
17880,0,Declining / Moderate value,181,3,824.92,547,43,0.0,241.3,True,0.5355163812637329
12591,0,Declining / Moderate value,134,3,1128.15,225,62,0.0,383.6,True,0.4225921511650085
12589,0,Declining / Moderate value,238,4,2720.23,506,98,0.0,761.28,False,0.4331237733364105
17864,0,Declining / Moderate value,92,3,535.23,244,57,0.0,237.59,False,0.4571237683296204
17241,0,Declining / Moderate value,202,12,2744.14,479,116,0.0,365.45,True,0.3167978703975677
17540,0,Declining / Moderate value,133,5,1280.5,416,35,0.0,390.81,False,0.3706023216247558
17132,0,Declining / Moderate value,269,2,1272.8,305,62,0.0,316.16,True,0.5609864950180053
16934,0,Declining / Moderate value,200,4,1160.06,438,77,0.0,298.35,False,0.4557848036289215
16935,0,Declining / Moderate value,198,3,535.1,238,55,0.0,136.02,True,0.5281712293624878
17137,0,Declining / Moderate value,233,6,1133.63,494,125,0.0,226.47,True,0.4797847986221313
17135,0,Declining / Moderate value,106,5,1309.18,396,84,0.0,494.01,False,0.2771067470312118
17027,0,Declining / Moderate value,100,6,880.7,546,86,0.0,242.19,False,0.4115120112895966
17127,0,Declining / Moderate value,245,5,1155.03,552,27,0.0,291.89,True,0.5362750649452209
16939,0,Declining / Moderate value,305,3,449.0,466,38,0.0,97.33,True,0.6189089059829712
17126,0,Declining / Moderate value,116,6,1573.46,282,220,0.0,658.93,False,0.2328669041395187
13187,0,Declining / Moderate value,154,4,348.01,441,50,0.0,133.44,True,0.5914096474647522
13173,0,Declining / Moderate value,184,10,2441.64,546,146,0.0,562.53,False,0.2328669041395187
13190,0,Declining / Moderate value,361,3,570.66,549,16,0.0,123.43,True,0.6189089059829712
16946,0,Declining / Moderate value,200,5,1222.04,464,69,0.0,194.23,True,0.4531506597995758
17101,0,Declining / Moderate value,211,3,885.32,367,28,0.0,333.74,False,0.5355163812637329
17097,0,Declining / Moderate value,141,3,673.67,247,97,0.0,308.19,False,0.4138260543346405
16948,0,Declining / Moderate value,78,6,674.29,473,17,0.2535,210.87,False,0.3217793554067611
16950,0,Declining / Moderate value,184,8,2769.81,501,83,0.0,676.15,False,0.215291142463684
16952,0,Declining / Moderate value,258,3,631.17,545,61,0.0,134.13,False,0.5862612128257751
13201,0,Declining / Moderate value,319,4,1240.61,459,65,0.0,219.48,True,0.5355163812637329
13202,0,Declining / Moderate value,211,7,1580.3,547,55,0.0,341.49,True,0.4378260493278503
17095,0,Declining / Moderate value,116,6,1792.05,541,83,0.0,482.99,False,0.306197652220726
17123,0,Declining / Moderate value,256,2,621.37,389,30,0.0,226.26,False,0.6189089059829712
17141,0,Declining / Moderate value,235,4,754.33,501,138,0.0,167.31,True,0.5431120157241821
16926,0,Declining / Moderate value,188,5,1421.35,343,63,0.0,385.96,True,0.4138260543346405
17143,0,Declining / Moderate value,234,2,924.11,332,82,0.0,162.53,True,0.6157037734985351
13145,0,Declining / Moderate value,189,4,1100.0,416,2,0.0,400.3,False,0.5110155582427979
17159,0,Declining / Moderate value,294,2,560.71,462,27,0.0,143.3,False,0.6678120851516723
13344,0,Declining / Moderate value,94,1,1656.15,94,68,0.0,1239.51,False,0.4557848036289215
13151,0,Declining / Moderate value,112,3,2570.24,444,130,0.0,697.96,True,0.4208928406238555
13152,0,Declining / Moderate value,234,7,2146.38,511,114,0.0,408.98,True,0.4270131111145019
16915,0,Declining / Moderate value,65,7,1088.29,386,35,0.1034,342.28,False,0.2965662062168121
13154,0,Declining / Moderate value,216,3,1624.84,552,78,0.0,458.23,True,0.4771506547927856
16916,0,Declining / Moderate value,189,3,739.32,232,99,0.0,330.64,False,0.4331237733364105
16917,0,Declining / Moderate value,93,2,1857.83,449,45,0.0,219.57,True,0.4844958066940307
13338,0,Declining / Moderate value,358,3,1908.6,520,100,0.0,329.72,False,0.5219449400901794
13155,0,Declining / Moderate value,143,4,1347.62,308,68,0.0,576.4,False,0.3458887755870819
13337,0,Declining / Moderate value,363,1,1575.26,363,87,0.0,450.83,True,0.5990371108055115
13156,0,Declining / Moderate value,202,3,1586.54,493,94,0.0,311.54,True,0.4771506547927856
16918,0,Declining / Moderate value,134,11,2420.25,553,235,0.0,633.64,False,0.2036129057407379
17157,0,Declining / Moderate value,297,17,4832.9,552,69,0.0,8.7,False,0.4208928406238555
13333,0,Declining / Moderate value,228,3,1015.74,475,54,0.0,335.02,True,0.5355163812637329
17155,0,Declining / Moderate value,344,5,640.76,553,31,0.0,93.02,False,0.5413058400154114
17150,0,Declining / Moderate value,193,6,1375.65,550,64,0.0,367.22,True,0.4325327217578888
13329,0,Declining / Moderate value,183,7,4628.17,552,60,0.0,1340.06,False,0.2965662062168121
13166,0,Declining / Moderate value,100,2,884.18,231,55,0.0,387.11,True,0.5283558607101441
17145,0,Declining / Moderate value,329,4,3120.91,475,168,0.0,689.9,True,0.4557848036289215
13304,0,Declining / Moderate value,168,4,1217.99,486,59,0.0,337.95,True,0.4531506597995758
16961,0,Declining / Moderate value,205,2,560.39,349,38,0.0,249.73,False,0.6189089059829712
17084,0,Declining / Moderate value,213,1,2253.22,213,132,0.0,982.78,False,0.518360710144043
16972,0,Declining / Moderate value,199,2,786.25,273,54,0.0,350.67,True,0.5971997261047364
16991,0,Declining / Moderate value,238,1,1041.21,238,74,0.0,417.63,True,0.6157037734985351
13233,0,Declining / Moderate value,153,3,875.58,511,49,0.0,231.96,False,0.4771506547927856
16993,0,Declining / Moderate value,280,2,1950.95,393,19,0.0,626.08,True,0.6260984539985657
17003,0,Declining / Moderate value,219,4,830.16,395,90,0.0,303.74,True,0.4797847986221313
17006,0,Declining / Moderate value,209,4,854.54,461,77,0.0,247.9,False,0.5047373056411744
17048,0,Declining / Moderate value,99,6,1906.73,507,83,0.0,583.94,False,0.2328669041395187
17018,0,Declining / Moderate value,142,5,1772.6,551,18,0.0,461.22,False,0.4284809172153473
17020,0,Declining / Moderate value,359,2,935.62,463,64,0.0,252.42,True,0.6319721579551697
17239,0,Declining / Moderate value,129,4,1189.45,343,18,0.0,437.46,True,0.4284809172153473
17046,0,Declining / Moderate value,261,4,1264.05,437,57,0.0,350.26,False,0.5269871115684509
13259,0,Declining / Moderate value,214,8,1137.31,515,180,0.0,289.95,False,0.4284809172153473
17021,0,Declining / Moderate value,259,6,1182.22,406,35,0.0,157.65,True,0.5355163812637329
17043,0,Declining / Moderate value,83,5,1055.97,547,97,0.1653,228.69,False,0.3678934574127197
17023,0,Declining / Moderate value,234,3,800.18,514,48,0.0,244.69,True,0.565748393535614
17041,0,Declining / Moderate value,177,4,909.21,417,58,0.0,312.67,False,0.4331237733364105
17035,0,Declining / Moderate value,62,4,613.59,553,29,0.2836,197.57,True,0.4771506547927856
13255,0,Declining / Moderate value,190,2,730.65,329,19,0.0,298.22,False,0.5766869068145752
17025,0,Declining / Moderate value,190,4,1313.84,458,28,0.0,196.77,False,0.4531506597995758
17034,0,Declining / Moderate value,104,3,680.2,330,31,0.0,278.49,False,0.4424689054489136
13249,0,Declining / Moderate value,78,7,1189.36,501,2,0.2454,385.28,False,0.2771067470312118
13253,0,Declining / Moderate value,156,3,2397.19,520,55,0.0,549.03,False,0.4208928406238555
17062,0,Declining / Moderate value,130,6,1198.14,256,81,0.0,493.68,True,0.3458887755870819
16913,0,Declining / Moderate value,107,3,423.91,468,18,0.0,65.54,True,0.6260984539985657
17063,0,Declining / Moderate value,106,8,2496.76,555,111,0.0,691.02,False,0.1799092009663581
16986,0,Declining / Moderate value,262,9,3015.55,490,64,0.0,137.23,False,0.3565976381301879
13300,0,Declining / Moderate value,205,2,913.62,391,29,0.0,346.1,False,0.6119222283363343
13299,0,Declining / Moderate value,85,3,1218.7,345,56,0.1169,484.53,True,0.4208928406238555
13297,0,Declining / Moderate value,202,3,2278.77,359,58,0.0,770.64,False,0.411163580417633
13296,0,Declining / Moderate value,240,5,705.11,394,46,0.0,168.79,False,0.5232261896133423
13211,0,Declining / Moderate value,178,8,1642.6,550,75,0.0,410.32,False,0.3256571114063263
13295,0,Declining / Moderate value,176,4,1101.97,393,56,0.0,338.19,True,0.4531506597995758
17083,0,Declining / Moderate value,112,8,3640.03,485,29,0.0,1046.83,False,0.1720462992787361
16975,0,Declining / Moderate value,240,3,926.12,322,44,0.0,260.65,True,0.5281712293624878
13214,0,Declining / Moderate value,234,7,3264.23,463,207,0.0,372.81,True,0.4138260543346405
13293,0,Declining / Moderate value,209,6,1192.94,485,51,0.0,291.27,True,0.4797847986221313
17082,0,Declining / Moderate value,135,5,3365.12,541,74,0.0,849.28,False,0.2328669041395187
13292,0,Declining / Moderate value,101,4,665.14,343,41,0.0,235.07,False,0.4168778657913208
17081,0,Declining / Moderate value,212,4,674.23,472,121,0.0,203.51,False,0.4531506597995758
13291,0,Declining / Moderate value,231,10,2959.73,483,134,0.0,355.27,False,0.2965662062168121
13288,0,Declining / Moderate value,260,5,927.61,483,7,0.0,158.44,True,0.5355163812637329
17080,0,Declining / Moderate value,86,6,746.23,343,19,0.1023,223.82,False,0.3968571484088897
17076,0,Declining / Moderate value,90,5,735.87,552,27,0.0,223.94,False,0.4284809172153473
16977,0,Declining / Moderate value,212,4,496.0,448,25,0.0,150.52,True,0.5439133286476135
16979,0,Declining / Moderate value,114,4,1354.89,267,41,0.0,626.95,False,0.359688663482666
13280,0,Declining / Moderate value,133,6,2207.13,461,157,0.0,648.72,False,0.2535876214504242
13278,0,Declining / Moderate value,216,3,882.62,427,47,0.0,254.77,False,0.4771506547927856
13276,0,Declining / Moderate value,214,3,1348.33,459,184,0.0,387.44,False,0.4531506597995758
17163,0,Declining / Moderate value,262,2,406.68,492,24,0.0,127.77,False,0.6616988778114319
17031,0,Declining / Moderate value,195,4,2393.5,398,22,0.0,219.87,False,0.383523815870285
13371,0,Declining / Moderate value,322,2,2297.66,449,75,0.0,495.46,True,0.5609864950180053
13140,0,Declining / Moderate value,183,3,951.47,308,68,0.0,375.36,False,0.4331237733364105
17203,0,Declining / Moderate value,205,4,2012.03,205,84,0.0,902.85,False,0.4168778657913208
17201,0,Declining / Moderate value,340,3,888.91,484,118,0.0,124.65,False,0.5609864950180053
16888,0,Declining / Moderate value,217,3,437.15,518,44,0.0,91.85,True,0.5914102673530579
17223,0,Declining / Moderate value,127,3,803.53,192,61,0.0,501.11,True,0.4302558600902557
16875,0,Declining / Moderate value,113,9,2944.09,520,115,0.0,751.88,False,0.1720462992787361
17194,0,Declining / Moderate value,177,2,776.66,347,56,0.0,150.75,True,0.5708974480628968
17167,0,Declining / Moderate value,196,3,867.11,262,64,0.0,320.7,True,0.4771506547927856
13361,0,Declining / Moderate value,289,2,1450.5,434,29,0.0,307.98,True,0.6260984539985657
17213,0,Declining / Moderate value,133,9,3338.02,541,91,0.0,905.54,False,0.193242534995079
17222,0,Declining / Moderate value,294,5,1234.96,515,70,0.0,250.29,False,0.5219449400901794
17171,0,Declining / Moderate value,106,2,384.59,478,25,0.0,121.77,True,0.6547488331794739
16894,0,Declining / Moderate value,319,3,1324.06,352,186,0.0,12.03,True,0.5393625378608704
13104,0,Declining / Moderate value,84,5,824.34,470,5,0.1358,279.61,False,0.3903233408927917
17172,0,Declining / Moderate value,247,2,638.81,543,24,0.0,136.49,False,0.6079378128051758
17200,0,Declining / Moderate value,204,4,356.71,469,25,0.0,101.47,True,0.6113759517669678
13377,0,Declining / Moderate value,213,2,1452.88,462,70,0.0,350.55,True,0.5635876297950745
16887,0,Declining / Moderate value,217,2,465.84,555,65,0.0,112.17,False,0.6260984539985657
16891,0,Declining / Moderate value,188,7,1479.38,552,245,0.0,332.34,False,0.391142863035202
13360,0,Declining / Moderate value,248,4,1503.65,517,57,0.0,258.84,True,0.5355163812637329
17198,0,Declining / Moderate value,182,2,1043.32,188,73,0.0,392.3,False,0.5245869994163513
17193,0,Declining / Moderate value,203,2,610.74,554,12,0.0,253.35,False,0.6079378128051758
16903,0,Declining / Moderate value,197,2,689.04,232,107,0.0,187.09,False,0.5355163812637329
13108,0,Declining / Moderate value,189,2,1098.52,252,27,0.0,522.49,True,0.4933562397956848
16898,0,Declining / Moderate value,185,3,623.64,393,110,0.0,203.85,False,0.4871299505233765
16895,0,Declining / Moderate value,255,4,902.28,482,82,0.0,246.21,False,0.5355163812637329
13107,0,Declining / Moderate value,150,6,4288.29,490,113,0.0,1246.05,False,0.2321733444929123
17165,0,Declining / Moderate value,101,6,1794.32,545,77,0.0,460.81,True,0.3538887739181519
17188,0,Declining / Moderate value,132,9,3543.14,548,106,0.0,952.17,False,0.1849092006683349
16868,0,Declining / Moderate value,211,3,393.39,410,47,0.0,95.75,True,0.5695945501327515
17235,0,Declining / Moderate value,189,7,1696.72,370,41,0.0,459.15,False,0.3809206426143646
17189,0,Declining / Moderate value,176,4,800.45,554,87,0.0,191.85,False,0.4531506597995758
17233,0,Declining / Moderate value,265,2,369.98,541,32,0.0,87.2,False,0.6547488331794739
17226,0,Declining / Moderate value,125,3,900.12,482,51,0.0,200.82,True,0.4771506547927856
13101,0,Declining / Moderate value,51,4,695.4,498,48,0.1455,204.69,True,0.4294610917568207
17873,1,"Champions (loyal, high value)",1,17,6114.46,540,63,0.1238,1724.66,False,0.0107932895421981
15367,1,"Champions (loyal, high value)",62,9,4619.92,546,191,0.141,1214.97,False,0.057122116535902
17869,1,"Champions (loyal, high value)",32,5,918.94,364,65,0.1052,369.87,False,0.2328669041395187
16700,1,"Champions (loyal, high value)",18,19,7039.39,554,229,0.2372,2002.9,False,0.007019704580307
16701,1,"Champions (loyal, high value)",6,19,6716.72,555,113,0.1453,1906.6,False,0.007019704580307
17867,1,"Champions (loyal, high value)",20,10,1006.9,554,61,0.5746,291.2,False,0.1661576837301254
18239,1,"Champions (loyal, high value)",35,6,2150.36,239,85,0.2991,1300.12,True,0.0895712472498417
17871,1,"Champions (loyal, high value)",21,5,1118.99,510,64,0.1393,321.52,True,0.3382697284221649
18179,1,"Champions (loyal, high value)",69,6,1857.54,480,70,0.2585,568.9,False,0.1352236025035381
18241,1,"Champions (loyal, high value)",34,5,1279.73,434,66,0.2859,442.35,False,0.2535876214504242
15358,1,"Champions (loyal, high value)",24,31,13066.28,549,307,0.0694,3794.32,False,0.007019704580307
17865,1,"Champions (loyal, high value)",21,33,20009.73,555,326,0.0915,5759.21,False,0.0107932895421981
15373,1,"Champions (loyal, high value)",27,11,2197.23,403,91,0.1328,844.29,False,0.0980560950934887
16686,1,"Champions (loyal, high value)",11,13,3237.66,550,355,0.1618,956.38,False,0.0218345195055007
17863,1,"Champions (loyal, high value)",71,9,3957.1,469,100,0.1216,1285.2,False,0.0520227447152137
15379,1,"Champions (loyal, high value)",3,7,4747.04,217,175,0.1092,2484.27,False,0.0334420386701822
16684,1,"Champions (loyal, high value)",22,40,105565.15,549,149,0.1446,31203.4,False,0.0107932895421981
15381,1,"Champions (loyal, high value)",30,5,1890.57,400,20,0.3157,685.12,True,0.1799092009663581
15382,1,"Champions (loyal, high value)",1,10,9904.96,552,243,0.1118,2663.65,False,0.0456254377961158
14913,1,"Champions (loyal, high value)",0,7,3762.85,302,161,0.0801,1674.54,False,0.0716002315282821
17861,1,"Champions (loyal, high value)",70,12,3484.87,546,224,0.062,963.56,False,0.0716002315282821
17858,1,"Champions (loyal, high value)",78,24,10261.79,550,106,0.0499,2745.24,False,0.0716002315282821
17857,1,"Champions (loyal, high value)",23,10,10587.04,458,12,0.6287,3699.97,False,0.0750931322574615
15370,1,"Champions (loyal, high value)",20,4,2480.9,227,77,0.1506,827.39,False,0.1194197319447994
15356,1,"Champions (loyal, high value)",35,8,1900.26,239,232,0.3063,1069.43,False,0.0523850634694099
16710,1,"Champions (loyal, high value)",24,18,5503.69,552,496,0.1799,1546.39,False,0.007019704580307
16883,1,"Champions (loyal, high value)",4,19,2396.59,552,159,0.062,695.23,True,0.1209090948104858
17920,1,"Champions (loyal, high value)",17,42,21862.15,550,477,0.031,6222.4,False,0.0456254377961158
15311,1,"Champions (loyal, high value)",2,161,89434.37,555,698,0.1878,25857.79,False,0.0107932895421981
17921,1,"Champions (loyal, high value)",83,7,1877.55,329,172,0.1494,820.63,False,0.2108182966709137
16889,1,"Champions (loyal, high value)",11,6,2530.9,382,163,0.4171,980.88,True,0.0716002315282821
18229,1,"Champions (loyal, high value)",1,17,6736.71,553,54,0.2727,1931.83,False,0.0155551943928003
17930,1,"Champions (loyal, high value)",56,9,2925.34,462,25,0.1335,972.88,False,0.057122116535902
15312,1,"Champions (loyal, high value)",32,10,2613.24,540,111,0.1217,727.72,False,0.0716002315282821
17931,1,"Champions (loyal, high value)",72,13,3326.13,478,265,0.0894,1027.02,False,0.09269325658679
16719,1,"Champions (loyal, high value)",52,11,3156.11,543,179,0.0715,876.2,False,0.0716002315282821
17940,1,"Champions (loyal, high value)",35,9,27831.48,553,9,0.0132,7387.79,False,0.0930560953915119
15299,1,"Champions (loyal, high value)",80,7,5919.54,513,6,0.1014,1829.36,False,0.193242534995079
17949,1,"Champions (loyal, high value)",6,87,61749.0,554,37,0.1047,17623.69,False,0.0271069191396236
15298,1,"Champions (loyal, high value)",4,16,6436.67,548,166,0.1405,1878.51,False,0.007019704580307
15296,1,"Champions (loyal, high value)",0,9,8747.56,504,325,0.1004,2629.61,False,0.0503624908626079
15301,1,"Champions (loyal, high value)",4,11,5309.0,267,181,0.396,2770.12,False,0.007019704580307
15353,1,"Champions (loyal, high value)",71,7,3175.95,554,274,0.1465,915.21,True,0.176491692662239
14936,1,"Champions (loyal, high value)",92,5,5850.15,400,186,0.0,2098.37,False,0.2036129057407379
16833,1,"Champions (loyal, high value)",76,5,1973.8,440,74,0.1833,700.58,False,0.2211886674165725
17884,1,"Champions (loyal, high value)",128,19,2953.28,552,286,0.0,733.58,False,0.193242534995079
18236,1,"Champions (loyal, high value)",3,8,1217.61,420,59,0.2501,411.9,False,0.1952795714139938
17886,1,"Champions (loyal, high value)",27,5,1105.03,406,91,0.3586,424.12,False,0.2535876214504242
17888,1,"Champions (loyal, high value)",29,20,1273.17,535,107,0.0445,375.69,False,0.2036129057407379
16705,1,"Champions (loyal, high value)",24,30,36088.55,547,349,0.0828,9969.32,False,0.0107932895421981
17889,1,"Champions (loyal, high value)",29,7,774.87,435,97,0.1317,316.65,True,0.3091788232326508
18230,1,"Champions (loyal, high value)",24,5,2735.16,342,42,0.2886,1237.53,False,0.0732668980956077
14920,1,"Champions (loyal, high value)",29,3,1607.17,382,90,0.6084,628.69,True,0.2826785266399383
17854,1,"Champions (loyal, high value)",2,6,1071.45,548,113,0.2905,320.47,True,0.2965662062168121
14930,1,"Champions (loyal, high value)",91,4,3977.9,423,166,0.0,1316.71,False,0.3256571114063263
16712,1,"Champions (loyal, high value)",29,6,1825.93,218,171,0.4565,906.01,False,0.0912379138171672
16713,1,"Champions (loyal, high value)",52,25,10249.19,541,410,0.0971,2883.39,False,0.0340737130492925
15321,1,"Champions (loyal, high value)",108,10,5120.89,491,206,0.0,1651.15,False,0.193242534995079
18231,1,"Champions (loyal, high value)",9,28,6875.07,515,217,0.2607,2103.54,True,0.0107932895421981
16709,1,"Champions (loyal, high value)",16,13,8042.18,547,199,0.1074,2112.1,False,0.0107932895421981
16983,1,"Champions (loyal, high value)",88,7,2401.31,263,92,0.1098,1229.62,False,0.1837476164102554
14911,1,"Champions (loyal, high value)",0,239,178794.23,555,2014,0.1317,51954.15,False,0.0107932895421981
16985,1,"Champions (loyal, high value)",28,19,8374.4,546,116,0.196,2396.26,False,0.0155551943928003
14896,1,"Champions (loyal, high value)",21,8,2092.42,550,150,0.1011,571.69,True,0.1636287912726402
15489,1,"Champions (loyal, high value)",28,6,1633.59,510,66,0.2132,499.91,False,0.2328669041395187
18272,1,"Champions (loyal, high value)",42,5,2287.94,462,94,0.4286,648.0,False,0.1512425333261489
18260,1,"Champions (loyal, high value)",22,22,9534.98,541,205,0.1498,2817.0,False,0.0107932895421981
14898,1,"Champions (loyal, high value)",57,12,2815.22,553,135,0.0664,761.46,False,0.0716002315282821
16611,1,"Champions (loyal, high value)",3,6,1785.13,456,86,0.0725,583.84,True,0.2211886674165725
17774,1,"Champions (loyal, high value)",66,7,2696.63,486,240,0.1391,764.32,False,0.112753065675497
17769,1,"Champions (loyal, high value)",95,9,3989.86,506,242,0.0,1218.72,False,0.1569621250033378
16612,1,"Champions (loyal, high value)",3,7,2766.67,553,96,0.155,727.74,False,0.1361583590507507
15482,1,"Champions (loyal, high value)",67,10,4975.04,554,43,0.1435,1480.17,False,0.1109348841011524
16619,1,"Champions (loyal, high value)",80,4,1938.33,472,103,0.1167,376.56,True,0.3435960412025451
17790,1,"Champions (loyal, high value)",15,15,1715.07,361,120,0.222,668.46,False,0.0750931322574615
17019,1,"Champions (loyal, high value)",78,10,3720.22,554,307,0.0984,1077.21,False,0.0734184131026268
17799,1,"Champions (loyal, high value)",59,16,4674.29,543,398,0.0808,1326.79,False,0.0340737130492925
18257,1,"Champions (loyal, high value)",23,7,2968.72,476,161,0.1204,955.03,False,0.0750850796699524
17017,1,"Champions (loyal, high value)",21,20,9910.17,553,104,0.1622,2923.34,False,0.0456254377961158
15483,1,"Champions (loyal, high value)",83,7,736.1,501,190,0.156,205.3,False,0.2965662062168121
18251,1,"Champions (loyal, high value)",262,8,21964.14,534,77,0.0,3879.02,False,0.4115120112895966
15493,1,"Champions (loyal, high value)",66,6,3255.94,471,233,0.2922,1047.04,False,0.1209090948104858
15497,1,"Champions (loyal, high value)",136,8,8365.79,538,65,0.0,2461.03,False,0.1849092006683349
17754,1,"Champions (loyal, high value)",77,9,3069.51,545,137,0.0861,879.27,False,0.0930560953915119
18283,1,"Champions (loyal, high value)",17,11,1174.87,475,239,0.1832,384.68,False,0.1770462989807129
15523,1,"Champions (loyal, high value)",205,15,16947.98,554,63,0.0,1949.59,False,0.2965662062168121
15521,1,"Champions (loyal, high value)",29,12,5763.67,520,176,0.2894,1727.14,False,0.0256081044673919
15518,1,"Champions (loyal, high value)",32,11,3264.06,536,213,0.1093,964.22,False,0.0520227447152137
15514,1,"Champions (loyal, high value)",42,13,5017.25,552,128,0.0768,1380.69,False,0.0456254377961158
17757,1,"Champions (loyal, high value)",8,41,6254.85,512,289,0.1855,1945.2,False,0.0155551943928003
16607,1,"Champions (loyal, high value)",24,18,4076.22,406,148,0.1507,1493.15,False,0.0107932895421981
15513,1,"Champions (loyal, high value)",16,28,19061.79,512,219,0.0976,5705.19,False,0.0107932895421981
16600,1,"Champions (loyal, high value)",70,9,1577.35,538,77,0.0708,403.43,False,0.2211886674165725
14895,1,"Champions (loyal, high value)",21,21,17900.61,546,341,0.0879,4935.11,False,0.0107932895421981
17764,1,"Champions (loyal, high value)",28,4,1066.79,553,76,0.2456,308.18,False,0.3706023216247558
15502,1,"Champions (loyal, high value)",92,6,6249.0,371,154,0.0,2084.19,False,0.2036129057407379
15498,1,"Champions (loyal, high value)",6,30,19866.03,540,502,0.1252,5032.91,False,0.0107932895421981
16859,1,"Champions (loyal, high value)",78,6,1444.44,462,57,0.1799,460.88,False,0.2535876214504242
16873,1,"Champions (loyal, high value)",14,9,10727.22,485,170,0.1003,3257.59,False,0.0107932895421981
17758,1,"Champions (loyal, high value)",25,7,2610.66,385,230,0.404,971.76,False,0.1109348841011524
16984,1,"Champions (loyal, high value)",221,7,6273.45,459,476,0.0,1130.6,False,0.3669159591197967
15465,1,"Champions (loyal, high value)",50,26,10464.49,546,89,0.2192,2955.71,False,0.0340737130492925
15452,1,"Champions (loyal, high value)",81,4,1507.63,328,148,0.164,340.8,False,0.2535876214504242
17838,1,"Champions (loyal, high value)",109,11,5631.3,447,111,0.0,1797.5,False,0.1720462992787361
17841,1,"Champions (loyal, high value)",0,137,42752.11,554,1788,0.1624,12355.11,False,0.0107932895421981
15421,1,"Champions (loyal, high value)",32,9,3594.34,549,170,0.1236,1067.03,False,0.0548153609037399
16838,1,"Champions (loyal, high value)",14,4,1159.61,480,53,0.1697,328.33,True,0.3966857552528381
17848,1,"Champions (loyal, high value)",66,25,3106.92,550,90,0.0562,848.11,False,0.0910202957689762
15416,1,"Champions (loyal, high value)",56,5,2862.93,493,123,0.3141,951.65,False,0.1849092006683349
17849,1,"Champions (loyal, high value)",35,8,1063.76,452,24,0.2451,335.97,True,0.2438300013542175
16656,1,"Champions (loyal, high value)",9,21,11764.85,552,21,0.1835,3438.16,False,0.0456254377961158
15410,1,"Champions (loyal, high value)",20,6,3035.77,416,71,0.5932,902.76,False,0.112753065675497
14944,1,"Champions (loyal, high value)",3,12,5616.45,477,133,0.1919,1616.92,False,0.0107932895421981
18242,1,"Champions (loyal, high value)",13,6,2066.8,514,68,0.3358,609.54,False,0.1320392280817031
15402,1,"Champions (loyal, high value)",13,5,1644.76,408,72,0.2681,467.32,False,0.1799092009663581
14912,1,"Champions (loyal, high value)",63,4,1464.52,407,36,0.3297,495.7,False,0.2535876214504242
15394,1,"Champions (loyal, high value)",21,9,4539.7,541,119,0.187,1369.56,False,0.1183212466537952
16670,1,"Champions (loyal, high value)",64,14,5882.47,546,201,0.0942,1581.69,False,0.0520227447152137
16676,1,"Champions (loyal, high value)",30,5,1868.28,235,90,0.3392,986.62,False,0.0895712472498417
17850,1,"Champions (loyal, high value)",189,155,56600.08,551,100,0.0,1025.59,True,0.2730470806360244
17002,1,"Champions (loyal, high value)",32,6,2071.34,458,48,0.232,733.95,False,0.1636287912726402
16987,1,"Champions (loyal, high value)",22,5,1101.95,554,119,0.1933,319.22,False,0.3458887755870819
15426,1,"Champions (loyal, high value)",74,6,1830.98,403,218,0.1374,618.96,False,0.2211886674165725
17809,1,"Champions (loyal, high value)",34,14,8576.18,554,32,0.092,2396.3,False,0.0456254377961158
17811,1,"Champions (loyal, high value)",4,26,5830.9,262,434,0.1937,3132.77,False,0.0107932895421981
17001,1,"Champions (loyal, high value)",24,13,4453.17,441,86,0.1563,1448.98,False,0.007019704580307
16843,1,"Champions (loyal, high value)",14,25,13216.76,546,181,0.1394,3794.35,False,0.007019704580307
16841,1,"Champions (loyal, high value)",2,9,3079.42,513,142,0.2032,937.42,False,0.0107932895421981
16634,1,"Champions (loyal, high value)",39,6,1814.61,504,72,0.0293,535.9,True,0.2535876214504242
17819,1,"Champions (loyal, high value)",11,10,5776.67,543,65,0.1788,1655.82,False,0.0155551943928003
16655,1,"Champions (loyal, high value)",2,9,3984.55,494,281,0.105,1274.77,False,0.0456254377961158
16992,1,"Champions (loyal, high value)",16,10,4533.34,483,184,0.055,1548.15,False,0.057122116535902
17827,1,"Champions (loyal, high value)",59,5,1976.4,438,191,0.1579,730.95,False,0.2036129057407379
16839,1,"Champions (loyal, high value)",2,24,12759.41,483,95,0.2935,4193.43,False,0.0107932895421981
14905,1,"Champions (loyal, high value)",50,7,1663.79,553,43,0.1855,450.63,False,0.2224965333938598
16652,1,"Champions (loyal, high value)",29,12,13831.04,449,108,0.106,4596.17,False,0.0144969932734966
15434,1,"Champions (loyal, high value)",17,7,1832.54,501,70,0.1675,544.27,False,0.193242534995079
18245,1,"Champions (loyal, high value)",28,17,5064.21,458,275,0.099,1709.63,False,0.0117816094309091
16654,1,"Champions (loyal, high value)",4,7,1647.45,429,61,0.1881,555.96,False,0.0980560950934887
16638,1,"Champions (loyal, high value)",74,11,1961.25,295,99,0.1295,910.93,False,0.1244902454316616
15291,1,"Champions (loyal, high value)",64,33,11812.85,553,102,0.0789,3131.63,False,0.0340737130492925
17965,1,"Champions (loyal, high value)",69,21,5944.69,542,476,0.0454,1663.08,False,0.0716002315282821
15288,1,"Champions (loyal, high value)",17,8,3191.76,482,113,0.4569,1035.83,False,0.0503624908626079
14988,1,"Champions (loyal, high value)",28,7,2066.6,419,171,0.1619,688.36,True,0.1268060944974422
15122,1,"Champions (loyal, high value)",21,10,3794.3,436,139,0.1406,1199.29,False,0.0456254377961158
15117,1,"Champions (loyal, high value)",32,4,1246.59,451,51,0.2506,404.45,False,0.340978592634201
18087,1,"Champions (loyal, high value)",107,16,13908.72,555,43,0.0,3869.16,False,0.1799092009663581
18092,1,"Champions (loyal, high value)",1,14,11781.22,552,33,0.1323,3287.78,False,0.030810622870922
15109,1,"Champions (loyal, high value)",62,3,983.1,552,46,0.4933,286.74,True,0.4571237683296204
16904,1,"Champions (loyal, high value)",42,11,2662.47,228,313,0.2463,1575.04,False,0.0456254377961158
16777,1,"Champions (loyal, high value)",74,4,1258.66,449,118,0.1408,437.07,False,0.403067672252655
18094,1,"Champions (loyal, high value)",35,9,5151.42,518,46,0.247,1436.22,False,0.045987756550312
16779,1,"Champions (loyal, high value)",0,42,26900.24,553,267,0.0656,7627.88,False,0.0107932895421981
15002,1,"Champions (loyal, high value)",113,8,4323.11,513,194,0.0,1176.18,False,0.1853796333074569
16782,1,"Champions (loyal, high value)",21,32,9506.81,547,565,0.0355,2791.15,False,0.0520227447152137
15095,1,"Champions (loyal, high value)",20,7,2541.54,504,89,0.3032,805.32,False,0.1282954573631286
15093,1,"Champions (loyal, high value)",23,21,13125.77,548,104,0.0605,3905.96,False,0.0456254377961158
18097,1,"Champions (loyal, high value)",22,8,3422.08,539,77,0.2336,1053.57,False,0.112753065675497
15123,1,"Champions (loyal, high value)",23,4,3526.33,450,113,0.3033,1286.01,False,0.193242534995079
16775,1,"Champions (loyal, high value)",22,9,2053.03,259,92,0.0559,1148.63,False,0.1062121242284774
15125,1,"Champions (loyal, high value)",24,13,12807.11,435,127,0.5708,3792.63,False,0.0523850634694099
18077,1,"Champions (loyal, high value)",43,11,2584.93,549,95,0.065,735.57,False,0.0913894288241863
14978,1,"Champions (loyal, high value)",52,9,2748.0,407,159,0.1437,1009.34,False,0.0930560953915119
15159,1,"Champions (loyal, high value)",1,18,9151.59,248,203,0.3254,4656.25,False,0.0107932895421981
18062,1,"Champions (loyal, high value)",37,5,1398.07,414,43,0.2261,422.25,False,0.2535876214504242
18064,1,"Champions (loyal, high value)",52,10,4089.03,493,48,0.0998,1262.66,False,0.0930560953915119
18065,1,"Champions (loyal, high value)",0,22,4865.95,547,162,0.1361,1408.73,False,0.0107932895421981
15152,1,"Champions (loyal, high value)",4,2,1274.24,518,70,0.5934,378.15,False,0.4025745213031769
16807,1,"Champions (loyal, high value)",32,5,1654.12,440,94,0.3941,566.27,False,0.1799092009663581
15005,1,"Champions (loyal, high value)",4,41,10738.75,555,493,0.1719,3075.54,False,0.0107932895421981
18198,1,"Champions (loyal, high value)",4,11,3500.79,153,48,0.7408,2753.96,False,0.0107932895421981
15144,1,"Champions (loyal, high value)",34,17,7274.89,543,121,0.181,2129.6,False,0.0107932895421981
18069,1,"Champions (loyal, high value)",52,8,3177.55,466,464,0.1233,1028.37,False,0.0520227447152137
18071,1,"Champions (loyal, high value)",74,6,1428.63,551,52,0.1358,402.23,True,0.3693560302257538
16923,1,"Champions (loyal, high value)",4,24,9963.24,494,309,0.1958,3122.43,False,0.0107932895421981
16919,1,"Champions (loyal, high value)",9,22,4584.81,294,215,0.3305,2274.0,False,0.0107932895421981
18075,1,"Champions (loyal, high value)",21,16,4442.26,315,139,0.0908,1859.56,False,0.0340737130492925
15129,1,"Champions (loyal, high value)",27,16,4533.16,427,68,0.1688,1605.0,False,0.007019704580307
15150,1,"Champions (loyal, high value)",3,5,5004.68,360,318,0.2634,1514.41,False,0.112753065675497
18102,1,"Champions (loyal, high value)",0,102,441293.98,555,310,0.1187,129170.62,False,0.0155551943928003
15081,1,"Champions (loyal, high value)",25,9,1708.97,352,65,0.0801,663.21,False,0.1365454584360122
15079,1,"Champions (loyal, high value)",29,11,3767.35,548,119,0.1026,966.32,True,0.0567597977817058
16788,1,"Champions (loyal, high value)",71,4,1648.34,487,291,0.1793,478.22,False,0.2826785266399383
18172,1,"Champions (loyal, high value)",28,39,13638.32,545,151,0.1277,4028.72,False,0.0107932895421981
16791,1,"Champions (loyal, high value)",30,12,2880.31,553,293,0.1114,796.3,False,0.0404710199683904
15023,1,"Champions (loyal, high value)",35,13,8202.5,491,385,0.1275,2549.68,False,0.0456254377961158
18173,1,"Champions (loyal, high value)",16,4,2318.36,429,31,0.3776,757.84,False,0.1849092006683349
15046,1,"Champions (loyal, high value)",11,18,4897.13,511,197,0.2223,1432.5,False,0.0107932895421981
15044,1,"Champions (loyal, high value)",24,26,12754.29,540,255,0.1009,3558.72,False,0.0155551943928003
18171,1,"Champions (loyal, high value)",55,6,1670.59,520,58,0.1342,470.8,False,0.2535876214504242
18177,1,"Champions (loyal, high value)",21,7,1589.1,541,57,0.4491,413.1,False,0.2108182966709137
15039,1,"Champions (loyal, high value)",1,73,34209.78,546,487,0.2123,10126.26,False,0.0107932895421981
15027,1,"Champions (loyal, high value)",36,8,2783.57,441,52,0.235,880.32,False,0.0523850634694099
18178,1,"Champions (loyal, high value)",36,10,5612.87,476,190,0.083,1808.84,False,0.0456254377961158
15038,1,"Champions (loyal, high value)",4,7,1121.82,242,176,0.3486,711.68,False,0.1268060944974422
15034,1,"Champions (loyal, high value)",49,11,6669.62,394,308,0.1487,2449.24,False,0.0144969932734966
15032,1,"Champions (loyal, high value)",73,8,13780.65,546,39,0.1588,3920.71,True,0.1282954573631286
15031,1,"Champions (loyal, high value)",99,11,2639.27,548,205,0.0,732.94,False,0.1799092009663581
16907,1,"Champions (loyal, high value)",51,7,1310.25,343,88,0.1155,577.39,False,0.1720462992787361
18061,1,"Champions (loyal, high value)",23,23,5560.18,552,26,0.0671,1572.92,False,0.0456254377961158
18170,1,"Champions (loyal, high value)",34,7,2201.9,517,50,0.1382,661.79,False,0.1848250269889831
15059,1,"Champions (loyal, high value)",32,14,2754.07,550,248,0.0723,760.02,False,0.0716002315282821
15078,1,"Champions (loyal, high value)",7,34,12192.93,552,98,0.1612,3532.22,False,0.0107932895421981
16905,1,"Champions (loyal, high value)",53,13,2783.15,546,105,0.2154,787.3,False,0.045987756550312
18109,1,"Champions (loyal, high value)",11,23,4325.42,343,183,0.2938,1850.79,False,0.0155551943928003
18190,1,"Champions (loyal, high value)",9,5,745.62,534,34,0.1516,195.32,True,0.3678934574127197
18116,1,"Champions (loyal, high value)",51,12,1987.14,228,303,0.2149,1070.54,False,0.0523850634694099
15073,1,"Champions (loyal, high value)",2,7,2606.57,498,109,0.3307,752.85,False,0.112753065675497
18118,1,"Champions (loyal, high value)",3,18,4596.54,198,346,0.4501,3125.93,False,0.0107932895421981
15058,1,"Champions (loyal, high value)",0,11,2296.35,470,163,0.2322,725.02,False,0.0174324771389365
16906,1,"Champions (loyal, high value)",3,6,1263.12,392,140,0.3127,419.24,False,0.2328669041395187
18144,1,"Champions (loyal, high value)",29,14,3774.9,540,49,0.2505,992.04,False,0.0303700093179941
15068,1,"Champions (loyal, high value)",73,3,863.45,438,139,0.2779,246.45,False,0.4150040745735168
18145,1,"Champions (loyal, high value)",21,9,3780.02,548,158,0.1097,1097.38,False,0.0520227447152137
18149,1,"Champions (loyal, high value)",32,6,1562.31,452,54,0.206,467.26,False,0.176962125301361
15062,1,"Champions (loyal, high value)",34,7,2411.8,427,95,0.1464,732.92,False,0.0916585557162761
18168,1,"Champions (loyal, high value)",21,15,3655.12,553,209,0.1123,1033.39,False,0.0340737130492925
15061,1,"Champions (loyal, high value)",1,109,114563.55,555,115,0.0677,32707.01,False,0.0107932895421981
15021,1,"Champions (loyal, high value)",35,6,1554.1,315,231,0.3085,688.5,False,0.0997227616608142
15164,1,"Champions (loyal, high value)",25,8,1594.05,507,223,0.1222,476.42,False,0.1770462989807129
16809,1,"Champions (loyal, high value)",25,6,1155.82,422,94,0.2968,372.65,False,0.2328669041395187
16928,1,"Champions (loyal, high value)",7,16,2272.49,491,121,0.3381,730.67,False,0.0523850634694099
17987,1,"Champions (loyal, high value)",2,5,1003.64,367,139,0.1978,390.59,True,0.2965662062168121
16726,1,"Champions (loyal, high value)",13,6,1501.58,228,117,0.1275,828.46,False,0.1365454584360122
17990,1,"Champions (loyal, high value)",53,6,1527.61,549,40,0.2061,392.93,True,0.3458887755870819
15252,1,"Champions (loyal, high value)",0,4,1663.18,428,82,0.1807,471.31,False,0.2328669041395187
14952,1,"Champions (loyal, high value)",23,28,13064.47,553,209,0.1034,3815.37,False,0.0107932895421981
15251,1,"Champions (loyal, high value)",27,12,13935.27,496,137,0.2939,4425.7,False,0.0340737130492925
17994,1,"Champions (loyal, high value)",6,10,2186.61,437,225,0.1046,619.94,False,0.057122116535902
16817,1,"Champions (loyal, high value)",2,11,2379.58,248,90,0.2818,1282.79,False,0.0155551943928003
15249,1,"Champions (loyal, high value)",13,10,5418.91,440,214,0.5243,1761.83,False,0.0456254377961158
14958,1,"Champions (loyal, high value)",2,5,850.54,553,46,0.4612,226.85,False,0.300605246424675
16945,1,"Champions (loyal, high value)",18,22,5976.34,547,195,0.1011,1739.5,False,0.007019704580307
15245,1,"Champions (loyal, high value)",4,7,3832.72,412,72,0.4534,1379.98,False,0.0340737130492925
16735,1,"Champions (loyal, high value)",56,11,5067.92,548,143,0.0863,1467.81,False,0.0555984780192375
15241,1,"Champions (loyal, high value)",0,7,2359.08,471,101,0.284,766.74,False,0.112753065675497
15240,1,"Champions (loyal, high value)",8,10,3798.79,551,108,0.1928,1017.07,False,0.007019704580307
18220,1,"Champions (loyal, high value)",43,6,1921.76,541,17,0.1589,555.45,True,0.2267044931650161
16729,1,"Champions (loyal, high value)",7,10,3125.5,58,116,1.0,3997.22,False,0.0256081044673919
16940,1,"Champions (loyal, high value)",106,6,4135.46,548,249,0.0,1116.55,False,0.2211886674165725
17975,1,"Champions (loyal, high value)",9,18,5317.84,307,153,0.2629,2587.45,False,0.0155551943928003
15260,1,"Champions (loyal, high value)",3,23,8647.94,550,176,0.0983,2550.16,False,0.0107932895421981
16960,1,"Champions (loyal, high value)",69,6,1735.96,464,300,0.115,487.67,False,0.2036129057407379
15281,1,"Champions (loyal, high value)",14,13,8138.83,244,414,0.1122,2651.77,False,0.007019704580307
16722,1,"Champions (loyal, high value)",0,15,6511.73,553,130,0.175,1881.55,False,0.007019704580307
17954,1,"Champions (loyal, high value)",1,15,3148.92,547,384,0.2568,874.46,False,0.007019704580307
17961,1,"Champions (loyal, high value)",0,82,2599.85,555,437,0.1095,765.34,False,0.0523850634694099
15271,1,"Champions (loyal, high value)",21,14,2938.08,308,274,0.1262,1163.57,False,0.0340737130492925
15270,1,"Champions (loyal, high value)",55,18,7459.12,539,65,0.0403,2156.92,False,0.112753065675497
17974,1,"Champions (loyal, high value)",36,4,1290.04,224,177,0.1339,786.26,False,0.241909384727478
18226,1,"Champions (loyal, high value)",2,21,9251.17,461,254,0.236,3118.43,False,0.007019704580307
17966,1,"Champions (loyal, high value)",1,7,1159.49,507,39,0.2445,282.14,False,0.2328669041395187
15265,1,"Champions (loyal, high value)",52,3,2551.76,555,146,0.2791,849.94,False,0.2826785266399383
16955,1,"Champions (loyal, high value)",1,6,1309.41,494,33,0.125,364.78,True,0.3598934590816497
16823,1,"Champions (loyal, high value)",44,7,2260.09,554,149,0.1586,662.05,True,0.1869975984096527
18225,1,"Champions (loyal, high value)",21,19,9213.21,552,217,0.1302,2761.62,False,0.0107932895421981
18223,1,"Champions (loyal, high value)",22,19,10273.79,552,159,0.1054,2735.8,False,0.0107932895421981
16954,1,"Champions (loyal, high value)",71,14,4938.28,507,81,0.1204,1438.88,False,0.0456254377961158
16912,1,"Champions (loyal, high value)",24,9,3070.59,547,95,0.1329,871.31,False,0.112753065675497
15290,1,"Champions (loyal, high value)",20,16,4585.63,470,62,0.2036,1509.0,False,0.007019704580307
15235,1,"Champions (loyal, high value)",34,16,2937.81,205,161,0.2677,1724.04,True,0.0293118081986904
15227,1,"Champions (loyal, high value)",32,7,2145.91,450,79,0.1173,695.95,False,0.1194197319447994
16767,1,"Champions (loyal, high value)",36,7,5137.91,407,144,0.1524,1807.93,False,0.0520227447152137
15192,1,"Champions (loyal, high value)",8,4,1675.06,496,56,0.2525,529.37,False,0.2535876214504242
18036,1,"Champions (loyal, high value)",62,9,1268.82,538,199,0.0873,387.06,False,0.2535876214504242
15189,1,"Champions (loyal, high value)",1,22,6829.2,326,55,0.5726,3130.18,False,0.0155551943928003
16768,1,"Champions (loyal, high value)",88,7,1413.28,549,88,0.1297,378.78,False,0.2965662062168121
16769,1,"Champions (loyal, high value)",77,4,1141.75,542,76,0.3332,288.52,True,0.423115062713623
16933,1,"Champions (loyal, high value)",56,8,2842.75,547,193,0.0791,728.5,False,0.1569621250033378
16814,1,"Champions (loyal, high value)",9,27,10153.57,424,223,0.2022,3492.67,False,0.0107932895421981
18041,1,"Champions (loyal, high value)",0,31,7305.0,511,346,0.141,2170.73,False,0.007019704580307
15182,1,"Champions (loyal, high value)",85,10,2746.58,473,74,0.1349,801.51,False,0.112753065675497
16770,1,"Champions (loyal, high value)",53,8,1818.51,291,174,0.0687,878.44,False,0.0913894288241863
15179,1,"Champions (loyal, high value)",50,11,6740.09,553,190,0.0251,1830.84,False,0.0716002315282821
18055,1,"Champions (loyal, high value)",20,10,7773.91,230,227,0.1246,4114.13,False,0.0456254377961158
14970,1,"Champions (loyal, high value)",69,10,4109.54,480,56,0.1082,1309.29,False,0.0895712472498417
16771,1,"Champions (loyal, high value)",92,8,3348.24,547,261,0.0,982.21,False,0.1720462992787361
16931,1,"Champions (loyal, high value)",11,11,2532.51,214,277,0.4031,1565.36,False,0.0117816094309091
18044,1,"Champions (loyal, high value)",15,14,2300.22,377,103,0.3203,955.46,False,0.0303700093179941
14961,1,"Champions (loyal, high value)",49,18,12545.13,552,266,0.0858,3456.78,False,0.0192588981240987
16756,1,"Champions (loyal, high value)",31,7,1312.37,457,64,0.1824,395.8,True,0.2535876214504242
18219,1,"Champions (loyal, high value)",31,12,2405.43,549,71,0.1779,697.35,False,0.0523850634694099
16743,1,"Champions (loyal, high value)",28,10,3076.92,413,85,0.088,1107.03,False,0.057122116535902
15223,1,"Champions (loyal, high value)",42,5,1417.95,551,26,0.533,400.96,True,0.2730470806360244
16745,1,"Champions (loyal, high value)",0,10,4123.04,128,126,0.5694,3789.09,False,0.0107932895421981
16746,1,"Champions (loyal, high value)",11,32,14256.22,552,313,0.1141,4134.19,False,0.0107932895421981
18008,1,"Champions (loyal, high value)",20,21,19736.35,519,75,0.098,6251.04,False,0.0107932895421981
15218,1,"Champions (loyal, high value)",34,14,7501.94,499,112,0.1567,2365.28,False,0.0144969932734966
18009,1,"Champions (loyal, high value)",52,8,2155.83,469,145,0.1194,701.24,True,0.176962125301361
15194,1,"Champions (loyal, high value)",15,22,8472.34,553,203,0.1354,2441.75,False,0.007019704580307
16748,1,"Champions (loyal, high value)",34,12,3031.63,546,48,0.0991,910.4,False,0.057122116535902
15203,1,"Champions (loyal, high value)",15,11,3265.28,548,126,0.1473,945.8,False,0.0456254377961158
15199,1,"Champions (loyal, high value)",52,8,2510.85,392,17,0.1211,931.75,False,0.0997227616608142
16754,1,"Champions (loyal, high value)",189,29,67502.47,458,38,0.0,1139.39,True,0.2771067470312118
16755,1,"Champions (loyal, high value)",43,6,2312.22,547,175,0.2562,691.44,False,0.1282954573631286
15197,1,"Champions (loyal, high value)",69,5,1571.15,545,35,0.138,491.05,False,0.3538887739181519
16938,1,"Champions (loyal, high value)",125,6,4574.4,477,429,0.0,1312.73,False,0.2036129057407379
18016,1,"Champions (loyal, high value)",3,5,965.66,498,79,0.1698,285.54,False,0.3538887739181519
14963,1,"Champions (loyal, high value)",0,8,1970.88,342,215,0.1493,868.55,False,0.112753065675497
16283,1,"Champions (loyal, high value)",25,4,3110.82,466,312,0.0893,910.68,False,0.2328669041395187
17047,1,"Champions (loyal, high value)",22,5,1937.76,548,98,0.3868,572.38,False,0.1849092006683349
15527,1,"Champions (loyal, high value)",36,18,4045.05,541,150,0.079,1160.34,False,0.057122116535902
16395,1,"Champions (loyal, high value)",140,11,2500.66,550,353,0.0,660.11,False,0.2328669041395187
16401,1,"Champions (loyal, high value)",27,16,4411.02,372,86,0.2258,1843.99,False,0.0117816094309091
16045,1,"Champions (loyal, high value)",62,6,2955.48,315,103,0.0666,1056.3,False,0.1365454584360122
16043,1,"Champions (loyal, high value)",28,7,1759.09,298,48,0.2096,669.27,False,0.0895712472498417
17412,1,"Champions (loyal, high value)",13,13,3869.28,554,143,0.0312,1048.66,False,0.0587887831032276
16040,1,"Champions (loyal, high value)",85,5,1525.78,426,69,0.2769,476.53,False,0.2535876214504242
16037,1,"Champions (loyal, high value)",86,5,1509.34,465,62,0.1667,444.99,True,0.3742579221725464
17414,1,"Champions (loyal, high value)",1,5,2069.52,553,6,0.289,618.14,False,0.1965874373912811
16393,1,"Champions (loyal, high value)",2,16,3488.29,555,279,0.1339,947.25,False,0.0340737130492925
16407,1,"Champions (loyal, high value)",11,9,1489.46,249,71,0.1708,738.92,False,0.0913894288241863
16033,1,"Champions (loyal, high value)",17,18,5297.4,302,328,0.2605,2508.19,False,0.0107932895421981
16409,1,"Champions (loyal, high value)",59,9,4483.72,543,312,0.1187,1247.69,False,0.0520227447152137
16029,1,"Champions (loyal, high value)",3,73,69429.81,548,38,0.1266,19680.73,False,0.030810622870922
16027,1,"Champions (loyal, high value)",35,12,1630.41,517,14,0.0717,494.88,False,0.1853796333074569
17419,1,"Champions (loyal, high value)",66,13,4319.75,500,140,0.1572,1351.32,False,0.0340737130492925
16019,1,"Champions (loyal, high value)",49,24,16169.11,542,192,0.0331,4612.01,False,0.0456254377961158
17422,1,"Champions (loyal, high value)",37,7,2243.46,351,95,0.1368,913.25,False,0.0930560953915119
16016,1,"Champions (loyal, high value)",13,7,1842.75,219,127,0.2362,1102.39,False,0.0930560953915119
17416,1,"Champions (loyal, high value)",14,18,13853.04,542,279,0.0962,4148.38,False,0.0107932895421981
17409,1,"Champions (loyal, high value)",1,10,7793.51,545,50,0.099,2216.3,True,0.0732668980956077
16057,1,"Champions (loyal, high value)",28,6,2651.27,518,128,0.1417,786.82,False,0.1799092009663581
16059,1,"Champions (loyal, high value)",71,9,2405.61,386,192,0.1598,910.63,False,0.0716002315282821
16105,1,"Champions (loyal, high value)",65,5,2386.19,421,92,0.1412,752.94,True,0.2036129057407379
16374,1,"Champions (loyal, high value)",79,4,1448.82,405,226,0.1079,441.96,False,0.3538887739181519
16103,1,"Champions (loyal, high value)",3,19,5567.33,517,105,0.1446,1722.96,False,0.0107932895421981
17158,1,"Champions (loyal, high value)",49,4,1411.58,459,61,0.2017,458.63,False,0.3141976505517959
16099,1,"Champions (loyal, high value)",42,5,1159.6,463,36,0.2745,402.08,False,0.2952911436557769
16098,1,"Champions (loyal, high value)",2,11,3664.69,541,75,0.1009,1110.34,False,0.0340737130492925
16096,1,"Champions (loyal, high value)",81,4,1584.97,462,58,0.2023,409.32,True,0.388569837808609
16094,1,"Champions (loyal, high value)",36,8,2869.43,419,81,0.0879,1017.6,False,0.0716002315282821
16383,1,"Champions (loyal, high value)",85,6,2607.24,490,218,0.1187,765.95,False,0.2108182966709137
17400,1,"Champions (loyal, high value)",27,7,3859.61,539,278,0.2302,1004.22,False,0.1201394282281398
16092,1,"Champions (loyal, high value)",14,5,1363.81,396,55,0.4353,420.52,False,0.1849092006683349
16086,1,"Champions (loyal, high value)",17,8,2330.66,554,63,0.1324,649.31,False,0.1109348841011524
16085,1,"Champions (loyal, high value)",53,9,1670.74,505,195,0.086,478.47,False,0.1646599367260933
17402,1,"Champions (loyal, high value)",0,15,3472.98,540,101,0.1263,1049.72,False,0.0344360318034887
16081,1,"Champions (loyal, high value)",2,6,2645.65,491,155,0.3155,925.59,False,0.1282954573631286
16072,1,"Champions (loyal, high value)",105,4,4328.89,366,414,0.0,1290.65,True,0.2328669041395187
17404,1,"Champions (loyal, high value)",28,14,29709.92,518,83,0.2342,9550.04,False,0.0192588981240987
17406,1,"Champions (loyal, high value)",150,13,4905.05,550,155,0.0,1218.02,True,0.2036129057407379
16062,1,"Champions (loyal, high value)",58,6,2288.01,353,115,0.1445,850.09,False,0.1282954573631286
17426,1,"Champions (loyal, high value)",99,8,4234.39,477,151,0.0,1445.09,False,0.2036129057407379
16013,1,"Champions (loyal, high value)",1,60,33117.16,548,35,0.1419,9535.55,False,0.0271069191396236
17428,1,"Champions (loyal, high value)",29,30,21851.73,555,330,0.1679,6109.41,False,0.007019704580307
17147,1,"Champions (loyal, high value)",23,7,2458.47,514,74,0.2293,757.27,False,0.1282954573631286
17463,1,"Champions (loyal, high value)",50,4,1605.26,406,169,0.1459,527.68,False,0.2535876214504242
17139,1,"Champions (loyal, high value)",27,17,13621.89,514,348,0.1517,4255.55,False,0.0107932895421981
15967,1,"Champions (loyal, high value)",135,11,2796.57,555,290,0.0,756.98,False,0.1799092009663581
16434,1,"Champions (loyal, high value)",9,8,1943.71,508,79,0.1663,500.07,False,0.1275757610797882
17138,1,"Champions (loyal, high value)",92,7,4417.27,490,234,0.0,935.18,True,0.2211886674165725
15955,1,"Champions (loyal, high value)",20,11,5687.72,471,130,0.1535,1882.65,False,0.0107932895421981
15953,1,"Champions (loyal, high value)",28,14,2836.31,553,69,0.0606,751.6,False,0.0895712472498417
17469,1,"Champions (loyal, high value)",21,13,3485.64,540,137,0.0876,1000.6,False,0.0930560953915119
15950,1,"Champions (loyal, high value)",176,7,5844.02,499,194,0.0,1624.61,False,0.2231906145811081
17470,1,"Champions (loyal, high value)",34,9,2302.91,325,89,0.1931,974.38,False,0.0520227447152137
17472,1,"Champions (loyal, high value)",8,4,935.1,445,183,0.2773,305.18,True,0.3868619561195373
15939,1,"Champions (loyal, high value)",13,9,7522.18,191,50,0.3617,3429.38,False,0.0107932895421981
17133,1,"Champions (loyal, high value)",7,8,12208.88,445,21,0.203,3674.53,False,0.0750931322574615
16442,1,"Champions (loyal, high value)",44,4,719.71,543,165,0.3965,203.56,False,0.3712525010108948
16444,1,"Champions (loyal, high value)",11,15,3241.99,442,188,0.0741,1073.37,False,0.0520227447152137
17491,1,"Champions (loyal, high value)",1,11,3747.06,407,73,0.1847,1358.4,False,0.007019704580307
15916,1,"Champions (loyal, high value)",8,10,2747.61,546,178,0.0995,746.16,False,0.057122116535902
15912,1,"Champions (loyal, high value)",50,8,951.57,546,77,0.1487,177.42,False,0.2965662062168121
17504,1,"Champions (loyal, high value)",23,18,9565.12,486,244,0.231,3135.54,True,0.007019704580307
15971,1,"Champions (loyal, high value)",59,10,2784.18,548,8,0.0726,807.98,False,0.1365454584360122
17389,1,"Champions (loyal, high value)",2,41,30518.54,552,57,0.1351,8809.14,False,0.0155551943928003
17460,1,"Champions (loyal, high value)",42,15,2068.42,503,90,0.1251,601.65,False,0.0895712472498417
16422,1,"Champions (loyal, high value)",2,84,47995.47,513,106,0.2416,14946.43,False,0.0107932895421981
16011,1,"Champions (loyal, high value)",1,20,3744.46,555,155,0.1269,1068.86,False,0.0293118081986904
16010,1,"Champions (loyal, high value)",62,11,1724.06,228,122,0.1725,974.99,True,0.0913894288241863
17146,1,"Champions (loyal, high value)",80,12,5674.34,492,162,0.0468,1532.24,False,0.0930560953915119
16008,1,"Champions (loyal, high value)",21,13,5044.5,447,58,0.0276,1749.28,False,0.099393942952156
16007,1,"Champions (loyal, high value)",32,4,1742.95,360,230,0.2121,700.19,False,0.2212824702262878
16005,1,"Champions (loyal, high value)",87,7,1998.0,267,211,0.0889,949.7,False,0.2211886674165725
17438,1,"Champions (loyal, high value)",70,5,1422.77,458,49,0.273,454.99,True,0.3223696500062942
17442,1,"Champions (loyal, high value)",37,11,3186.57,479,145,0.1174,938.21,False,0.0456846579909324
15998,1,"Champions (loyal, high value)",79,13,7000.59,555,596,0.1313,1882.13,False,0.0716002315282821
15996,1,"Champions (loyal, high value)",80,4,1281.49,214,104,0.1324,670.29,False,0.2967788219451904
17449,1,"Champions (loyal, high value)",51,9,3749.98,547,235,0.0792,1084.79,False,0.0716002315282821
17142,1,"Champions (loyal, high value)",56,4,1283.75,501,78,0.451,404.03,True,0.3538887739181519
15985,1,"Champions (loyal, high value)",53,6,2472.44,378,48,0.3638,915.94,False,0.134962123632431
15984,1,"Champions (loyal, high value)",50,25,6703.73,555,318,0.0317,1884.4,False,0.0732668980956077
17450,1,"Champions (loyal, high value)",9,19,108182.56,255,95,0.3051,40085.52,False,0.0192588981240987
17454,1,"Champions (loyal, high value)",9,10,1547.94,510,98,0.1418,467.53,True,0.1636287912726402
15981,1,"Champions (loyal, high value)",27,17,7576.49,437,124,0.1785,2657.57,False,0.0107932895421981
15980,1,"Champions (loyal, high value)",71,5,4955.0,373,83,0.1534,1453.31,False,0.1849092006683349
17457,1,"Champions (loyal, high value)",21,13,5644.75,549,23,0.1206,1628.51,False,0.0419217340648174
15976,1,"Champions (loyal, high value)",37,5,1511.59,368,239,0.1389,624.29,False,0.193242534995079
17505,1,"Champions (loyal, high value)",22,4,1776.63,422,65,0.2741,412.54,False,0.2328669041395187
16110,1,"Champions (loyal, high value)",79,3,1175.72,339,235,0.2417,395.52,False,0.4068881571292877
17388,1,"Champions (loyal, high value)",28,9,2195.21,546,29,0.1738,624.46,False,0.112753065675497
16308,1,"Champions (loyal, high value)",34,5,3520.0,541,1,0.2727,875.01,False,0.1743099465966224
17220,1,"Champions (loyal, high value)",23,12,2742.38,505,276,0.3017,823.31,False,0.0456254377961158
16229,1,"Champions (loyal, high value)",29,5,2215.46,381,120,0.1617,830.53,False,0.193242534995079
17306,1,"Champions (loyal, high value)",21,10,4346.7,220,11,0.2654,2371.53,False,0.0456254377961158
17218,1,"Champions (loyal, high value)",31,13,3178.54,500,192,0.0544,931.52,False,0.057122116535902
16225,1,"Champions (loyal, high value)",94,12,2187.7,487,149,0.0,671.74,False,0.1849092006683349
16316,1,"Champions (loyal, high value)",23,10,4635.11,310,172,0.1467,1860.4,False,0.0456254377961158
16320,1,"Champions (loyal, high value)",30,5,5443.21,498,184,0.1567,1695.19,False,0.193242534995079
16232,1,"Champions (loyal, high value)",32,5,2088.56,367,59,0.1755,702.72,False,0.1433796316385269
16218,1,"Champions (loyal, high value)",23,10,3084.05,378,68,0.4077,1291.47,False,0.0256081044673919
16210,1,"Champions (loyal, high value)",30,24,27976.42,554,116,0.0613,8146.48,False,0.0192588981240987
16209,1,"Champions (loyal, high value)",3,6,2452.22,363,42,0.2317,800.73,False,0.0924089036881923
16208,1,"Champions (loyal, high value)",106,9,3273.78,470,164,0.0,1012.87,False,0.1720462992787361
17315,1,"Champions (loyal, high value)",8,25,6250.66,255,315,0.2741,3133.78,False,0.0107932895421981
16206,1,"Champions (loyal, high value)",25,11,2341.26,501,173,0.0544,680.02,False,0.0895712472498417
17211,1,"Champions (loyal, high value)",50,10,2983.37,543,166,0.159,815.73,False,0.06686317846179
17320,1,"Champions (loyal, high value)",53,5,2605.25,504,67,0.1763,826.07,False,0.2108182966709137
17204,1,"Champions (loyal, high value)",58,7,5190.29,364,107,0.2409,2251.45,False,0.0520227447152137
17314,1,"Champions (loyal, high value)",73,12,3163.51,553,117,0.0698,907.4,False,0.1012121245265007
16235,1,"Champions (loyal, high value)",3,7,1851.69,287,75,0.1733,663.04,False,0.0997227616608142
16241,1,"Champions (loyal, high value)",29,7,2552.35,227,317,0.1551,1443.12,False,0.0729274168610572
16242,1,"Champions (loyal, high value)",31,9,4264.09,451,263,0.0426,1409.33,False,0.057122116535902
17238,1,"Champions (loyal, high value)",1,24,5586.14,555,401,0.1444,1601.28,False,0.0107932895421981
17243,1,"Champions (loyal, high value)",53,54,15066.61,555,297,0.0501,3718.73,False,0.0456254377961158
17236,1,"Champions (loyal, high value)",59,10,1576.95,459,81,0.0751,487.59,False,0.1853796333074569
16293,1,"Champions (loyal, high value)",24,9,3538.7,545,130,0.2122,1044.59,False,0.0732668980956077
17231,1,"Champions (loyal, high value)",7,21,5756.17,549,436,0.1768,1664.84,False,0.0107932895421981
17230,1,"Champions (loyal, high value)",81,18,9924.95,548,141,0.0205,2858.01,True,0.193242534995079
16275,1,"Champions (loyal, high value)",13,3,2151.11,458,105,0.2603,654.26,True,0.2328669041395187
17262,1,"Champions (loyal, high value)",44,10,2459.62,541,10,0.2791,737.13,False,0.0930560953915119
17268,1,"Champions (loyal, high value)",60,9,1246.73,548,24,0.2218,343.81,False,0.2535876214504242
17228,1,"Champions (loyal, high value)",24,9,1958.73,454,132,0.1063,683.19,False,0.0895712472498417
16266,1,"Champions (loyal, high value)",17,10,1267.9,490,58,0.2933,396.05,False,0.1836326539516449
16265,1,"Champions (loyal, high value)",77,8,4163.31,224,146,0.0918,2508.72,False,0.0928207539021968
17227,1,"Champions (loyal, high value)",73,8,1448.86,510,47,0.1545,417.48,False,0.193242534995079
16258,1,"Champions (loyal, high value)",36,11,7771.47,456,192,0.1329,2587.22,False,0.0559793777763843
16255,1,"Champions (loyal, high value)",63,11,3348.56,501,163,0.0503,1012.63,False,0.0716002315282821
17284,1,"Champions (loyal, high value)",52,3,1839.57,206,224,0.1154,779.31,False,0.2211886674165725
16253,1,"Champions (loyal, high value)",72,6,5276.69,548,169,0.3222,1608.51,False,0.2036129057407379
17287,1,"Champions (loyal, high value)",22,18,3548.19,553,243,0.0782,1002.98,False,0.0520227447152137
17288,1,"Champions (loyal, high value)",24,9,1743.95,211,139,0.214,1061.82,False,0.0523850634694099
16325,1,"Champions (loyal, high value)",62,10,3194.08,552,100,0.0597,933.52,False,0.1209090948104858
17323,1,"Champions (loyal, high value)",32,7,938.49,515,120,0.1659,272.71,False,0.2563860297203064
16326,1,"Champions (loyal, high value)",31,13,2156.71,497,151,0.0506,631.28,False,0.1562424287199974
16327,1,"Champions (loyal, high value)",16,14,9295.56,542,269,0.1411,2667.45,False,0.007019704580307
16150,1,"Champions (loyal, high value)",87,7,3307.05,539,109,0.1727,952.77,False,0.1282954573631286
16145,1,"Champions (loyal, high value)",43,12,4322.23,401,154,0.0781,1393.28,False,0.0520227447152137
16143,1,"Champions (loyal, high value)",29,10,4060.06,546,91,0.089,1180.96,False,0.045987756550312
16353,1,"Champions (loyal, high value)",34,26,5479.03,549,63,0.157,1488.82,False,0.0340737130492925
16133,1,"Champions (loyal, high value)",2,35,15194.59,435,191,0.4054,5316.51,False,0.0107932895421981
16131,1,"Champions (loyal, high value)",24,8,8115.4,554,117,0.2051,2213.92,False,0.1109348841011524
17362,1,"Champions (loyal, high value)",56,7,1024.04,519,99,0.1584,296.62,True,0.3458887755870819
17364,1,"Champions (loyal, high value)",21,21,9332.62,549,386,0.1244,2682.63,False,0.0107932895421981
17365,1,"Champions (loyal, high value)",16,11,5320.61,493,311,0.217,1675.11,False,0.007019704580307
16359,1,"Champions (loyal, high value)",31,12,1963.09,478,72,0.2975,623.54,False,0.0523850634694099
17368,1,"Champions (loyal, high value)",76,9,1802.39,541,139,0.1081,509.38,False,0.2211886674165725
16126,1,"Champions (loyal, high value)",1,13,10203.03,554,128,0.0934,3070.94,False,0.0456254377961158
16365,1,"Champions (loyal, high value)",70,9,2256.14,545,65,0.0536,645.45,False,0.1275757610797882
16369,1,"Champions (loyal, high value)",13,5,1465.6,428,42,0.2418,525.13,False,0.2535876214504242
17372,1,"Champions (loyal, high value)",0,24,3878.09,553,363,0.0879,1118.95,False,0.0520227447152137
17160,1,"Champions (loyal, high value)",42,13,7896.2,552,184,0.1526,2152.29,False,0.0144969932734966
16121,1,"Champions (loyal, high value)",32,4,897.87,382,159,0.3206,390.33,False,0.3389969110488892
17377,1,"Champions (loyal, high value)",72,65,15811.07,554,427,0.0201,1772.98,False,0.1201394282281398
17381,1,"Champions (loyal, high value)",20,25,33544.89,365,49,0.1377,10862.08,False,0.0192588981240987
16341,1,"Champions (loyal, high value)",18,4,2676.57,426,81,0.298,843.24,False,0.193242534995079
16115,1,"Champions (loyal, high value)",29,7,1418.07,391,158,0.2624,531.52,False,0.0997227616608142
17179,1,"Champions (loyal, high value)",49,5,1283.78,379,69,0.1911,505.5,False,0.2535876214504242
16153,1,"Champions (loyal, high value)",2,9,4009.36,379,129,0.121,1140.37,False,0.0340737130492925
16191,1,"Champions (loyal, high value)",79,19,13123.18,545,76,0.0454,3870.5,False,0.1201394282281398
17337,1,"Champions (loyal, high value)",28,3,1993.47,127,420,0.485,1143.01,False,0.1162902496755123
17338,1,"Champions (loyal, high value)",22,14,9141.89,456,478,0.108,3192.35,False,0.0107932895421981
16187,1,"Champions (loyal, high value)",20,7,2564.64,101,89,0.7365,2369.07,False,0.0456254377961158
16186,1,"Champions (loyal, high value)",6,19,6366.52,547,138,0.1633,1828.71,False,0.007019704580307
16182,1,"Champions (loyal, high value)",20,7,5871.0,457,12,0.2882,2035.3,False,0.0732668980956077
16180,1,"Champions (loyal, high value)",27,9,8741.12,351,162,0.3141,3169.89,False,0.0523850634694099
17340,1,"Champions (loyal, high value)",9,11,15854.34,480,244,0.091,5244.02,False,0.0107932895421981
17191,1,"Champions (loyal, high value)",8,13,3916.62,555,224,0.0906,1136.38,False,0.0520227447152137
16175,1,"Champions (loyal, high value)",21,5,1265.83,380,45,0.3689,456.12,False,0.2328669041395187
17190,1,"Champions (loyal, high value)",24,6,1491.46,461,143,0.1307,448.67,False,0.2211886674165725
16170,1,"Champions (loyal, high value)",0,17,5928.82,476,217,0.1594,1940.08,False,0.007019704580307
16168,1,"Champions (loyal, high value)",3,49,8244.18,553,113,0.1203,2387.11,False,0.0107932895421981
16163,1,"Champions (loyal, high value)",49,6,2849.58,554,59,0.1456,667.94,True,0.2328669041395187
16161,1,"Champions (loyal, high value)",15,34,9544.34,486,348,0.1019,3096.06,False,0.0107932895421981
16333,1,"Champions (loyal, high value)",9,16,13087.2,126,8,0.6616,12049.63,False,0.0456254377961158
17345,1,"Champions (loyal, high value)",13,8,1195.27,555,128,0.1074,292.93,False,0.215291142463684
16156,1,"Champions (loyal, high value)",23,14,4156.71,554,138,0.1821,1183.64,False,0.0107932895421981
17346,1,"Champions (loyal, high value)",4,17,3604.01,417,372,0.1696,1329.88,False,0.007019704580307
17180,1,"Champions (loyal, high value)",58,10,2025.81,504,179,0.1566,624.82,False,0.0523850634694099
15910,1,"Champions (loyal, high value)",24,11,2000.23,504,322,0.1198,637.19,False,0.0750931322574615
17508,1,"Champions (loyal, high value)",97,8,4579.23,549,199,0.0,1231.01,True,0.1720462992787361
17511,1,"Champions (loyal, high value)",23,44,120291.57,554,502,0.1446,34460.57,False,0.0107932895421981
17644,1,"Champions (loyal, high value)",20,12,4054.73,478,117,0.2273,1205.07,False,0.0107932895421981
15660,1,"Champions (loyal, high value)",21,10,1951.15,489,53,0.1921,645.32,False,0.0456254377961158
15658,1,"Champions (loyal, high value)",7,8,2423.47,553,79,0.1847,669.06,True,0.134962123632431
17068,1,"Champions (loyal, high value)",6,37,7244.04,438,225,0.2224,2540.89,False,0.0107932895421981
16556,1,"Champions (loyal, high value)",18,14,6337.61,549,227,0.1085,1887.17,False,0.0107932895421981
17646,1,"Champions (loyal, high value)",36,12,4149.79,540,124,0.0992,1161.96,True,0.0523850634694099
16558,1,"Champions (loyal, high value)",9,28,8985.6,553,273,0.1825,2594.98,False,0.007019704580307
17655,1,"Champions (loyal, high value)",27,6,2616.24,233,57,0.117,1532.06,False,0.0930560953915119
16554,1,"Champions (loyal, high value)",39,7,2318.73,541,90,0.1351,622.3,False,0.134962123632431
15641,1,"Champions (loyal, high value)",77,11,4763.73,550,228,0.114,1401.76,False,0.0724381506443023
17659,1,"Champions (loyal, high value)",1,7,1963.35,203,73,0.3326,1027.76,False,0.0713805586099624
17663,1,"Champions (loyal, high value)",15,13,4163.73,462,125,0.1007,1296.92,False,0.0340737130492925
17667,1,"Champions (loyal, high value)",28,7,3251.86,471,135,0.1318,1050.93,False,0.0750850796699524
17669,1,"Champions (loyal, high value)",27,6,4346.63,434,70,0.3706,1144.87,False,0.1201394282281398
17673,1,"Champions (loyal, high value)",3,10,3671.71,447,183,0.1811,1166.37,False,0.0218345195055007
17675,1,"Champions (loyal, high value)",4,52,25630.93,546,215,0.1599,7561.57,False,0.0107932895421981
17059,1,"Champions (loyal, high value)",14,7,4018.16,499,250,0.1962,1261.84,False,0.0567597977817058
15628,1,"Champions (loyal, high value)",72,10,3473.03,543,95,0.1071,990.74,False,0.0716002315282821
15640,1,"Champions (loyal, high value)",2,22,18187.34,542,239,0.1336,5146.11,False,0.0107932895421981
16553,1,"Champions (loyal, high value)",22,30,15655.37,483,191,0.1239,5146.28,False,0.007019704580307
15665,1,"Champions (loyal, high value)",60,4,3249.33,452,156,0.4543,1099.25,False,0.2120766520500183
15673,1,"Champions (loyal, high value)",31,7,5319.5,472,147,0.1534,1683.38,False,0.0732668980956077
17075,1,"Champions (loyal, high value)",70,9,2103.68,542,140,0.0634,604.18,False,0.1562424287199974
15716,1,"Champions (loyal, high value)",18,10,2837.92,549,174,0.1252,823.22,False,0.0340737130492925
17624,1,"Champions (loyal, high value)",35,3,1125.45,536,71,0.3557,317.84,False,0.4025745213031769
15712,1,"Champions (loyal, high value)",0,9,2858.7,555,74,0.0556,817.79,False,0.0895712472498417
16539,1,"Champions (loyal, high value)",36,9,3396.81,349,81,0.0902,1484.38,False,0.057122116535902
15708,1,"Champions (loyal, high value)",39,7,3082.78,242,98,0.144,1715.27,False,0.0716002315282821
15704,1,"Champions (loyal, high value)",4,4,3031.66,400,110,0.4972,1020.08,False,0.184324836730957
15696,1,"Champions (loyal, high value)",37,11,2808.01,501,116,0.2245,888.81,False,0.0340737130492925
15695,1,"Champions (loyal, high value)",83,4,1131.04,498,55,0.3625,324.05,True,0.4284809172153473
17625,1,"Champions (loyal, high value)",74,5,4570.48,541,343,0.1203,1316.07,False,0.2002651542425155
17631,1,"Champions (loyal, high value)",49,5,772.71,547,49,0.3915,242.15,False,0.3565976381301879
15694,1,"Champions (loyal, high value)",4,17,7318.11,549,45,0.24,2122.73,False,0.0155551943928003
17634,1,"Champions (loyal, high value)",29,5,1814.67,154,131,0.3163,948.36,False,0.0979045800864696
15681,1,"Champions (loyal, high value)",0,12,2266.76,381,40,0.1577,813.69,False,0.0523850634694099
17071,1,"Champions (loyal, high value)",4,8,2416.19,501,99,0.3044,732.17,False,0.0515224248170852
16549,1,"Champions (loyal, high value)",151,25,9147.04,438,647,0.0,189.47,False,0.193242534995079
15674,1,"Champions (loyal, high value)",32,11,5546.58,548,218,0.1884,1579.15,False,0.0293118081986904
16550,1,"Champions (loyal, high value)",2,16,8556.59,554,242,0.1019,2431.87,False,0.007019704580307
17069,1,"Champions (loyal, high value)",43,9,4157.65,553,146,0.1178,1152.92,False,0.0912379138171672
17677,1,"Champions (loyal, high value)",29,35,26592.61,540,279,0.1329,7756.48,False,0.0107932895421981
15625,1,"Champions (loyal, high value)",52,6,2397.47,359,101,0.29,885.57,False,0.112753065675497
17051,1,"Champions (loyal, high value)",11,4,714.39,445,107,0.3459,235.91,True,0.3685436367988586
15622,1,"Champions (loyal, high value)",14,13,6745.05,462,296,0.3004,1962.72,False,0.0346161514520645
17720,1,"Champions (loyal, high value)",42,8,2105.35,395,69,0.2044,831.02,False,0.0848341941833496
15572,1,"Champions (loyal, high value)",65,6,2391.85,421,174,0.1798,854.07,False,0.1799092009663581
17722,1,"Champions (loyal, high value)",6,4,4107.2,192,145,0.087,2498.13,False,0.112753065675497
15570,1,"Champions (loyal, high value)",23,21,7670.94,438,392,0.0706,2547.23,False,0.0107932895421981
17730,1,"Champions (loyal, high value)",2,12,4506.72,406,121,0.2071,1685.77,False,0.007019704580307
15563,1,"Champions (loyal, high value)",17,5,2202.18,497,151,0.2113,656.2,False,0.1361583590507507
17731,1,"Champions (loyal, high value)",0,4,1131.45,485,50,0.5856,327.64,False,0.3538887739181519
15561,1,"Champions (loyal, high value)",32,5,1399.55,480,49,0.1899,405.98,False,0.2535876214504242
15555,1,"Champions (loyal, high value)",7,26,9082.29,550,500,0.0874,2452.58,False,0.007019704580307
16584,1,"Champions (loyal, high value)",71,4,2839.53,478,52,0.2155,751.25,False,0.2328669041395187
17735,1,"Champions (loyal, high value)",4,17,10256.07,314,306,0.412,4903.98,False,0.007019704580307
15547,1,"Champions (loyal, high value)",11,19,7549.68,550,448,0.1294,2091.84,False,0.007019704580307
15544,1,"Champions (loyal, high value)",28,15,6375.19,497,147,0.0879,1966.83,False,0.0456254377961158
16592,1,"Champions (loyal, high value)",0,20,5215.21,538,159,0.2043,1542.64,False,0.007019704580307
17738,1,"Champions (loyal, high value)",99,10,3084.43,447,139,0.0,980.48,False,0.1628409042954444
15535,1,"Champions (loyal, high value)",53,5,962.81,266,75,0.1234,474.39,False,0.2535876214504242
17739,1,"Champions (loyal, high value)",13,14,6010.01,549,47,0.0646,1719.98,False,0.045987756550312
15529,1,"Champions (loyal, high value)",27,8,3046.38,211,295,0.3212,1543.33,False,0.007019704580307
16593,1,"Champions (loyal, high value)",6,7,996.61,551,53,0.1865,298.89,False,0.3382697284221649
17716,1,"Champions (loyal, high value)",66,15,11752.6,554,261,0.1235,3367.37,False,0.0340737130492925
15719,1,"Champions (loyal, high value)",16,25,7606.77,555,365,0.1822,2150.91,False,0.0107932895421981
17044,1,"Champions (loyal, high value)",191,11,11013.82,549,91,0.0,2385.26,False,0.2771067470312118
15581,1,"Champions (loyal, high value)",43,32,4732.68,554,522,0.0459,1232.17,False,0.0716002315282821
17050,1,"Champions (loyal, high value)",4,9,3823.41,499,187,0.3,1212.54,False,0.0456254377961158
17682,1,"Champions (loyal, high value)",9,8,3089.86,458,73,0.2317,1017.55,False,0.0303700093179941
17049,1,"Champions (loyal, high value)",31,13,5869.3,462,205,0.112,1902.61,False,0.0155551943928003
15615,1,"Champions (loyal, high value)",0,36,16196.19,554,242,0.1721,4626.79,False,0.007019704580307
17685,1,"Champions (loyal, high value)",83,10,4264.36,483,81,0.0766,1232.68,False,0.0913894288241863
17686,1,"Champions (loyal, high value)",17,6,5594.1,350,209,0.2582,2225.6,False,0.0567597977817058
17690,1,"Champions (loyal, high value)",3,15,5754.08,491,192,0.2573,1852.83,False,0.0456254377961158
15611,1,"Champions (loyal, high value)",8,17,1837.93,500,27,0.1241,552.61,False,0.1275757610797882
17692,1,"Champions (loyal, high value)",43,11,2842.96,357,87,0.0596,1119.99,False,0.0716002315282821
15606,1,"Champions (loyal, high value)",39,14,4137.18,464,73,0.1527,1353.37,False,0.0192588981240987
15605,1,"Champions (loyal, high value)",69,7,1428.75,511,59,0.2188,443.98,False,0.2662002384662628
15602,1,"Champions (loyal, high value)",17,12,2475.59,554,53,0.0558,681.98,False,0.0895712472498417
15601,1,"Champions (loyal, high value)",20,25,12932.15,555,246,0.0741,3855.13,False,0.007019704580307
16570,1,"Champions (loyal, high value)",22,13,5169.14,436,97,0.1979,1722.75,False,0.0107932895421981
15596,1,"Champions (loyal, high value)",31,8,3113.14,316,82,0.0993,1280.49,False,0.057122116535902
17696,1,"Champions (loyal, high value)",2,23,6231.47,546,163,0.0552,1769.52,False,0.0523850634694099
17700,1,"Champions (loyal, high value)",30,12,5270.9,555,211,0.0992,1406.12,False,0.0456254377961158
17706,1,"Champions (loyal, high value)",4,19,11436.76,506,305,0.0264,3024.65,False,0.0732668980956077
17707,1,"Champions (loyal, high value)",2,8,609.3,549,9,0.1128,181.75,True,0.2771067470312118
16571,1,"Champions (loyal, high value)",98,8,3263.73,448,118,0.0,1043.5,False,0.1720462992787361
15722,1,"Champions (loyal, high value)",4,8,3806.19,457,83,0.1173,1261.95,False,0.1201394282281398
17618,1,"Champions (loyal, high value)",65,10,3768.44,501,196,0.0919,1112.84,False,0.057122116535902
15727,1,"Champions (loyal, high value)",15,12,7517.42,501,344,0.1542,2213.35,False,0.0107932895421981
15860,1,"Champions (loyal, high value)",49,12,1945.76,550,191,0.1632,535.55,False,0.0913894288241863
15858,1,"Champions (loyal, high value)",106,10,3337.74,546,231,0.0,932.05,False,0.1612818166613578
17550,1,"Champions (loyal, high value)",14,9,2547.64,487,250,0.1049,808.4,True,0.0912379138171672
15856,1,"Champions (loyal, high value)",20,33,24772.24,553,231,0.1041,7056.8,False,0.0107932895421981
15854,1,"Champions (loyal, high value)",21,15,4193.55,546,134,0.1996,1107.5,False,0.0155551943928003
16496,1,"Champions (loyal, high value)",24,5,1916.29,326,101,0.234,805.44,False,0.1201394282281398
16497,1,"Champions (loyal, high value)",20,22,5280.29,553,204,0.1966,1510.78,False,0.0107932895421981
17092,1,"Champions (loyal, high value)",94,8,3952.08,492,201,0.0,1267.39,False,0.193242534995079
15845,1,"Champions (loyal, high value)",27,6,2251.67,499,77,0.1353,728.9,False,0.2108182966709137
17560,1,"Champions (loyal, high value)",21,6,1526.9,477,33,0.2122,487.58,False,0.2036129057407379
15841,1,"Champions (loyal, high value)",35,7,2131.61,546,47,0.1321,598.03,False,0.193242534995079
15838,1,"Champions (loyal, high value)",7,22,48728.8,541,44,0.0759,14763.99,False,0.0192588981240987
17091,1,"Champions (loyal, high value)",2,15,5977.75,540,222,0.1851,1780.36,False,0.0107932895421981
15834,1,"Champions (loyal, high value)",94,5,2818.11,241,244,0.0,1208.95,False,0.1952795714139938
17567,1,"Champions (loyal, high value)",50,5,2898.52,258,99,0.1365,1492.66,False,0.0804393447935581
15827,1,"Champions (loyal, high value)",0,24,3073.65,517,98,0.1241,913.89,False,0.0456254377961158
17090,1,"Champions (loyal, high value)",44,9,1754.58,325,23,0.1066,590.96,False,0.1482906892895698
17085,1,"Champions (loyal, high value)",67,27,7535.26,550,394,0.0324,2107.12,False,0.1109348841011524
15819,1,"Champions (loyal, high value)",16,8,3206.48,448,162,0.1676,1054.62,False,0.0567597977817058
15861,1,"Champions (loyal, high value)",84,6,1950.61,497,265,0.3704,558.8,False,0.193242534995079
17576,1,"Champions (loyal, high value)",0,32,7162.67,553,317,0.139,2040.43,False,0.0107932895421981
15862,1,"Champions (loyal, high value)",21,11,2581.27,539,366,0.053,649.76,False,0.1569621250033378
15865,1,"Champions (loyal, high value)",30,3,1667.72,520,99,0.1882,384.44,False,0.3739149749279022
15906,1,"Champions (loyal, high value)",36,6,1671.11,267,84,0.4088,953.95,False,0.0997227616608142
15903,1,"Champions (loyal, high value)",44,7,4454.72,511,39,0.1078,1509.64,False,0.168628790974617
17512,1,"Champions (loyal, high value)",17,14,3845.25,546,80,0.1694,924.41,False,0.0155551943928003
15898,1,"Champions (loyal, high value)",43,24,5206.67,545,279,0.0924,1438.07,False,0.0340737130492925
17515,1,"Champions (loyal, high value)",23,8,1549.81,367,90,0.2193,626.73,False,0.0895712472498417
16455,1,"Champions (loyal, high value)",21,9,3676.97,436,92,0.1637,1080.11,False,0.0523850634694099
17519,1,"Champions (loyal, high value)",23,12,4221.05,555,124,0.147,1198.87,False,0.0107932895421981
16456,1,"Champions (loyal, high value)",44,11,6281.15,437,217,0.0541,2091.66,False,0.0523850634694099
16458,1,"Champions (loyal, high value)",4,19,3538.3,379,74,0.2087,1432.89,False,0.007019704580307
17530,1,"Champions (loyal, high value)",23,8,2119.78,550,270,0.3409,600.32,False,0.1109348841011524
17531,1,"Champions (loyal, high value)",7,3,1266.82,435,54,0.2342,335.28,True,0.4208928406238555
16466,1,"Champions (loyal, high value)",25,10,2559.2,459,149,0.083,761.85,False,0.0895712472498417
15882,1,"Champions (loyal, high value)",15,8,1491.42,546,48,0.0972,435.91,True,0.2771067470312118
17115,1,"Champions (loyal, high value)",50,5,2234.01,551,88,0.1388,604.48,False,0.2535876214504242
16470,1,"Champions (loyal, high value)",9,9,2041.87,545,240,0.0633,594.27,False,0.1574773535132408
15874,1,"Champions (loyal, high value)",34,19,9041.68,518,233,0.1746,2707.02,False,0.0144969932734966
17107,1,"Champions (loyal, high value)",25,6,9378.8,494,279,0.2584,2793.92,False,0.1282954573631286
15867,1,"Champions (loyal, high value)",0,26,7260.69,542,461,0.1358,2022.89,False,0.007019704580307
16477,1,"Champions (loyal, high value)",31,9,3378.07,301,152,0.1114,1493.07,False,0.0456254377961158
17096,1,"Champions (loyal, high value)",78,8,2870.54,372,132,0.0465,963.11,False,0.1012121245265007
17029,1,"Champions (loyal, high value)",53,6,1779.3,480,19,0.2012,555.74,False,0.1636287912726402
17578,1,"Champions (loyal, high value)",35,7,1047.33,346,57,0.137,448.34,True,0.3382697284221649
15811,1,"Champions (loyal, high value)",22,5,2873.14,205,160,0.1384,1196.84,False,0.057122116535902
15768,1,"Champions (loyal, high value)",20,33,15458.41,553,432,0.031,4428.47,False,0.0456254377961158
17602,1,"Champions (loyal, high value)",141,9,3115.21,436,270,0.0,935.51,False,0.2036129057407379
15764,1,"Champions (loyal, high value)",1,5,2917.63,295,123,0.1966,1230.04,False,0.0732668980956077
16520,1,"Champions (loyal, high value)",3,6,2482.62,464,251,0.2903,842.81,True,0.1209090948104858
17604,1,"Champions (loyal, high value)",34,6,945.93,498,142,0.183,285.07,True,0.2758454889059066
16523,1,"Champions (loyal, high value)",16,15,5333.46,501,107,0.3922,1651.48,False,0.0112546954303979
15757,1,"Champions (loyal, high value)",34,5,2487.3,364,140,0.1051,938.95,False,0.1853796333074569
15755,1,"Champions (loyal, high value)",52,13,4249.6,552,208,0.072,1196.37,False,0.057122116535902
15754,1,"Champions (loyal, high value)",63,7,2670.84,472,96,0.0344,457.7,False,0.1720462992787361
15752,1,"Champions (loyal, high value)",66,5,2615.34,274,266,0.1544,1178.46,False,0.0930560953915119
15750,1,"Champions (loyal, high value)",100,13,4944.28,555,279,0.0,1383.12,False,0.1720462992787361
15749,1,"Champions (loyal, high value)",52,3,44534.3,149,5,0.4836,27296.87,True,0.2211886674165725
16525,1,"Champions (loyal, high value)",1,38,19742.3,554,108,0.226,5705.38,False,0.0107932895421981
17611,1,"Champions (loyal, high value)",18,19,6359.7,555,636,0.1508,1759.77,False,0.007019704580307
16529,1,"Champions (loyal, high value)",7,4,2012.0,347,87,0.2263,849.27,True,0.2211886674165725
17612,1,"Champions (loyal, high value)",31,14,4012.16,539,157,0.0898,1180.34,False,0.0456254377961158
15738,1,"Champions (loyal, high value)",0,35,11489.61,546,66,0.1431,3375.85,False,0.007019704580307
17613,1,"Champions (loyal, high value)",11,7,2527.01,122,163,0.6448,2042.33,False,0.0520227447152137
15732,1,"Champions (loyal, high value)",29,10,1682.07,490,53,0.0928,507.16,True,0.1770462989807129
17597,1,"Champions (loyal, high value)",30,5,3484.09,400,109,0.5868,1403.06,True,0.1774206444621086
15812,1,"Champions (loyal, high value)",6,10,4454.55,541,83,0.1817,1324.02,False,0.007019704580307
17596,1,"Champions (loyal, high value)",8,9,3381.6,541,206,0.265,931.6,False,0.0265964243561029
17594,1,"Champions (loyal, high value)",71,3,1819.7,421,52,0.1731,575.39,False,0.2535876214504242
15810,1,"Champions (loyal, high value)",49,6,2461.18,490,76,0.1937,776.58,False,0.1282954573631286
15809,1,"Champions (loyal, high value)",1,6,1157.88,352,45,0.1731,481.56,False,0.241909384727478
16503,1,"Champions (loyal, high value)",31,10,3275.8,353,157,0.0768,1377.18,False,0.057122116535902
15808,1,"Champions (loyal, high value)",123,21,18409.93,555,348,0.0,3777.42,True,0.193242534995079
17581,1,"Champions (loyal, high value)",30,28,11132.27,553,291,0.1217,3259.08,False,0.0256081044673919
17582,1,"Champions (loyal, high value)",53,5,1450.7,440,92,0.1208,468.64,True,0.3458887755870819
15805,1,"Champions (loyal, high value)",2,20,7365.17,546,253,0.2417,2066.79,False,0.0107932895421981
15800,1,"Champions (loyal, high value)",63,6,788.0,435,110,0.3103,198.89,False,0.2965662062168121
16511,1,"Champions (loyal, high value)",83,4,1207.51,465,165,0.2805,366.63,False,0.400999391078949
15797,1,"Champions (loyal, high value)",31,4,2438.88,498,10,0.1353,820.85,False,0.2826785266399383
15796,1,"Champions (loyal, high value)",4,13,3713.19,435,131,0.2437,1341.38,False,0.0155551943928003
17585,1,"Champions (loyal, high value)",80,5,1481.76,295,206,0.07,627.78,False,0.2191975384950638
17588,1,"Champions (loyal, high value)",49,5,2096.55,454,30,0.1895,672.6,False,0.1849092006683349
16515,1,"Champions (loyal, high value)",63,7,2211.5,357,150,0.1365,692.33,False,0.0930560953915119
15791,1,"Champions (loyal, high value)",21,4,3218.89,458,112,0.38,1202.25,False,0.193242534995079
17589,1,"Champions (loyal, high value)",4,16,12826.7,459,552,0.0944,4386.24,False,0.0107932895421981
15785,1,"Champions (loyal, high value)",14,13,4971.36,541,87,0.0808,1475.67,False,0.0456254377961158
17591,1,"Champions (loyal, high value)",20,6,2200.27,508,93,0.3553,725.91,False,0.1636287912726402
15777,1,"Champions (loyal, high value)",58,7,1762.61,385,29,0.1668,774.45,True,0.2139632523059845
15769,1,"Champions (loyal, high value)",14,33,60341.32,545,18,0.2448,17555.28,False,0.0456254377961158
12346,1,"Champions (loyal, high value)",142,3,77352.96,464,25,0.0,32668.27,True,0.3736077427864074
18287,1,"Champions (loyal, high value)",18,5,3060.99,388,92,0.25,948.03,False,0.1282954573631286
12714,1,"Champions (loyal, high value)",23,9,10138.77,552,364,0.0729,3003.06,False,0.0456254377961158
14461,1,"Champions (loyal, high value)",78,11,5386.67,507,424,0.1441,1663.73,False,0.0716002315282821
13510,1,"Champions (loyal, high value)",0,8,3352.05,535,141,0.1746,1023.85,False,0.1282954573631286
14112,1,"Champions (loyal, high value)",20,9,4071.94,471,160,0.1315,1122.7,False,0.0732668980956077
13798,1,"Champions (loyal, high value)",3,86,61484.74,548,154,0.1757,18074.07,False,0.0107932895421981
13520,1,"Champions (loyal, high value)",1,9,4417.03,539,69,0.2136,1270.44,False,0.0340737130492925
14451,1,"Champions (loyal, high value)",11,11,3006.18,508,218,0.1198,966.28,False,0.0716002315282821
13802,1,"Champions (loyal, high value)",71,18,24790.75,478,210,0.0872,8010.11,False,0.0563390143215656
14449,1,"Champions (loyal, high value)",63,6,1977.0,253,211,0.0966,1080.33,False,0.1720462992787361
12670,1,"Champions (loyal, high value)",16,4,1628.63,483,43,0.575,563.42,False,0.2535876214504242
13527,1,"Champions (loyal, high value)",18,7,2981.87,504,174,0.1594,963.56,False,0.0750850796699524
13531,1,"Champions (loyal, high value)",22,6,1738.52,553,44,0.1026,481.23,True,0.2771067470312118
14127,1,"Champions (loyal, high value)",73,5,1642.6,242,88,0.0838,745.38,False,0.2036129057407379
13534,1,"Champions (loyal, high value)",3,27,4803.9,337,132,0.4004,2127.1,False,0.0107932895421981
12668,1,"Champions (loyal, high value)",76,8,9229.0,494,257,0.1253,2638.63,False,0.0719042688608169
13523,1,"Champions (loyal, high value)",16,4,3505.88,219,117,0.5141,2383.84,False,0.112753065675497
12802,1,"Champions (loyal, high value)",3,5,2186.42,380,106,0.1818,688.02,True,0.185571077466011
13803,1,"Champions (loyal, high value)",72,3,1338.91,435,73,0.2069,420.86,True,0.4025745213031769
14110,1,"Champions (loyal, high value)",37,23,9006.32,555,148,0.1889,2583.92,False,0.0408635329455137
12971,1,"Champions (loyal, high value)",7,71,9642.22,541,77,0.2705,2876.39,False,0.0265964243561029
14479,1,"Champions (loyal, high value)",70,4,1299.11,550,127,0.1092,331.75,True,0.4284809172153473
12678,1,"Champions (loyal, high value)",4,10,21637.08,518,172,0.2304,6431.81,False,0.0107932895421981
12494,1,"Champions (loyal, high value)",13,6,1144.41,393,53,0.3208,379.0,False,0.2535876214504242
13491,1,"Champions (loyal, high value)",64,25,4382.37,549,133,0.052,1197.82,False,0.057122116535902
14105,1,"Champions (loyal, high value)",56,5,5988.83,538,200,0.2114,1821.38,True,0.193242534995079
14462,1,"Champions (loyal, high value)",2,8,1401.71,249,138,0.4846,729.36,False,0.0750931322574615
14107,1,"Champions (loyal, high value)",37,8,3649.15,547,89,0.234,1111.33,False,0.0567597977817058
14472,1,"Champions (loyal, high value)",4,6,1821.01,506,158,0.2817,544.49,False,0.1749747663736343
12676,1,"Champions (loyal, high value)",7,7,1950.65,300,56,0.1228,826.4,False,0.0895712472498417
14466,1,"Champions (loyal, high value)",4,10,3720.2,543,73,0.0833,1111.02,False,0.057122116535902
14465,1,"Champions (loyal, high value)",63,11,3946.03,518,128,0.1169,1189.7,True,0.0520227447152137
13495,1,"Champions (loyal, high value)",49,8,4401.82,549,50,0.047,1250.7,False,0.1636287912726402
12957,1,"Champions (loyal, high value)",3,9,6404.72,545,296,0.2032,1703.22,False,0.0732668980956077
12500,1,"Champions (loyal, high value)",83,11,2637.59,490,65,0.0847,775.2,False,0.1209090948104858
12951,1,"Champions (loyal, high value)",21,13,2774.53,515,101,0.1149,850.53,False,0.0404710199683904
12949,1,"Champions (loyal, high value)",23,17,13610.18,553,311,0.1654,3608.6,False,0.0107932895421981
14129,1,"Champions (loyal, high value)",77,5,1826.38,396,37,0.1965,623.83,False,0.193242534995079
12662,1,"Champions (loyal, high value)",4,14,4524.32,434,124,0.1915,1542.67,False,0.007019704580307
14415,1,"Champions (loyal, high value)",15,15,8590.57,540,345,0.0913,2505.09,False,0.0107932895421981
14146,1,"Champions (loyal, high value)",71,9,7163.03,512,248,0.0925,2167.85,False,0.1168279267847538
13946,1,"Champions (loyal, high value)",18,5,1800.63,552,48,0.2699,513.72,False,0.2328669041395187
13552,1,"Champions (loyal, high value)",22,15,5100.14,475,125,0.3034,1562.64,False,0.0155551943928003
12530,1,"Champions (loyal, high value)",50,7,2595.98,459,75,0.147,853.28,False,0.0930560953915119
14145,1,"Champions (loyal, high value)",34,4,4986.45,427,11,0.2263,1573.32,False,0.2328669041395187
13555,1,"Champions (loyal, high value)",18,11,6439.96,506,204,0.2469,1924.6,False,0.0456254377961158
14408,1,"Champions (loyal, high value)",6,7,2585.03,549,32,0.4185,734.74,False,0.1569621250033378
13557,1,"Champions (loyal, high value)",97,12,2688.88,548,116,0.0,726.21,False,0.1849092006683349
13771,1,"Champions (loyal, high value)",16,7,4559.22,469,135,0.3213,1393.58,False,0.112753065675497
12939,1,"Champions (loyal, high value)",90,15,20911.32,513,24,0.0,6362.63,False,0.1799092009663581
13769,1,"Champions (loyal, high value)",24,15,4451.92,540,105,0.1846,1318.55,False,0.0155551943928003
14404,1,"Champions (loyal, high value)",76,10,2148.37,536,90,0.1431,606.08,False,0.1194197319447994
14410,1,"Champions (loyal, high value)",23,8,2323.87,254,250,0.2755,1143.78,False,0.0155551943928003
12664,1,"Champions (loyal, high value)",49,4,2211.74,543,4,0.2722,618.91,False,0.2952911436557769
14421,1,"Champions (loyal, high value)",28,5,2111.44,508,67,0.2156,413.21,False,0.2211886674165725
14135,1,"Champions (loyal, high value)",3,18,7395.07,554,115,0.0851,2013.85,False,0.007019704580307
13782,1,"Champions (loyal, high value)",51,9,1243.02,550,141,0.1362,349.91,False,0.2036129057407379
13538,1,"Champions (loyal, high value)",0,8,2451.38,492,102,0.047,645.8,False,0.1562424287199974
14442,1,"Champions (loyal, high value)",21,7,5367.02,507,128,0.1703,1596.12,True,0.112753065675497
13539,1,"Champions (loyal, high value)",57,6,1253.67,407,58,0.1209,390.82,False,0.2771067470312118
14441,1,"Champions (loyal, high value)",72,8,3255.64,507,76,0.1096,971.23,False,0.0997227616608142
14439,1,"Champions (loyal, high value)",136,5,9443.04,504,105,0.0,2410.76,True,0.2771067470312118
12948,1,"Champions (loyal, high value)",31,5,1138.74,554,53,0.7783,340.77,False,0.2826785266399383
13777,1,"Champions (loyal, high value)",1,49,41857.58,554,44,0.0686,10579.03,False,0.0107932895421981
14134,1,"Champions (loyal, high value)",199,15,11123.35,546,130,0.0,2141.2,True,0.2965662062168121
12523,1,"Champions (loyal, high value)",69,16,2812.57,549,126,0.0903,815.5,False,0.057122116535902
14426,1,"Champions (loyal, high value)",93,10,8741.85,462,384,0.0,2925.02,False,0.1569621250033378
12524,1,"Champions (loyal, high value)",21,14,8321.77,486,129,0.158,2680.77,False,0.007019704580307
13544,1,"Champions (loyal, high value)",57,5,660.5,461,186,0.1861,193.71,False,0.3256571114063263
13772,1,"Champions (loyal, high value)",56,6,2210.51,471,313,0.1033,632.93,False,0.1720462992787361
14422,1,"Champions (loyal, high value)",84,14,6409.19,539,206,0.0626,1797.88,False,0.0750850796699524
13488,1,"Champions (loyal, high value)",13,16,12150.0,500,306,0.1757,3944.34,False,0.0107932895421981
14152,1,"Champions (loyal, high value)",51,6,1690.56,476,90,0.186,530.29,False,0.193242534995079
14482,1,"Champions (loyal, high value)",56,7,2527.86,287,99,0.0942,1142.27,False,0.134962123632431
13821,1,"Champions (loyal, high value)",78,5,1295.24,521,151,0.2086,346.68,False,0.3895708203315735
14546,1,"Champions (loyal, high value)",18,8,3494.69,550,314,0.2503,939.35,False,0.0567597977817058
14085,1,"Champions (loyal, high value)",15,24,8453.84,548,430,0.0791,2424.65,False,0.007019704580307
14543,1,"Champions (loyal, high value)",7,32,13697.34,555,94,0.1077,3979.84,False,0.0155551943928003
12472,1,"Champions (loyal, high value)",84,15,13277.32,542,324,0.0419,3581.31,False,0.0732668980956077
14541,1,"Champions (loyal, high value)",31,12,2051.78,518,99,0.0844,605.82,False,0.0895712472498417
12989,1,"Champions (loyal, high value)",17,25,9955.58,546,23,0.142,2893.98,False,0.0419217340648174
13426,1,"Champions (loyal, high value)",55,16,5811.08,547,124,0.1111,1576.77,False,0.0340737130492925
14535,1,"Champions (loyal, high value)",65,7,4009.17,470,436,0.213,1278.16,False,0.0913894288241863
14088,1,"Champions (loyal, high value)",7,6,28899.83,238,240,0.2702,11414.01,False,0.0732668980956077
12474,1,"Champions (loyal, high value)",17,19,7083.79,483,261,0.2357,2356.82,False,0.007019704580307
14532,1,"Champions (loyal, high value)",53,11,3859.18,515,209,0.0364,1167.15,True,0.0895712472498417
12779,1,"Champions (loyal, high value)",6,13,5740.32,553,123,0.3137,1646.94,False,0.0107932895421981
12476,1,"Champions (loyal, high value)",35,12,8520.09,318,272,0.1705,3627.08,False,0.0144969932734966
14530,1,"Champions (loyal, high value)",2,13,4832.33,504,227,0.1785,1543.41,False,0.0107932895421981
14534,1,"Champions (loyal, high value)",3,17,3683.31,451,288,0.2452,1201.25,False,0.0107932895421981
12987,1,"Champions (loyal, high value)",14,4,1057.81,505,48,0.2877,297.93,False,0.3769667863845825
14551,1,"Champions (loyal, high value)",21,6,819.24,498,68,0.1531,260.97,False,0.2965662062168121
14560,1,"Champions (loyal, high value)",13,31,5108.26,554,51,0.0443,1442.66,False,0.0568996280431747
14577,1,"Champions (loyal, high value)",49,5,982.55,545,80,0.1233,261.8,False,0.4008666396141052
14081,1,"Champions (loyal, high value)",119,10,5370.1,546,465,0.0,1402.89,True,0.2108182966709137
13408,1,"Champions (loyal, high value)",7,70,35121.33,552,234,0.1579,10219.98,False,0.0107932895421981
12993,1,"Champions (loyal, high value)",24,6,1020.17,476,54,0.071,328.61,False,0.3458887755870819
14573,1,"Champions (loyal, high value)",17,11,2346.9,517,177,0.2821,704.26,False,0.0895712472498417
13410,1,"Champions (loyal, high value)",4,7,1743.94,548,21,0.169,541.68,False,0.2328669041395187
12471,1,"Champions (loyal, high value)",27,56,25020.77,549,186,0.0865,7105.56,False,0.0107932895421981
14572,1,"Champions (loyal, high value)",71,7,3854.37,438,250,0.1926,1369.71,False,0.071237912774086
13418,1,"Champions (loyal, high value)",21,22,9446.77,545,250,0.1864,2634.68,False,0.007019704580307
12468,1,"Champions (loyal, high value)",4,5,3238.74,499,126,0.146,1044.66,True,0.176491692662239
14565,1,"Champions (loyal, high value)",22,3,2587.65,290,103,0.2551,1195.13,False,0.193242534995079
14562,1,"Champions (loyal, high value)",0,12,2786.12,487,164,0.2501,922.63,False,0.0107932895421981
12778,1,"Champions (loyal, high value)",0,7,1280.51,419,65,0.2441,385.53,False,0.1282954573631286
14083,1,"Champions (loyal, high value)",16,7,878.3,538,96,0.0173,275.93,False,0.3256571114063263
13417,1,"Champions (loyal, high value)",22,5,1264.66,486,42,0.1866,262.65,False,0.3538887739181519
13448,1,"Champions (loyal, high value)",35,10,6765.05,550,270,0.0878,1830.02,False,0.0732668980956077
14527,1,"Champions (loyal, high value)",1,93,22790.06,554,525,0.0584,6411.47,False,0.0155551943928003
12477,1,"Champions (loyal, high value)",56,5,11633.6,440,249,0.1909,3887.9,False,0.1569621250033378
13466,1,"Champions (loyal, high value)",1,5,1013.35,445,49,0.3038,322.83,True,0.2965662062168121
14498,1,"Champions (loyal, high value)",3,7,2267.19,367,163,0.0648,899.59,False,0.1311612144112587
13468,1,"Champions (loyal, high value)",18,56,11276.66,553,253,0.1427,3217.49,False,0.0107932895421981
12980,1,"Champions (loyal, high value)",4,19,14329.86,554,7,0.1246,4087.24,False,0.0456254377961158
12681,1,"Champions (loyal, high value)",4,35,23513.58,543,411,0.1424,6807.97,False,0.007019704580307
13477,1,"Champions (loyal, high value)",28,7,1895.62,500,84,0.1744,527.53,False,0.1282954573631286
14099,1,"Champions (loyal, high value)",35,14,3983.0,546,224,0.1262,1104.1,False,0.0255382232367992
12976,1,"Champions (loyal, high value)",28,8,3156.38,482,106,0.234,1005.05,True,0.1183212466537952
13831,1,"Champions (loyal, high value)",17,15,5918.58,546,119,0.1166,1532.2,False,0.0107932895421981
14101,1,"Champions (loyal, high value)",14,11,8144.53,438,19,0.2843,2834.06,False,0.0456254377961158
12490,1,"Champions (loyal, high value)",31,12,4974.43,555,135,0.0594,1358.11,False,0.057122116535902
13824,1,"Champions (loyal, high value)",20,10,2848.8,454,47,0.2773,1017.73,False,0.0303700093179941
13481,1,"Champions (loyal, high value)",9,8,3005.27,552,128,0.3258,868.99,False,0.0568891763687133
12782,1,"Champions (loyal, high value)",70,9,3234.27,336,120,0.1112,1388.45,False,0.0523850634694099
14489,1,"Champions (loyal, high value)",24,4,1574.93,429,65,0.2942,493.64,True,0.2535876214504242
13458,1,"Champions (loyal, high value)",6,9,8572.78,205,232,0.2437,5126.04,False,0.0144969932734966
12682,1,"Champions (loyal, high value)",9,31,15384.98,555,250,0.1362,4449.07,False,0.0107932895421981
12982,1,"Champions (loyal, high value)",59,8,2744.81,423,139,0.1423,806.32,True,0.0930560953915119
14525,1,"Champions (loyal, high value)",2,13,5933.43,543,267,0.2201,1726.09,False,0.0107932895421981
14524,1,"Champions (loyal, high value)",53,8,1843.61,233,193,0.1584,751.39,False,0.0913894288241863
14522,1,"Champions (loyal, high value)",15,5,1062.71,501,27,0.2622,319.26,False,0.3538887739181519
12480,1,"Champions (loyal, high value)",84,5,3338.49,324,119,0.1932,1502.12,False,0.112753065675497
12481,1,"Champions (loyal, high value)",21,11,8947.62,424,206,0.1746,2356.25,False,0.0293118081986904
13450,1,"Champions (loyal, high value)",21,9,2754.86,420,47,0.2463,1002.08,False,0.0340737130492925
14515,1,"Champions (loyal, high value)",8,8,2412.82,367,72,0.3173,1016.34,False,0.0523850634694099
14514,1,"Champions (loyal, high value)",18,8,3946.74,543,197,0.0375,995.91,False,0.1190909132361412
12483,1,"Champions (loyal, high value)",0,16,3180.21,494,54,0.2047,997.85,False,0.0303700093179941
13451,1,"Champions (loyal, high value)",28,9,5866.01,445,489,0.2132,1885.77,False,0.0218345195055007
14512,1,"Champions (loyal, high value)",4,7,1223.47,549,55,0.225,349.41,True,0.2535876214504242
14092,1,"Champions (loyal, high value)",13,16,4950.01,540,134,0.1772,1492.01,False,0.0107932895421981
14507,1,"Champions (loyal, high value)",32,8,2516.56,546,169,0.094,760.95,False,0.1636287912726402
12683,1,"Champions (loyal, high value)",1,16,8353.14,543,188,0.3174,2534.88,False,0.007019704580307
14505,1,"Champions (loyal, high value)",21,16,9282.96,547,736,0.1966,2589.21,False,0.0107932895421981
13485,1,"Champions (loyal, high value)",50,11,3015.22,553,130,0.1506,888.24,True,0.0930560953915119
13767,1,"Champions (loyal, high value)",20,58,25561.46,555,112,0.1212,7135.98,False,0.0107932895421981
12656,1,"Champions (loyal, high value)",20,5,3530.26,379,117,0.4038,1260.29,False,0.1278978541493415
14395,1,"Champions (loyal, high value)",39,16,6326.24,417,254,0.148,2200.8,False,0.0144969932734966
12840,1,"Champions (loyal, high value)",31,5,2893.17,491,102,0.5454,1020.47,False,0.1433885976672172
12576,1,"Champions (loyal, high value)",35,5,1168.54,343,73,0.1325,442.98,False,0.222654977440834
14198,1,"Champions (loyal, high value)",56,6,1051.63,520,41,0.1743,316.52,False,0.3256571114063263
13735,1,"Champions (loyal, high value)",51,10,7863.13,543,292,0.1189,2326.99,False,0.0503262042999267
12582,1,"Champions (loyal, high value)",55,4,1820.4,394,87,0.1023,460.33,True,0.2535876214504242
13668,1,"Champions (loyal, high value)",4,26,10787.23,545,317,0.2143,3079.52,False,0.0107932895421981
14195,1,"Champions (loyal, high value)",18,6,2615.6,451,10,0.3869,727.45,True,0.1636287912726402
12583,1,"Champions (loyal, high value)",17,17,9416.45,550,101,0.041,2632.9,False,0.0456254377961158
12841,1,"Champions (loyal, high value)",39,27,5479.59,336,221,0.0856,2250.29,False,0.0340737130492925
12877,1,"Champions (loyal, high value)",17,15,2101.44,507,80,0.1678,593.73,False,0.0523186415433883
14205,1,"Champions (loyal, high value)",81,8,2170.4,459,70,0.1027,717.08,False,0.1527024909853935
12876,1,"Champions (loyal, high value)",13,3,2365.2,407,91,0.2818,779.98,False,0.193242534995079
13680,1,"Champions (loyal, high value)",154,10,10104.84,552,280,0.0,2610.01,False,0.2328669041395187
12843,1,"Champions (loyal, high value)",3,24,5836.17,543,113,0.1836,1759.02,False,0.0107932895421981
14277,1,"Champions (loyal, high value)",29,6,14274.59,543,216,0.1147,4776.8,False,0.1648250266909599
14209,1,"Champions (loyal, high value)",30,12,4002.99,503,125,0.1837,1248.64,False,0.0303700093179941
13736,1,"Champions (loyal, high value)",77,6,2391.84,550,255,0.1495,558.32,False,0.2328669041395187
12839,1,"Champions (loyal, high value)",0,17,6180.68,549,125,0.0989,1781.08,False,0.007019704580307
14292,1,"Champions (loyal, high value)",21,9,5479.53,447,98,0.1209,1842.44,False,0.0503624908626079
12621,1,"Champions (loyal, high value)",17,25,16731.96,485,243,0.2383,5521.1,False,0.007019704580307
14291,1,"Champions (loyal, high value)",27,15,5634.31,547,195,0.1116,1651.21,False,0.007019704580307
13647,1,"Champions (loyal, high value)",51,5,1818.2,420,68,0.2335,665.2,False,0.193242534995079
13649,1,"Champions (loyal, high value)",73,6,1678.88,344,97,0.0886,656.54,True,0.2211886674165725
13650,1,"Champions (loyal, high value)",24,6,2197.18,499,84,0.3393,606.97,False,0.1201394282281398
13662,1,"Champions (loyal, high value)",29,10,1885.29,475,109,0.2827,592.87,False,0.0757222816348075
13652,1,"Champions (loyal, high value)",73,4,2114.01,469,102,0.1558,688.3,False,0.3021379858255386
13655,1,"Champions (loyal, high value)",58,5,1731.19,408,73,0.2216,524.49,False,0.2108182966709137
14194,1,"Champions (loyal, high value)",13,22,10728.94,519,344,0.2695,3236.97,False,0.007019704580307
14286,1,"Champions (loyal, high value)",59,5,5901.09,552,218,0.3474,1492.75,False,0.193242534995079
14282,1,"Champions (loyal, high value)",20,15,5929.5,479,80,0.2088,1733.3,False,0.007019704580307
13658,1,"Champions (loyal, high value)",21,5,4319.63,489,119,0.2161,1247.6,False,0.1569621250033378
13659,1,"Champions (loyal, high value)",22,12,4894.88,477,224,0.1078,1572.25,True,0.0456254377961158
13654,1,"Champions (loyal, high value)",18,8,4773.51,554,192,0.1801,1459.13,False,0.0732668980956077
12872,1,"Champions (loyal, high value)",143,12,3685.49,553,217,0.0,879.68,True,0.1933664709329605
14210,1,"Champions (loyal, high value)",14,15,5555.33,519,141,0.112,1590.37,False,0.0107932895421981
14211,1,"Champions (loyal, high value)",24,14,3071.08,547,117,0.1448,895.56,False,0.0340737130492925
12853,1,"Champions (loyal, high value)",56,8,2835.4,489,81,0.1614,875.09,False,0.057122116535902
13711,1,"Champions (loyal, high value)",35,9,1792.26,541,80,0.1406,538.43,True,0.2108182966709137
14243,1,"Champions (loyal, high value)",62,12,6355.35,293,214,0.0587,1891.14,False,0.0520227447152137
13722,1,"Champions (loyal, high value)",99,8,4723.47,463,112,0.0,1547.29,False,0.193242534995079
13715,1,"Champions (loyal, high value)",98,17,8483.29,455,277,0.0,2419.2,True,0.1799092009663581
12849,1,"Champions (loyal, high value)",85,5,2717.68,408,109,0.2527,961.91,False,0.2108182966709137
14221,1,"Champions (loyal, high value)",7,12,4738.52,429,115,0.283,1668.99,False,0.0107932895421981
12600,1,"Champions (loyal, high value)",21,16,3305.27,549,38,0.1692,932.98,False,0.045987756550312
14235,1,"Champions (loyal, high value)",43,6,2837.68,436,89,0.4456,1011.84,False,0.1282954573631286
14233,1,"Champions (loyal, high value)",28,6,2400.65,461,30,0.1367,757.29,False,0.193242534995079
12599,1,"Champions (loyal, high value)",25,9,1530.0,394,38,0.0872,450.71,False,0.099393942952156
14224,1,"Champions (loyal, high value)",32,7,1343.1,361,167,0.1869,455.04,False,0.1636287912726402
14227,1,"Champions (loyal, high value)",13,12,5414.72,486,236,0.3071,1766.22,False,0.0192588981240987
12598,1,"Champions (loyal, high value)",37,5,2526.75,465,96,0.2093,760.94,False,0.1849092006683349
14239,1,"Champions (loyal, high value)",17,16,3177.36,551,80,0.1572,926.39,False,0.0303700093179941
12854,1,"Champions (loyal, high value)",58,6,2479.89,545,166,0.1696,643.51,False,0.193242534995079
13707,1,"Champions (loyal, high value)",84,5,3365.86,353,142,0.0663,1325.43,True,0.182416670024395
13723,1,"Champions (loyal, high value)",34,6,1209.2,428,51,0.1653,374.97,True,0.3458887755870819
13728,1,"Champions (loyal, high value)",15,13,2332.96,547,65,0.1437,681.86,False,0.0550297304987907
12868,1,"Champions (loyal, high value)",2,8,2247.06,209,86,0.4156,1377.87,True,0.0303700093179941
12867,1,"Champions (loyal, high value)",31,10,5615.01,540,302,0.1695,1684.74,False,0.0218345195055007
14258,1,"Champions (loyal, high value)",16,22,26989.18,552,87,0.1231,7749.87,False,0.0107932895421981
13692,1,"Champions (loyal, high value)",30,4,2497.66,237,69,0.349,968.39,False,0.1268060944974422
13694,1,"Champions (loyal, high value)",0,120,162669.85,552,800,0.1039,47196.23,False,0.0107932895421981
14257,1,"Champions (loyal, high value)",1,6,3885.32,465,138,0.1056,1029.89,False,0.1273402020335197
12613,1,"Champions (loyal, high value)",14,8,4539.21,542,172,0.2944,1084.65,False,0.0567597977817058
12609,1,"Champions (loyal, high value)",3,8,2731.74,536,116,0.1548,797.32,False,0.0732668980956077
14215,1,"Champions (loyal, high value)",3,7,2724.88,548,128,0.0646,747.67,False,0.1719667002558708
14256,1,"Champions (loyal, high value)",77,5,2473.99,511,100,0.18,565.49,True,0.2328669041395187
13700,1,"Champions (loyal, high value)",57,8,1292.0,487,112,0.6096,442.24,False,0.1799092009663581
12594,1,"Champions (loyal, high value)",0,11,3359.84,463,72,0.3467,1175.05,False,0.0107932895421981
14217,1,"Champions (loyal, high value)",1,14,2401.16,344,95,0.2542,914.86,False,0.045987756550312
12857,1,"Champions (loyal, high value)",27,6,3688.0,500,71,0.0826,1242.17,True,0.1569621250033378
13643,1,"Champions (loyal, high value)",2,8,1725.23,548,59,0.0509,455.12,False,0.241909384727478
12836,1,"Champions (loyal, high value)",36,13,5634.16,555,243,0.1446,1590.0,False,0.0456254377961158
14191,1,"Champions (loyal, high value)",1,5,919.6,545,30,0.8555,311.25,False,0.2535876214504242
14189,1,"Champions (loyal, high value)",17,9,3316.38,205,118,0.2987,1758.24,False,0.0218345195055007
13571,1,"Champions (loyal, high value)",1,18,2961.53,548,183,0.1713,871.31,False,0.0370899479836225
12928,1,"Champions (loyal, high value)",58,9,3022.23,366,76,0.1283,1126.15,False,0.0523850634694099
12553,1,"Champions (loyal, high value)",21,7,2327.09,240,90,0.2668,1182.55,False,0.0456254377961158
14367,1,"Champions (loyal, high value)",1,8,4145.52,93,183,0.7628,4035.17,False,0.0256081044673919
12649,1,"Champions (loyal, high value)",29,6,1866.14,513,85,0.1817,558.5,False,0.2211886674165725
13576,1,"Champions (loyal, high value)",4,18,7970.41,548,109,0.1818,2328.91,False,0.0107932895421981
13756,1,"Champions (loyal, high value)",0,14,5729.79,541,125,0.1235,1730.14,False,0.0107932895421981
13577,1,"Champions (loyal, high value)",58,8,2153.43,542,65,0.1657,659.1,False,0.1268060944974422
13748,1,"Champions (loyal, high value)",49,7,1900.95,555,32,0.1982,551.45,False,0.2108182966709137
12924,1,"Champions (loyal, high value)",15,11,2183.02,547,44,0.1682,622.45,False,0.0523850634694099
12557,1,"Champions (loyal, high value)",73,6,11579.8,539,15,0.0706,3170.08,False,0.193242534995079
12921,1,"Champions (loyal, high value)",1,52,25405.27,555,232,0.1141,7435.09,False,0.0107932895421981
12916,1,"Champions (loyal, high value)",18,6,3960.65,501,75,0.3699,1277.11,False,0.1008288785815239
14344,1,"Champions (loyal, high value)",23,18,3089.65,443,124,0.0466,1000.15,False,0.057122116535902
12647,1,"Champions (loyal, high value)",16,30,13711.84,512,222,0.069,4001.6,False,0.0107932895421981
14375,1,"Champions (loyal, high value)",2,3,1132.99,358,176,0.2274,440.32,True,0.3982905268669128
14161,1,"Champions (loyal, high value)",32,7,3318.88,543,202,0.17,916.69,True,0.1201394282281398
13758,1,"Champions (loyal, high value)",18,12,8475.11,555,198,0.1428,2290.8,False,0.0107932895421981
12937,1,"Champions (loyal, high value)",14,7,2021.57,553,81,0.2118,596.95,False,0.1890195161104202
13561,1,"Champions (loyal, high value)",32,11,1820.72,466,131,0.0779,586.08,True,0.1275757610797882
14154,1,"Champions (loyal, high value)",56,8,6460.7,512,236,0.2083,2053.68,True,0.1201394282281398
14390,1,"Champions (loyal, high value)",28,7,2783.09,242,150,0.2919,1359.46,False,0.06686317846179
13562,1,"Champions (loyal, high value)",62,6,3642.12,511,72,0.1656,963.78,False,0.1799092009663581
14389,1,"Champions (loyal, high value)",7,4,1165.69,407,40,0.2669,432.92,False,0.3538887739181519
12539,1,"Champions (loyal, high value)",79,6,10136.09,533,246,0.1071,1702.77,False,0.193242534995079
14388,1,"Champions (loyal, high value)",20,11,4661.35,505,130,0.0985,1452.17,False,0.0456254377961158
12540,1,"Champions (loyal, high value)",3,22,13136.77,549,245,0.2653,3875.26,False,0.007019704580307
12935,1,"Champions (loyal, high value)",20,10,2949.39,424,78,0.1474,976.82,False,0.0456254377961158
13564,1,"Champions (loyal, high value)",171,36,16630.8,554,483,0.0,455.23,False,0.2036129057407379
13762,1,"Champions (loyal, high value)",35,5,2472.48,515,23,0.1241,723.28,True,0.2328669041395187
12931,1,"Champions (loyal, high value)",20,49,54212.08,555,23,0.0378,15611.46,False,0.0456254377961158
14156,1,"Champions (loyal, high value)",3,109,231564.35,555,1227,0.0445,67435.27,False,0.0107932895421981
14159,1,"Champions (loyal, high value)",4,12,4350.77,553,481,0.2118,1226.96,False,0.007019704580307
13590,1,"Champions (loyal, high value)",16,15,5279.7,555,241,0.1142,1494.29,False,0.007019704580307
13405,1,"Champions (loyal, high value)",21,5,1198.81,541,32,0.3315,362.95,False,0.2328669041395187
13591,1,"Champions (loyal, high value)",21,6,1753.04,542,71,0.4428,567.63,False,0.2328669041395187
12913,1,"Champions (loyal, high value)",99,11,5083.62,555,31,0.0,1346.64,False,0.1849092006683349
12901,1,"Champions (loyal, high value)",1,12,8061.8,87,22,1.0,9529.76,False,0.0456254377961158
13623,1,"Champions (loyal, high value)",27,9,2370.63,554,198,0.167,544.14,False,0.0895712472498417
12625,1,"Champions (loyal, high value)",28,4,4678.88,413,143,0.1759,1708.8,True,0.2108182966709137
13740,1,"Champions (loyal, high value)",57,5,1597.77,554,83,0.2195,430.27,True,0.2535876214504242
14309,1,"Champions (loyal, high value)",0,7,2560.84,367,106,0.2125,871.87,False,0.0493850007653236
14307,1,"Champions (loyal, high value)",36,7,3770.29,549,150,0.1126,1136.48,False,0.1201394282281398
13742,1,"Champions (loyal, high value)",1,8,2156.02,137,149,0.4567,1629.51,False,0.0639587722718715
14304,1,"Champions (loyal, high value)",39,3,1725.01,387,69,0.2223,544.23,True,0.2826785266399383
14299,1,"Champions (loyal, high value)",135,22,12099.81,554,99,0.0,1966.42,False,0.2036129057407379
14298,1,"Champions (loyal, high value)",7,68,70161.18,545,1092,0.2661,20421.52,False,0.007019704580307
13629,1,"Champions (loyal, high value)",27,12,8466.5,483,7,0.1728,2692.92,False,0.0456254377961158
13632,1,"Champions (loyal, high value)",50,5,2139.91,428,110,0.2865,739.74,False,0.1770462989807129
12567,1,"Champions (loyal, high value)",1,11,7901.58,483,227,0.1503,2602.68,False,0.0107932895421981
13634,1,"Champions (loyal, high value)",59,12,4078.03,515,184,0.0646,1230.08,False,0.0716002315282821
13627,1,"Champions (loyal, high value)",21,4,1213.35,457,76,0.2429,379.36,False,0.306197652220726
14312,1,"Champions (loyal, high value)",3,9,2333.29,321,120,0.1117,777.18,False,0.057122116535902
12633,1,"Champions (loyal, high value)",13,5,4757.73,342,208,0.1317,1379.85,False,0.0732668980956077
13615,1,"Champions (loyal, high value)",135,8,6272.53,497,259,0.0,1761.37,True,0.1849092006683349
13593,1,"Champions (loyal, high value)",80,12,4509.56,464,190,0.1027,1403.37,False,0.0716002315282821
14341,1,"Champions (loyal, high value)",32,14,2988.19,555,126,0.123,845.13,False,0.0340737130492925
14878,1,"Champions (loyal, high value)",18,20,3471.44,473,149,0.1204,1050.9,False,0.0456254377961158
12910,1,"Champions (loyal, high value)",14,8,3863.98,438,53,0.2957,1141.51,False,0.0503624908626079
14334,1,"Champions (loyal, high value)",20,9,3444.5,385,137,0.1856,1271.65,False,0.007019704580307
12909,1,"Champions (loyal, high value)",18,6,2452.89,470,98,0.6231,841.1,False,0.1282954573631286
13599,1,"Champions (loyal, high value)",15,19,7019.62,555,139,0.1002,1946.73,False,0.0107932895421981
14329,1,"Champions (loyal, high value)",90,10,7037.98,540,265,0.0,2069.9,False,0.1569621250033378
12823,1,"Champions (loyal, high value)",71,16,5736.5,496,1,0.08,1743.67,False,0.0997227616608142
14180,1,"Champions (loyal, high value)",2,24,5004.35,365,110,0.2394,2125.92,False,0.0686958253383636
14320,1,"Champions (loyal, high value)",23,5,1346.75,504,68,0.093,414.34,True,0.3602744102478027
12643,1,"Champions (loyal, high value)",37,8,6141.7,428,13,0.0812,1566.78,False,0.0456254377961158
13610,1,"Champions (loyal, high value)",4,10,1517.12,520,227,0.155,388.22,False,0.1720462992787361
12637,1,"Champions (loyal, high value)",56,8,4548.16,360,227,0.1805,1756.86,False,0.0340737130492925
14315,1,"Champions (loyal, high value)",8,4,1572.89,451,52,0.5443,509.43,False,0.2324074923992157
12645,1,"Champions (loyal, high value)",36,6,2329.02,485,90,0.169,729.37,False,0.193242534995079
14078,1,"Champions (loyal, high value)",1,8,1469.52,438,97,0.355,434.13,False,0.1275757610797882
14553,1,"Champions (loyal, high value)",35,6,1294.59,326,169,0.0853,425.8,False,0.1636287912726402
14000,1,"Champions (loyal, high value)",28,5,2046.34,554,28,0.3106,622.57,True,0.2059663712978363
14755,1,"Champions (loyal, high value)",24,18,6824.78,553,184,0.1272,1935.88,False,0.0107932895421981
13988,1,"Champions (loyal, high value)",17,4,1965.92,442,110,0.6898,707.59,False,0.193242534995079
13230,1,"Champions (loyal, high value)",18,25,5342.79,448,541,0.1849,1817.19,False,0.007019704580307
13901,1,"Champions (loyal, high value)",73,12,3457.44,520,178,0.1255,1034.06,False,0.0894483484327793
13989,1,"Champions (loyal, high value)",56,4,1656.65,380,53,0.5413,622.59,False,0.2328669041395187
14748,1,"Champions (loyal, high value)",29,8,2507.7,462,94,0.1199,805.11,False,0.1209090948104858
14758,1,"Champions (loyal, high value)",22,6,2587.85,427,84,0.4664,878.92,False,0.107878790795803
12727,1,"Champions (loyal, high value)",4,8,3905.23,471,112,0.18,1199.14,False,0.0584264643490314
13900,1,"Champions (loyal, high value)",0,6,1610.59,441,80,0.46,542.26,True,0.1562424287199974
13239,1,"Champions (loyal, high value)",78,5,1594.69,319,86,0.2067,686.51,True,0.2211886674165725
13240,1,"Champions (loyal, high value)",74,6,1496.88,469,146,0.1359,514.76,False,0.3382697284221649
12721,1,"Champions (loyal, high value)",0,6,2749.86,288,145,0.3023,1180.83,False,0.0340737130492925
12720,1,"Champions (loyal, high value)",9,14,4208.71,323,187,0.2596,1641.54,False,0.007019704580307
14745,1,"Champions (loyal, high value)",1,9,1933.22,454,58,0.1764,575.71,False,0.112753065675497
12726,1,"Champions (loyal, high value)",1,9,2638.82,441,51,0.3189,880.72,False,0.0155551943928003
12406,1,"Champions (loyal, high value)",0,4,4596.31,514,81,0.3527,1392.14,False,0.2049207717180252
12755,1,"Champions (loyal, high value)",97,11,9030.66,510,34,0.0,2893.22,True,0.193242534995079
13225,1,"Champions (loyal, high value)",13,13,13538.11,539,54,0.0939,3808.24,False,0.0107932895421981
14776,1,"Champions (loyal, high value)",35,7,2244.6,263,62,0.23,1161.21,False,0.0523850634694099
12393,1,"Champions (loyal, high value)",62,5,1877.95,245,53,0.2245,1013.02,False,0.0997227616608142
13208,1,"Champions (loyal, high value)",23,6,1464.81,553,162,0.363,461.03,False,0.2328669041395187
13209,1,"Champions (loyal, high value)",44,8,4980.34,501,170,0.388,1620.48,False,0.0520227447152137
13213,1,"Champions (loyal, high value)",0,9,2882.47,385,136,0.1913,1125.68,False,0.045987756550312
13983,1,"Champions (loyal, high value)",4,17,6186.08,547,216,0.1182,1848.97,False,0.007019704580307
13078,1,"Champions (loyal, high value)",17,41,21371.67,555,131,0.0761,6100.79,False,0.0107932895421981
14770,1,"Champions (loyal, high value)",49,8,3637.64,469,152,0.1643,980.84,True,0.0456254377961158
13984,1,"Champions (loyal, high value)",66,10,1845.32,549,50,0.2344,496.11,False,0.112753065675497
13985,1,"Champions (loyal, high value)",1,10,4126.03,485,91,0.2824,1366.48,False,0.0107932895421981
14766,1,"Champions (loyal, high value)",30,8,5248.97,368,203,0.1878,1758.44,False,0.007019704580307
12731,1,"Champions (loyal, high value)",29,11,14965.89,464,105,0.2662,4813.94,False,0.0144969932734966
12395,1,"Champions (loyal, high value)",28,9,3258.36,419,116,0.179,886.13,False,0.0218345195055007
12399,1,"Champions (loyal, high value)",0,6,1647.68,461,57,0.5092,562.81,False,0.149575762450695
14769,1,"Champions (loyal, high value)",18,13,10934.48,540,616,0.4542,3111.67,False,0.0107932895421981
13993,1,"Champions (loyal, high value)",22,14,4802.17,553,102,0.1395,1299.2,False,0.0155551943928003
14740,1,"Champions (loyal, high value)",14,11,4161.06,469,173,0.2228,1445.87,True,0.0107932895421981
14739,1,"Champions (loyal, high value)",36,21,9692.84,554,116,0.0376,2698.81,False,0.0523850634694099
14001,1,"Champions (loyal, high value)",49,8,3796.15,310,48,0.2655,1701.68,False,0.0503624908626079
14709,1,"Champions (loyal, high value)",4,17,5908.33,551,85,0.1286,1723.12,False,0.0107932895421981
13266,1,"Champions (loyal, high value)",2,13,4127.21,539,120,0.4425,1204.14,False,0.0218345195055007
13267,1,"Champions (loyal, high value)",16,28,7446.91,549,126,0.1307,2159.93,False,0.0107932895421981
14006,1,"Champions (loyal, high value)",58,6,1896.57,469,53,0.1886,587.3,False,0.1792425245046615
12712,1,"Champions (loyal, high value)",17,16,4489.01,547,117,0.2015,1283.79,False,0.0107932895421981
12417,1,"Champions (loyal, high value)",4,16,4456.08,550,209,0.1671,1276.38,False,0.0107932895421981
12423,1,"Champions (loyal, high value)",8,8,1953.77,282,112,0.4691,949.81,False,0.0265964243561029
14702,1,"Champions (loyal, high value)",98,18,4672.43,546,239,0.0,1138.22,False,0.1720462992787361
14701,1,"Champions (loyal, high value)",64,11,3763.47,501,363,0.2239,1100.12,False,0.0523850634694099
14700,1,"Champions (loyal, high value)",6,4,2438.56,302,88,0.6387,1231.45,False,0.134962123632431
12766,1,"Champions (loyal, high value)",57,6,6254.36,224,200,0.1929,3636.55,False,0.0716002315282821
13883,1,"Champions (loyal, high value)",35,13,5603.67,466,189,0.311,1862.38,False,0.0456254377961158
13881,1,"Champions (loyal, high value)",30,27,31589.04,462,161,0.0592,9984.1,False,0.0107234083116054
13269,1,"Champions (loyal, high value)",35,18,5593.7,554,185,0.2478,1640.53,False,0.0144969932734966
12415,1,"Champions (loyal, high value)",20,10,70002.74,344,293,0.1813,31463.84,False,0.007019704580307
13069,1,"Champions (loyal, high value)",6,29,7930.45,360,519,0.182,3090.02,False,0.007019704580307
14713,1,"Champions (loyal, high value)",3,17,4201.75,553,184,0.161,1226.24,False,0.007019704580307
14738,1,"Champions (loyal, high value)",16,6,1033.14,549,41,0.3106,240.8,False,0.2730470806360244
13243,1,"Champions (loyal, high value)",20,5,1278.04,448,165,0.4695,452.55,True,0.2328669041395187
12758,1,"Champions (loyal, high value)",93,6,8681.84,555,168,0.0,1986.25,False,0.2328669041395187
14735,1,"Champions (loyal, high value)",13,41,8729.88,552,158,0.1762,2491.62,False,0.0108048509806394
13995,1,"Champions (loyal, high value)",62,10,2818.77,538,117,0.1101,842.95,False,0.0716002315282821
14733,1,"Champions (loyal, high value)",21,11,14506.64,219,133,0.0666,7823.48,False,0.0107932895421981
14732,1,"Champions (loyal, high value)",3,15,4097.78,547,128,0.1487,1198.38,False,0.0107932895421981
13077,1,"Champions (loyal, high value)",107,10,2912.84,545,176,0.0,824.39,False,0.1653796330094337
13246,1,"Champions (loyal, high value)",23,9,3048.65,342,207,0.1853,1365.36,False,0.0456254377961158
12408,1,"Champions (loyal, high value)",77,5,2049.81,315,65,0.372,1030.65,False,0.1268060944974422
12759,1,"Champions (loyal, high value)",92,6,3622.1,552,160,0.0,1017.36,False,0.2328669041395187
13888,1,"Champions (loyal, high value)",35,6,1802.94,392,110,0.1328,713.9,False,0.193242534995079
13999,1,"Champions (loyal, high value)",31,21,6847.27,551,147,0.093,1946.75,False,0.007019704580307
14583,1,"Champions (loyal, high value)",2,5,1042.81,438,216,0.3014,327.95,False,0.2328669041395187
13263,1,"Champions (loyal, high value)",8,19,4697.34,230,374,0.6127,2689.58,False,0.0212612438946962
12733,1,"Champions (loyal, high value)",51,4,2424.02,506,116,0.1584,489.4,True,0.2619578093290329
13880,1,"Champions (loyal, high value)",3,10,2511.46,379,93,0.3311,990.12,False,0.0155551943928003
13206,1,"Champions (loyal, high value)",217,13,8377.32,549,393,0.0,1040.9,True,0.2965662062168121
13199,1,"Champions (loyal, high value)",14,44,10340.93,551,40,0.1732,3029.57,False,0.0155551943928003
14852,1,"Champions (loyal, high value)",69,13,3800.89,461,92,0.129,1225.24,False,0.0716002315282821
14849,1,"Champions (loyal, high value)",30,28,10245.82,515,194,0.0961,3131.0,False,0.007019704580307
13137,1,"Champions (loyal, high value)",69,10,4926.13,319,482,0.1311,1937.75,False,0.0520227447152137
14844,1,"Champions (loyal, high value)",58,7,4387.17,423,122,0.1993,1351.12,False,0.1201394282281398
13110,1,"Champions (loyal, high value)",74,8,2201.29,555,128,0.0874,573.69,False,0.1720462992787361
13139,1,"Champions (loyal, high value)",32,3,4308.06,254,123,0.2716,848.36,False,0.193242534995079
13113,1,"Champions (loyal, high value)",9,29,15235.93,438,155,0.3949,5368.61,False,0.0155551943928003
14841,1,"Champions (loyal, high value)",91,11,5649.09,554,166,0.0,1509.55,False,0.1569621250033378
13931,1,"Champions (loyal, high value)",97,10,4398.06,553,177,0.0,997.68,False,0.193242534995079
13148,1,"Champions (loyal, high value)",49,20,6703.52,549,375,0.106,1928.21,False,0.0192588981240987
13102,1,"Champions (loyal, high value)",15,28,9041.99,399,168,0.1535,3310.49,False,0.0107932895421981
14837,1,"Champions (loyal, high value)",18,6,2303.08,501,114,0.2137,724.08,False,0.1714916929602623
13157,1,"Champions (loyal, high value)",58,7,4444.08,458,128,0.0675,1618.99,False,0.112753065675497
13098,1,"Champions (loyal, high value)",2,9,7734.97,134,95,0.8393,6748.56,False,0.0107932895421981
13141,1,"Champions (loyal, high value)",31,16,6680.86,547,259,0.1312,1941.8,False,0.007019704580307
13097,1,"Champions (loyal, high value)",50,22,10074.32,555,337,0.1329,2824.39,False,0.0192588981240987
13136,1,"Champions (loyal, high value)",29,9,4241.41,548,160,0.1354,1214.74,False,0.0732668980956077
12744,1,"Champions (loyal, high value)",65,6,8209.58,408,172,0.2581,3120.45,False,0.1265381336212158
13941,1,"Champions (loyal, high value)",114,12,8128.3,540,36,0.0,2179.29,False,0.1799092009663581
12347,1,"Champions (loyal, high value)",0,5,3529.27,221,101,0.2887,2095.7,False,0.0340737130492925
13952,1,"Champions (loyal, high value)",34,14,12823.52,540,237,0.2535,3641.9,True,0.0144969932734966
13124,1,"Champions (loyal, high value)",69,3,3490.24,202,163,0.3776,2140.87,False,0.1636287912726402
13118,1,"Champions (loyal, high value)",25,7,2017.3,256,85,0.3018,1094.74,False,0.0912379138171672
13953,1,"Champions (loyal, high value)",27,8,4875.0,545,1,0.1538,1401.48,False,0.0732668980956077
14854,1,"Champions (loyal, high value)",44,7,2754.36,503,110,0.2647,851.85,False,0.0732668980956077
13126,1,"Champions (loyal, high value)",70,10,2976.03,464,123,0.1076,900.94,False,0.057122116535902
13131,1,"Champions (loyal, high value)",4,5,2565.37,485,98,0.1266,756.2,False,0.22210693359375
14870,1,"Champions (loyal, high value)",78,6,1838.95,500,43,0.178,546.27,True,0.2535876214504242
14868,1,"Champions (loyal, high value)",50,5,1669.75,237,80,0.2631,743.48,False,0.1268060944974422
14867,1,"Champions (loyal, high value)",2,16,2952.06,551,67,0.1387,842.41,True,0.0523850634694099
13117,1,"Champions (loyal, high value)",34,16,2410.27,440,113,0.0667,840.37,False,0.0895712472498417
13115,1,"Champions (loyal, high value)",1,7,4078.47,416,161,0.2154,1370.92,False,0.0912379138171672
12747,1,"Champions (loyal, high value)",15,21,7171.93,549,79,0.1075,2051.74,False,0.0155551943928003
12748,1,"Champions (loyal, high value)",1,206,29415.21,552,1665,0.1446,8570.49,False,0.0155551943928003
14829,1,"Champions (loyal, high value)",1,6,1526.92,253,72,0.0958,769.09,False,0.1720462992787361
14828,1,"Champions (loyal, high value)",13,13,9839.46,549,72,0.1583,2821.28,True,0.0155551943928003
13192,1,"Champions (loyal, high value)",22,5,2110.96,503,113,0.22,530.04,False,0.2108182966709137
14796,1,"Champions (loyal, high value)",34,19,6345.9,542,313,0.1876,1853.01,False,0.0293118081986904
13975,1,"Champions (loyal, high value)",32,8,3794.17,492,345,0.0745,1134.47,False,0.0716002315282821
14794,1,"Champions (loyal, high value)",20,7,1313.53,304,57,0.381,638.18,False,0.0979045800864696
13911,1,"Champions (loyal, high value)",14,17,3357.99,465,152,0.3409,1136.72,False,0.0218345195055007
14790,1,"Champions (loyal, high value)",70,7,1933.72,545,54,0.0787,523.65,False,0.1853796333074569
12749,1,"Champions (loyal, high value)",30,5,3665.58,338,157,0.2344,1505.3,False,0.1636287912726402
13976,1,"Champions (loyal, high value)",23,4,1192.36,485,49,0.3002,363.39,True,0.388569837808609
12753,1,"Champions (loyal, high value)",65,4,12940.51,179,87,0.2781,7748.15,False,0.112753065675497
13082,1,"Champions (loyal, high value)",52,17,5682.3,534,86,0.2782,1713.45,False,0.0340737130492925
13081,1,"Champions (loyal, high value)",34,24,45331.28,548,628,0.1543,12923.05,False,0.0144969932734966
13196,1,"Champions (loyal, high value)",79,4,1783.19,434,89,0.2872,674.91,False,0.2535876214504242
12380,1,"Champions (loyal, high value)",2,5,5345.39,479,123,0.1052,1528.19,False,0.176491692662239
13198,1,"Champions (loyal, high value)",66,5,3660.74,251,207,0.2467,1782.1,False,0.0716002315282821
12370,1,"Champions (loyal, high value)",91,6,3221.03,485,149,0.0,1039.22,False,0.2328669041395187
13971,1,"Champions (loyal, high value)",31,9,2883.83,499,129,0.2223,896.8,False,0.0218345195055007
13183,1,"Champions (loyal, high value)",25,9,4605.48,452,43,0.1959,1534.52,False,0.0107932895421981
14800,1,"Champions (loyal, high value)",8,12,6817.39,252,285,0.24,3790.98,False,0.007019704580307
14825,1,"Champions (loyal, high value)",21,17,3724.04,429,170,0.0378,1304.65,False,0.057122116535902
13162,1,"Champions (loyal, high value)",1,15,8892.64,552,172,0.0621,2501.82,False,0.007019704580307
13093,1,"Champions (loyal, high value)",92,55,54943.65,552,199,0.0,5494.43,True,0.1799092009663581
12356,1,"Champions (loyal, high value)",62,5,5555.33,241,103,0.0867,3082.48,False,0.0734184131026268
13168,1,"Champions (loyal, high value)",16,4,1528.78,359,119,0.086,497.8,False,0.2515810549259186
14817,1,"Champions (loyal, high value)",17,7,3609.86,444,141,0.1328,1211.12,True,0.0719668507575988
13092,1,"Champions (loyal, high value)",28,11,2102.2,484,48,0.0685,575.69,False,0.107878790795803
13969,1,"Champions (loyal, high value)",0,24,6310.39,441,329,0.2117,2178.7,False,0.007019704580307
13090,1,"Champions (loyal, high value)",55,16,8273.87,311,111,0.159,3730.67,False,0.0340737130492925
12359,1,"Champions (loyal, high value)",6,9,6059.09,551,230,0.1831,1669.85,False,0.0456254377961158
13174,1,"Champions (loyal, high value)",133,10,8763.18,552,562,0.0,2387.42,False,0.1849092006683349
14810,1,"Champions (loyal, high value)",15,10,1727.84,246,100,0.3672,978.73,False,0.0658495798707008
13089,1,"Champions (loyal, high value)",2,160,87442.95,554,699,0.1453,25499.93,False,0.0107932895421981
13178,1,"Champions (loyal, high value)",20,15,11052.92,540,179,0.1443,3233.87,False,0.0107932895421981
12360,1,"Champions (loyal, high value)",17,4,2234.41,472,107,0.4133,853.54,False,0.2049207717180252
13203,1,"Champions (loyal, high value)",59,7,1944.5,539,115,0.0852,524.05,False,0.168628790974617
14016,1,"Champions (loyal, high value)",24,10,10326.83,517,323,0.2528,3007.98,False,0.0107932895421981
13719,1,"Champions (loyal, high value)",22,8,2111.33,388,158,0.1604,736.94,False,0.0716002315282821
14696,1,"Champions (loyal, high value)",4,5,1860.34,238,88,0.3135,997.98,False,0.0523850634694099
13015,1,"Champions (loyal, high value)",14,10,5003.18,420,202,0.3524,1717.08,False,0.0523850634694099
14628,1,"Champions (loyal, high value)",59,4,1657.62,500,60,0.2,487.65,False,0.3685436367988586
13018,1,"Champions (loyal, high value)",13,18,6159.42,465,285,0.4922,1903.48,False,0.0107234083116054
13021,1,"Champions (loyal, high value)",32,11,3035.86,551,106,0.2002,867.84,False,0.0303700093179941
13373,1,"Champions (loyal, high value)",93,4,5262.64,550,222,0.0,1560.75,False,0.2619578093290329
14051,1,"Champions (loyal, high value)",30,25,12657.09,553,74,0.2139,3495.87,False,0.0155551943928003
13026,1,"Champions (loyal, high value)",37,6,1001.44,543,25,0.1591,223.5,False,0.3256571114063263
13027,1,"Champions (loyal, high value)",50,16,14263.2,505,7,0.1683,4455.82,False,0.0456254377961158
14049,1,"Champions (loyal, high value)",17,11,10615.77,434,465,0.1909,3806.82,False,0.0456254377961158
14047,1,"Champions (loyal, high value)",16,12,3582.34,493,88,0.0948,1052.5,False,0.0523850634694099
14631,1,"Champions (loyal, high value)",52,5,1648.79,304,55,0.1944,734.03,False,0.0930560953915119
13357,1,"Champions (loyal, high value)",74,5,3817.36,444,283,0.1598,947.26,True,0.2036129057407379
13340,1,"Champions (loyal, high value)",93,6,15042.11,472,116,0.0,3380.58,False,0.2036129057407379
14045,1,"Champions (loyal, high value)",154,15,10905.03,517,16,0.0,2583.78,False,0.2036129057407379
14640,1,"Champions (loyal, high value)",44,5,1955.43,503,105,0.2114,607.96,False,0.193242534995079
14646,1,"Champions (loyal, high value)",8,100,363191.42,554,728,0.1594,104878.26,False,0.0107932895421981
13334,1,"Champions (loyal, high value)",7,4,5458.77,469,280,0.1963,1728.89,False,0.200706735253334
14044,1,"Champions (loyal, high value)",126,7,2640.27,501,464,0.0,817.68,False,0.2328669041395187
14649,1,"Champions (loyal, high value)",29,7,2942.24,505,301,0.1986,854.05,False,0.112753065675497
13037,1,"Champions (loyal, high value)",36,11,3611.2,553,174,0.1599,1023.1,False,0.0293118081986904
14651,1,"Champions (loyal, high value)",28,8,1795.84,448,185,0.2318,548.7,False,0.1194197319447994
13330,1,"Champions (loyal, high value)",2,5,2393.47,471,66,0.1639,682.24,False,0.1282954573631286
14655,1,"Champions (loyal, high value)",39,4,2756.84,413,55,0.294,802.97,False,0.1799092009663581
13327,1,"Champions (loyal, high value)",2,16,8042.45,538,156,0.1149,2225.25,False,0.0107932895421981
14662,1,"Champions (loyal, high value)",51,6,1170.02,553,139,0.1327,346.76,False,0.3685436367988586
13324,1,"Champions (loyal, high value)",20,15,7190.51,380,30,0.3739,2933.37,False,0.030810622870922
14040,1,"Champions (loyal, high value)",0,29,10986.71,555,300,0.0948,3083.51,False,0.0107932895421981
13319,1,"Champions (loyal, high value)",3,45,16246.85,550,268,0.1379,4671.32,False,0.0107932895421981
13044,1,"Champions (loyal, high value)",108,11,4853.9,517,356,0.0,1446.29,True,0.2021944731473922
13014,1,"Champions (loyal, high value)",37,4,3242.83,249,124,0.2506,899.64,False,0.112753065675497
14667,1,"Champions (loyal, high value)",31,40,16608.25,554,472,0.0705,4785.23,False,0.0107932895421981
14626,1,"Champions (loyal, high value)",50,8,3206.55,546,112,0.183,882.24,False,0.057122116535902
14623,1,"Champions (loyal, high value)",3,7,1563.51,419,156,0.2515,535.71,False,0.0913894288241863
14584,1,"Champions (loyal, high value)",0,7,1534.46,477,123,0.5401,493.93,False,0.1849092006683349
12997,1,"Champions (loyal, high value)",53,6,1492.49,429,52,0.203,603.57,False,0.1770462989807129
14587,1,"Champions (loyal, high value)",1,8,1473.53,148,166,0.5068,1137.27,False,0.0750931322574615
13842,1,"Champions (loyal, high value)",16,15,4072.76,478,158,0.1497,1291.04,False,0.0107932895421981
12455,1,"Champions (loyal, high value)",6,6,5303.39,538,167,0.0446,1231.1,False,0.1569621250033378
12451,1,"Champions (loyal, high value)",35,5,8942.18,346,259,0.2671,3526.18,False,0.112753065675497
14593,1,"Champions (loyal, high value)",15,11,3426.11,547,368,0.0991,971.81,False,0.112753065675497
13397,1,"Champions (loyal, high value)",0,8,2628.21,505,61,0.1441,795.19,False,0.0587887831032276
13854,1,"Champions (loyal, high value)",13,30,9303.98,517,53,0.2753,2865.1,False,0.0155551943928003
12693,1,"Champions (loyal, high value)",28,6,1225.88,339,58,0.3236,368.88,False,0.134962123632431
14597,1,"Champions (loyal, high value)",8,5,1483.49,254,44,0.1113,933.36,False,0.1720462992787361
13394,1,"Champions (loyal, high value)",31,14,5037.01,555,199,0.1234,1434.45,False,0.007019704580307
14606,1,"Champions (loyal, high value)",0,143,25627.82,553,1178,0.1108,7447.63,False,0.0107932895421981
14607,1,"Champions (loyal, high value)",78,9,8063.13,541,76,0.0614,1820.38,False,0.1170746020972728
13001,1,"Champions (loyal, high value)",1,30,22198.63,553,295,0.1691,6352.89,False,0.0107932895421981
14064,1,"Champions (loyal, high value)",28,13,2820.84,504,100,0.2329,803.35,False,0.0303700093179941
14062,1,"Champions (loyal, high value)",56,18,19973.98,546,136,0.087,5755.18,False,0.0340737130492925
14060,1,"Champions (loyal, high value)",0,22,6773.76,455,74,0.2161,2361.45,False,0.0117816094309091
13856,1,"Champions (loyal, high value)",0,10,972.53,436,31,0.2252,335.66,False,0.2211886674165725
13004,1,"Champions (loyal, high value)",0,26,8755.96,541,322,0.1335,2576.87,False,0.0107932895421981
13381,1,"Champions (loyal, high value)",24,8,5656.41,555,125,0.1158,1777.79,False,0.0732668980956077
14057,1,"Champions (loyal, high value)",16,13,4867.41,553,194,0.1507,1468.45,False,0.007019704580307
13012,1,"Champions (loyal, high value)",30,6,2018.38,409,67,0.1636,695.02,False,0.112753065675497
12437,1,"Champions (loyal, high value)",15,28,8594.08,554,227,0.1029,2403.27,False,0.007019704580307
12435,1,"Champions (loyal, high value)",84,5,10075.03,554,81,0.3949,2986.85,False,0.1849092006683349
14056,1,"Champions (loyal, high value)",1,11,3695.32,101,238,0.775,3473.66,False,0.0107932895421981
13013,1,"Champions (loyal, high value)",29,20,10187.12,542,246,0.0828,2884.0,False,0.007019704580307
14621,1,"Champions (loyal, high value)",4,6,1848.52,500,88,0.1789,478.99,False,0.193242534995079
13863,1,"Champions (loyal, high value)",64,4,1239.55,410,59,0.2467,422.42,True,0.4068881571292877
14625,1,"Champions (loyal, high value)",13,11,4497.88,540,167,0.0698,1245.29,True,0.0930560953915119
13317,1,"Champions (loyal, high value)",15,18,5526.39,543,180,0.1947,1584.63,False,0.0107932895421981
13362,1,"Champions (loyal, high value)",62,5,3884.86,242,161,0.1979,1990.26,False,0.0716002315282821
14688,1,"Champions (loyal, high value)",15,17,4870.38,273,152,0.223,2464.45,False,0.007019704580307
14032,1,"Champions (loyal, high value)",23,10,3410.25,542,68,0.1778,982.3,False,0.0523850634694099
14692,1,"Champions (loyal, high value)",52,11,1633.84,434,95,0.0609,553.6,False,0.1365454584360122
14031,1,"Champions (loyal, high value)",13,36,31616.87,553,244,0.1068,8637.21,False,0.0108048509806394
12705,1,"Champions (loyal, high value)",18,8,7661.91,350,250,0.2916,2899.59,False,0.0107932895421981
13285,1,"Champions (loyal, high value)",43,4,1828.74,441,112,0.2769,633.86,False,0.2328669041395187
14676,1,"Champions (loyal, high value)",24,9,6957.07,456,66,0.0851,2332.09,False,0.0155551943928003
13870,1,"Champions (loyal, high value)",104,8,3485.17,486,113,0.0,997.64,False,0.1653796330094337
13873,1,"Champions (loyal, high value)",35,7,879.72,463,47,0.1238,276.11,False,0.2965662062168121
12428,1,"Champions (loyal, high value)",59,5,5119.34,100,226,0.137,824.57,False,0.0704328440129757
14680,1,"Champions (loyal, high value)",15,51,43192.54,552,215,0.1447,12596.69,False,0.0107932895421981
14682,1,"Champions (loyal, high value)",4,6,1514.81,489,79,0.0343,414.71,True,0.2771067470312118
13294,1,"Champions (loyal, high value)",6,3,1689.53,463,93,0.5171,391.76,True,0.2535876214504242
12709,1,"Champions (loyal, high value)",7,25,25705.37,547,175,0.0741,7345.35,False,0.0107932895421981
13059,1,"Champions (loyal, high value)",66,10,2303.17,435,155,0.0796,637.6,True,0.1562424287199974
13047,1,"Champions (loyal, high value)",36,20,7229.3,540,147,0.117,2136.72,False,0.0192588981240987
13048,1,"Champions (loyal, high value)",55,7,3188.22,498,115,0.145,974.87,False,0.112753065675497
14021,1,"Champions (loyal, high value)",28,6,1586.38,409,80,0.3163,547.24,False,0.1275757610797882
13305,1,"Champions (loyal, high value)",62,10,2394.1,456,123,0.0813,717.72,False,0.090604294091463
14030,1,"Champions (loyal, high value)",60,17,7337.22,546,522,0.0615,2008.86,False,0.0404710199683904
13050,1,"Champions (loyal, high value)",2,27,9857.57,541,482,0.1345,2902.36,False,0.0107932895421981
13871,1,"Champions (loyal, high value)",23,9,3878.33,536,106,0.3976,1071.56,False,0.0293118081986904
14035,1,"Champions (loyal, high value)",84,6,2129.28,429,47,0.1874,763.16,False,0.1853796333074569
12708,1,"Champions (loyal, high value)",17,13,3507.36,538,99,0.1484,1042.74,False,0.0303700093179941
13313,1,"Champions (loyal, high value)",32,9,2499.74,554,89,0.121,669.31,False,0.112753065675497
12433,1,"Champions (loyal, high value)",183,5,10992.51,293,163,0.0,4098.39,False,0.2730470806360244
14669,1,"Champions (loyal, high value)",58,7,3243.93,554,334,0.1318,805.92,True,0.1849092006683349
12431,1,"Champions (loyal, high value)",17,17,7229.05,510,197,0.131,2026.52,False,0.0107932895421981
14038,1,"Champions (loyal, high value)",24,3,2225.82,490,87,0.3218,643.57,False,0.2535876214504242
14693,1,"Champions (loyal, high value)",81,7,1165.36,342,43,0.1484,498.69,True,0.3995141386985779
14672,1,"Champions (loyal, high value)",51,4,1113.14,497,93,0.4315,368.91,True,0.3712525010108948
13869,1,"Champions (loyal, high value)",79,9,6591.58,508,425,0.1042,1760.72,False,0.0716002315282821
13875,1,"Champions (loyal, high value)",1,12,4095.46,539,136,0.1776,1247.28,False,0.0256081044673919
13316,1,"Champions (loyal, high value)",71,7,8836.32,456,71,0.1836,2540.05,False,0.1201394282281398
12701,1,"Champions (loyal, high value)",59,5,1823.78,450,91,0.1651,524.38,False,0.2211886674165725
12429,1,"Champions (loyal, high value)",44,6,5110.99,363,85,0.0747,1846.04,False,0.112753065675497
13052,1,"Champions (loyal, high value)",29,7,3167.68,471,160,0.1099,979.44,True,0.1720462992787361
17701,2,New / Developing,69,1,417.95,69,24,1.0,368.48,True,0.5788308262825013
13731,2,New / Developing,36,2,610.59,63,36,1.0,647.49,True,0.374429315328598
16377,2,New / Developing,84,2,1308.48,434,6,0.5168,386.48,True,0.4771506547927856
17702,2,New / Developing,23,3,1759.47,217,96,0.25,764.67,False,0.2036129057407379
16230,2,New / Developing,6,2,542.03,37,32,1.0,738.34,True,0.2965662062168121
16144,2,New / Developing,63,1,175.2,63,1,1.0,161.37,True,0.6527320265769958
17658,2,New / Developing,28,1,317.6,28,9,1.0,396.16,False,0.4284809172153473
16378,2,New / Developing,64,3,362.95,127,22,0.2091,256.51,True,0.421520721912384
16146,2,New / Developing,20,3,871.38,265,34,0.7564,468.29,False,0.2535876214504242
12845,2,New / Developing,84,4,354.09,107,26,0.8162,291.27,True,0.4284809172153473
16298,2,New / Developing,3,5,601.8,259,20,0.1899,272.05,False,0.3458887755870819
17678,2,New / Developing,80,2,599.76,420,27,0.497,179.11,True,0.5933535695075989
16394,2,New / Developing,65,2,619.3,106,47,0.4955,483.21,False,0.4068881571292877
16319,2,New / Developing,34,1,404.4,34,3,1.0,475.47,True,0.4357579171657562
17670,2,New / Developing,44,1,205.7,44,11,1.0,220.76,True,0.5245869994163513
12757,2,New / Developing,2,2,846.03,28,78,1.0,742.69,False,0.2535876214504242
16249,2,New / Developing,18,2,1020.53,56,26,1.0,485.06,False,0.2730470806360244
13934,2,New / Developing,80,1,922.1,80,31,1.0,753.87,True,0.5574022650718689
12775,2,New / Developing,6,6,1344.76,226,44,0.662,820.06,False,0.0750931322574615
16135,2,New / Developing,79,2,819.45,400,35,0.6316,318.63,True,0.5625513195991516
16203,2,New / Developing,44,4,839.94,321,47,0.1757,312.65,False,0.3946349263191223
13841,2,New / Developing,69,1,85.0,69,1,1.0,74.94,True,0.6547488331794739
17616,2,New / Developing,71,3,897.6,268,1,0.0909,503.48,False,0.4062379777431488
13720,2,New / Developing,55,2,432.1,71,26,1.0,332.88,False,0.4144762337207794
17664,2,New / Developing,29,3,887.78,437,51,0.3674,273.28,False,0.3820308923721313
16309,2,New / Developing,57,1,334.2,57,21,1.0,322.23,False,0.4907220959663391
16392,2,New / Developing,86,3,761.8,378,124,0.2904,297.69,True,0.4092897891998291
16244,2,New / Developing,28,2,2579.38,189,88,0.1807,524.44,True,0.3256571114063263
13784,2,New / Developing,2,9,1475.87,267,12,0.4079,634.55,False,0.0523850634694099
16245,2,New / Developing,73,1,453.98,73,30,1.0,389.15,False,0.5574022650718689
17705,2,New / Developing,32,5,617.68,393,37,0.3578,241.99,False,0.3382697284221649
16139,2,New / Developing,23,3,615.54,553,29,0.2271,102.65,False,0.4771506547927856
16389,2,New / Developing,22,2,670.17,100,16,0.8215,933.71,False,0.348597639799118
17704,2,New / Developing,56,1,387.29,56,16,1.0,376.35,False,0.4733293533325195
13725,2,New / Developing,42,6,1751.6,125,83,0.1711,806.8,False,0.0997227616608142
13837,2,New / Developing,28,2,271.24,134,17,0.5808,234.36,True,0.5269871115684509
16250,2,New / Developing,78,3,791.38,203,29,0.2063,512.53,True,0.4208928406238555
16384,2,New / Developing,80,3,1183.55,407,71,0.3457,423.33,False,0.3966857552528381
13885,2,New / Developing,6,2,506.8,17,28,1.0,389.42,True,0.3410601019859314
16142,2,New / Developing,66,1,535.34,66,37,1.0,482.29,True,0.459757912158966
13846,2,New / Developing,59,3,1106.66,216,69,0.2282,538.56,False,0.29327874481678
16227,2,New / Developing,42,3,1027.22,352,28,0.3059,396.87,True,0.4284809172153473
16297,2,New / Developing,85,1,301.9,85,20,1.0,238.94,True,0.603021764755249
16226,2,New / Developing,20,5,672.17,230,23,0.3795,244.62,True,0.2535876214504242
12770,2,New / Developing,27,2,3246.45,273,19,0.4163,1136.87,True,0.2826785266399383
16162,2,New / Developing,69,1,37.4,69,2,1.0,32.97,True,0.695357871055603
12792,2,New / Developing,73,2,715.01,351,38,0.4819,239.04,True,0.5537233471870422
12754,2,New / Developing,52,3,3010.74,125,49,0.9795,3414.77,True,0.1201394282281398
17615,2,New / Developing,20,5,675.9,302,44,0.4029,314.87,False,0.2535876214504242
13741,2,New / Developing,0,2,363.13,34,20,1.0,583.14,False,0.3382697284221649
12769,2,New / Developing,55,1,1143.6,55,32,1.0,1120.13,True,0.4284809172153473
13865,2,New / Developing,3,2,282.52,106,17,0.5636,278.39,False,0.4933562397956848
13908,2,New / Developing,31,2,781.11,93,48,0.429,594.38,False,0.3091788232326508
13811,2,New / Developing,0,2,519.75,56,5,1.0,701.86,True,0.3699213802814484
17652,2,New / Developing,0,4,1629.4,98,68,0.8636,1826.94,False,0.0979045800864696
16356,2,New / Developing,14,6,415.87,368,27,0.264,156.45,True,0.3598934590816497
13743,2,New / Developing,34,2,353.16,76,7,1.0,422.96,False,0.4117673695087432
16348,2,New / Developing,8,4,909.75,247,115,0.6386,438.76,False,0.193242534995079
12811,2,New / Developing,78,4,893.9,244,46,0.2759,448.36,True,0.3458887755870819
13752,2,New / Developing,1,5,1295.98,344,69,0.6879,455.17,False,0.1636287912726402
16217,2,New / Developing,52,2,304.25,99,13,0.3985,214.07,True,0.5569449424743652
17648,2,New / Developing,9,4,1526.26,202,96,0.7256,963.54,False,0.1636287912726402
12815,2,New / Developing,15,1,495.36,15,30,1.0,712.07,False,0.4035291135311126
17601,2,New / Developing,56,2,421.06,197,68,0.2755,133.75,True,0.50070139169693
12821,2,New / Developing,31,2,220.8,428,13,0.4199,60.3,True,0.6260984539985657
12787,2,New / Developing,9,2,523.62,230,27,0.2733,148.37,False,0.4771506547927856
16172,2,New / Developing,58,4,943.72,330,54,0.2113,504.0,False,0.4092897891998291
12818,2,New / Developing,78,1,1182.08,78,13,1.0,979.36,True,0.4557848036289215
12790,2,New / Developing,9,2,546.85,227,35,0.5393,296.77,True,0.4706952095031738
13835,2,New / Developing,32,4,589.15,462,34,0.5575,194.02,False,0.4284809172153473
16357,2,New / Developing,30,2,347.39,198,20,0.397,158.68,False,0.5269871115684509
17630,2,New / Developing,49,1,335.5,49,19,1.0,345.05,False,0.4733293533325195
16193,2,New / Developing,53,2,630.43,227,38,0.4988,309.08,True,0.4706952095031738
16152,2,New / Developing,85,1,1829.04,85,29,1.0,1447.58,True,0.4357579171657562
16256,2,New / Developing,83,3,1579.37,414,26,0.4764,510.16,True,0.3264293164014816
17671,2,New / Developing,28,3,1617.36,192,40,0.2427,1055.81,False,0.2535876214504242
16370,2,New / Developing,42,1,275.54,42,61,1.0,300.96,False,0.4284809172153473
13867,2,New / Developing,35,1,138.85,35,8,1.0,161.71,False,0.5433783411979676
13918,2,New / Developing,70,1,198.2,70,8,1.0,173.5,False,0.6221997261047363
16323,2,New / Developing,13,2,353.66,394,4,0.5867,136.31,True,0.565748393535614
16224,2,New / Developing,57,3,864.45,204,62,0.6284,461.37,False,0.2328669041395187
13862,2,New / Developing,4,5,1499.24,206,77,0.3159,876.62,False,0.0750931322574615
13887,2,New / Developing,21,1,349.55,21,19,1.0,469.41,True,0.4138260543346405
16216,2,New / Developing,84,1,914.93,84,37,1.0,728.77,True,0.5574022650718689
17629,2,New / Developing,31,5,1247.59,238,78,0.2946,613.94,False,0.1268060944974422
13737,2,New / Developing,17,1,339.6,17,29,1.0,476.96,True,0.4151160776615142
13917,2,New / Developing,8,1,65.38,8,5,1.0,102.41,False,0.5218760251998902
12808,2,New / Developing,1,4,647.8,279,34,0.2346,292.72,False,0.3866349279880524
16185,2,New / Developing,49,2,450.31,381,28,0.7439,219.48,False,0.5897693395614624
16184,2,New / Developing,28,1,148.22,28,9,1.0,184.88,False,0.5245869994163513
17698,2,New / Developing,77,1,154.95,77,8,1.0,129.24,True,0.6724875807762146
17697,2,New / Developing,53,1,338.95,53,19,1.0,337.35,True,0.5269871115684509
16261,2,New / Developing,63,3,567.58,259,83,0.4492,297.59,False,0.3763166069984436
16214,2,New / Developing,69,3,1725.17,252,78,0.4345,538.59,False,0.2211886674165725
12831,2,New / Developing,79,3,451.11,280,16,0.4767,180.98,True,0.5621641635894775
16358,2,New / Developing,1,2,1354.3,211,61,0.3412,485.94,False,0.2826785266399383
16188,2,New / Developing,43,3,671.57,225,46,0.8425,451.7,False,0.3021379858255386
16239,2,New / Developing,6,5,1425.9,280,21,0.244,698.65,False,0.1433796316385269
16657,2,New / Developing,71,1,242.55,71,65,1.0,210.83,False,0.5245869994163513
16398,2,New / Developing,70,1,1169.95,70,63,1.0,1024.16,False,0.4284809172153473
16899,2,New / Developing,24,4,787.01,214,68,0.2249,392.5,False,0.2660642623901367
13358,2,New / Developing,85,1,389.03,85,28,1.0,307.89,True,0.565748393535614
13341,2,New / Developing,77,1,775.85,77,42,1.0,647.13,True,0.5405466914176941
13339,2,New / Developing,17,1,860.12,17,54,1.0,1208.03,True,0.3458887755870819
13035,2,New / Developing,77,2,775.32,248,22,0.4295,301.49,False,0.5261715054512024
13038,2,New / Developing,0,2,591.76,107,22,0.3323,338.08,False,0.40034921169281
13320,2,New / Developing,30,4,1188.01,295,62,0.4281,570.94,False,0.2328669041395187
16942,2,New / Developing,6,4,908.24,44,89,1.0,1293.67,False,0.1636287912726402
16943,2,New / Developing,28,3,816.73,135,23,0.4478,424.23,True,0.2535876214504242
13046,2,New / Developing,83,2,517.66,273,31,0.3819,169.95,False,0.567953622341156
13310,2,New / Developing,23,4,1226.82,219,65,0.3321,736.61,False,0.1645758673548698
16947,2,New / Developing,52,4,946.71,463,49,0.4294,182.03,True,0.3769667863845825
13309,2,New / Developing,23,3,796.22,209,59,0.1958,466.01,False,0.2054096698760986
16949,2,New / Developing,2,4,893.75,133,32,0.9167,885.95,False,0.134962123632431
13308,2,New / Developing,20,2,1099.81,413,42,0.741,493.11,False,0.4455625832080841
16957,2,New / Developing,56,2,416.64,98,15,0.7244,503.84,True,0.4660523533821106
13055,2,New / Developing,30,2,1451.56,246,99,0.2376,321.9,False,0.3565976381301879
16963,2,New / Developing,4,1,110.55,4,7,1.0,182.55,True,0.5364856719970703
16965,2,New / Developing,43,1,192.07,43,25,1.0,207.95,True,0.5245869994163513
16966,2,New / Developing,14,3,1154.4,57,8,1.0,1374.32,False,0.128669935464859
16967,2,New / Developing,6,1,319.02,6,21,1.0,512.89,True,0.40034921169281
16969,2,New / Developing,8,1,397.36,8,27,1.0,622.44,False,0.3833294570446014
13301,2,New / Developing,39,2,327.77,109,40,0.4694,257.25,False,0.4907220959663391
16976,2,New / Developing,84,1,251.52,84,2,1.0,200.34,True,0.6575504064559936
13060,2,New / Developing,70,1,307.53,70,15,1.0,269.21,True,0.5788308262825013
16980,2,New / Developing,72,3,1473.33,245,91,0.2352,785.84,True,0.3083934962749481
13283,2,New / Developing,2,3,305.2,457,14,0.0836,84.69,False,0.5110155582427979
13282,2,New / Developing,37,2,525.75,223,27,0.6556,345.24,False,0.5069602251052856
13062,2,New / Developing,8,1,346.98,8,11,1.0,543.52,True,0.4062379777431488
13365,2,New / Developing,34,1,700.6,34,39,1.0,823.72,False,0.3699213802814484
17302,2,New / Developing,25,2,303.12,122,35,0.3968,194.29,False,0.4933562397956848
13368,2,New / Developing,73,4,1021.5,240,44,0.5267,416.97,True,0.2965662062168121
16882,2,New / Developing,56,2,215.7,134,15,0.9541,293.15,False,0.5790721774101257
17384,2,New / Developing,36,2,398.8,284,7,0.5708,192.9,False,0.5731026768684387
12990,2,New / Developing,2,6,809.9,436,6,0.2055,283.24,False,0.2771067470312118
16810,2,New / Developing,9,2,842.04,237,34,0.3676,300.91,True,0.449089503288269
16813,2,New / Developing,8,2,316.8,21,110,1.0,380.37,False,0.2965662062168121
16818,2,New / Developing,0,4,1193.17,22,71,1.0,1526.03,False,0.1268060944974422
12994,2,New / Developing,85,1,352.6,85,22,1.0,279.06,False,0.5882045149803161
16825,2,New / Developing,2,4,1370.41,351,35,0.2326,526.7,False,0.215291142463684
17375,2,New / Developing,16,4,660.55,248,77,0.1722,279.97,True,0.2965662062168121
17374,2,New / Developing,35,3,727.11,212,34,0.4178,416.58,True,0.3378250539302826
16832,2,New / Developing,1,5,417.61,275,19,0.4769,192.27,True,0.3382697284221649
13404,2,New / Developing,29,1,217.81,29,9,1.0,268.95,False,0.430217844247818
16834,2,New / Developing,44,2,898.96,491,43,0.4599,217.58,True,0.5036080479621887
16837,2,New / Developing,14,8,1814.74,62,76,1.0,2527.38,False,0.0686958253383636
13398,2,New / Developing,9,2,670.34,265,37,0.6823,403.01,True,0.4571237683296204
12999,2,New / Developing,13,3,455.88,62,25,1.0,257.9,True,0.2328669041395187
13395,2,New / Developing,2,3,1180.23,238,77,0.2607,518.27,True,0.2328669041395187
16849,2,New / Developing,3,1,124.57,3,8,1.0,208.52,True,0.5438308238983154
13391,2,New / Developing,20,1,59.8,20,1,1.0,81.2,True,0.5648326516151428
17367,2,New / Developing,55,1,168.4,55,33,1.0,164.94,True,0.6112612128257752
13389,2,New / Developing,49,1,257.89,49,18,1.0,265.23,False,0.4733293533325195
13003,2,New / Developing,31,1,59.05,31,4,1.0,71.48,False,0.5695945501327515
13005,2,New / Developing,63,3,807.63,274,38,0.3983,393.24,False,0.423115062713623
17361,2,New / Developing,3,4,656.36,493,41,0.3335,115.57,False,0.4208928406238555
17360,2,New / Developing,1,4,976.54,251,137,0.3389,542.25,False,0.2535876214504242
16871,2,New / Developing,27,4,2037.82,87,104,1.0,2203.94,False,0.1268060944974422
16872,2,New / Developing,1,4,921.47,280,10,0.4215,507.97,False,0.2662002384662628
13376,2,New / Developing,20,2,670.0,51,33,1.0,823.03,False,0.2730470806360244
16877,2,New / Developing,25,1,77.75,25,25,1.0,100.03,False,0.5355163812637329
16880,2,New / Developing,6,2,591.66,310,36,0.4561,213.78,False,0.4907220959663391
16892,2,New / Developing,0,3,339.54,548,57,0.3033,97.01,False,0.4907220959663391
16990,2,New / Developing,35,2,344.0,239,1,0.5203,175.6,True,0.565748393535614
16996,2,New / Developing,62,7,1367.53,234,30,0.4193,626.22,False,0.1268060944974422
16998,2,New / Developing,21,4,394.1,261,2,0.5001,211.01,False,0.3683166086673736
17114,2,New / Developing,25,4,446.09,151,59,0.3943,305.19,False,0.2965662062168121
17252,2,New / Developing,3,1,341.96,3,85,1.0,572.42,False,0.3598934590816497
17250,2,New / Developing,78,1,162.65,78,23,1.0,134.76,False,0.6722629308700562
17120,2,New / Developing,50,1,307.46,50,18,1.0,313.6,True,0.4733293533325195
17124,2,New / Developing,2,1,298.89,2,31,1.0,507.3,True,0.4284809172153473
13185,2,New / Developing,84,1,71.4,84,1,1.0,56.87,True,0.7159578323364257
13184,2,New / Developing,1,5,918.97,107,75,0.7687,841.3,False,0.0767597988247871
17245,2,New / Developing,21,2,371.63,506,24,0.4613,91.79,True,0.5824150562286377
17134,2,New / Developing,81,2,542.6,259,29,0.6091,289.12,False,0.5731026768684387
17140,2,New / Developing,64,1,465.32,64,16,1.0,425.41,True,0.5245869994163513
13169,2,New / Developing,69,2,632.4,379,11,0.7989,326.43,False,0.5673132181167603
13094,2,New / Developing,8,9,1598.88,206,5,0.3528,933.6,False,0.0523850634694099
17152,2,New / Developing,11,4,2016.5,242,9,0.8378,1277.97,True,0.1799092009663581
17162,2,New / Developing,7,8,1165.28,122,70,0.4541,845.57,False,0.0895712472498417
17164,2,New / Developing,29,2,943.22,90,49,0.3351,573.16,False,0.3167978703975677
17166,2,New / Developing,20,1,127.59,20,10,1.0,173.24,False,0.5110155582427979
17169,2,New / Developing,0,2,629.63,395,31,0.4903,199.39,False,0.5188263535499573
13138,2,New / Developing,57,3,891.7,213,31,0.2171,477.2,False,0.3458887755870819
17174,2,New / Developing,34,1,59.9,34,4,1.0,70.43,True,0.5908692598342895
17176,2,New / Developing,18,3,902.32,494,37,0.3393,261.98,True,0.4025745213031769
13135,2,New / Developing,13,2,3371.45,308,18,0.9183,2366.43,True,0.2535876214504242
17187,2,New / Developing,43,2,467.71,343,21,0.4361,149.1,True,0.5673132181167603
13134,2,New / Developing,0,5,1567.39,233,61,0.5651,897.05,False,0.0997227616608142
13132,2,New / Developing,78,1,77.3,78,3,1.0,64.04,True,0.7159578323364257
17217,2,New / Developing,51,2,218.0,436,27,0.5206,70.8,True,0.6547488331794739
17214,2,New / Developing,66,4,613.67,176,56,0.2617,379.54,False,0.3308025538921356
17212,2,New / Developing,70,3,794.41,303,29,0.2856,219.9,True,0.4208928406238555
13120,2,New / Developing,55,1,30.6,55,1,1.0,29.97,True,0.6678120851516723
13122,2,New / Developing,57,1,903.67,57,54,1.0,871.3,False,0.4138260543346405
17109,2,New / Developing,49,4,875.01,314,70,0.531,423.95,False,0.2535876214504242
17102,2,New / Developing,78,1,25.5,78,1,1.0,21.13,True,0.7159578323364257
17263,2,New / Developing,25,1,63.44,25,23,1.0,81.62,True,0.5393625378608704
17088,2,New / Developing,70,1,1015.83,70,55,1.0,889.25,False,0.4284809172153473
13268,2,New / Developing,15,5,1837.78,84,199,1.0,1590.17,False,0.0523016765713691
13265,2,New / Developing,0,3,1465.66,90,44,0.7902,1711.38,False,0.0912379138171672
17007,2,New / Developing,18,5,692.9,254,40,0.3689,316.42,False,0.2535876214504242
17015,2,New / Developing,2,1,524.5,2,116,1.0,890.22,False,0.3167978703975677
13262,2,New / Developing,80,3,573.45,417,48,0.3493,167.2,True,0.4571237683296204
13261,2,New / Developing,85,2,944.1,102,8,0.1049,162.02,True,0.538601565361023
13258,2,New / Developing,22,3,561.22,217,14,0.4002,354.69,False,0.4022581577301025
13070,2,New / Developing,9,4,751.7,549,12,0.3044,214.48,True,0.4025745213031769
13072,2,New / Developing,83,1,177.15,83,7,1.0,142.02,True,0.6756865024566651
17026,2,New / Developing,2,3,208.98,234,4,0.5823,154.42,True,0.4771506547927856
17033,2,New / Developing,31,3,910.75,214,22,0.3297,506.37,False,0.3195067346096039
13248,2,New / Developing,6,1,387.47,6,21,1.0,622.94,False,0.40034921169281
17278,2,New / Developing,58,2,271.24,382,17,0.9071,162.35,True,0.6185654997825623
17042,2,New / Developing,13,2,495.39,64,51,1.0,494.28,False,0.2730470806360244
16806,2,New / Developing,37,2,388.42,56,27,1.0,343.39,False,0.4085874676704407
13242,2,New / Developing,30,6,533.0,485,15,0.1951,160.17,False,0.3889206409454345
17277,2,New / Developing,44,2,1065.35,139,67,0.327,480.43,True,0.3806302428245544
13235,2,New / Developing,29,1,1031.07,29,53,1.0,1273.17,True,0.3642070949077606
17054,2,New / Developing,24,3,918.82,62,46,1.0,1063.62,False,0.1952795714139938
17058,2,New / Developing,16,2,819.66,56,42,1.0,556.14,False,0.2535876214504242
13232,2,New / Developing,13,3,691.3,60,98,1.0,1040.42,False,0.134962123632431
17060,2,New / Developing,83,1,234.24,83,5,1.0,187.79,True,0.6260984539985657
17061,2,New / Developing,9,7,3250.23,49,46,1.0,2281.55,False,0.0344360318034887
13229,2,New / Developing,42,1,160.95,42,10,1.0,175.8,True,0.5366940498352051
13227,2,New / Developing,18,1,257.7,18,9,1.0,357.83,True,0.4284809172153473
17272,2,New / Developing,16,2,1409.44,79,59,1.0,1449.81,False,0.193242534995079
13223,2,New / Developing,17,6,969.12,482,8,0.1684,280.97,True,0.3167978703975677
13221,2,New / Developing,57,2,844.86,176,61,0.4104,405.18,True,0.4284809172153473
13220,2,New / Developing,2,4,1243.29,392,43,0.5843,347.98,False,0.2826785266399383
13216,2,New / Developing,84,1,333.74,84,5,1.0,265.83,True,0.5766869068145752
17045,2,New / Developing,64,3,528.19,246,29,0.0756,129.56,False,0.4284809172153473
16804,2,New / Developing,87,1,118.05,87,19,1.0,92.25,False,0.6884120464324951
16801,2,New / Developing,9,3,1478.88,90,70,0.4916,1073.98,False,0.1194197319447994
13427,2,New / Developing,32,4,638.43,539,23,0.336,197.46,False,0.4208928406238555
12891,2,New / Developing,2,11,840.5,476,2,0.3438,293.11,True,0.1636287912726402
17507,2,New / Developing,78,2,605.58,126,79,0.4376,373.32,True,0.4524809122085571
13642,2,New / Developing,32,4,514.72,249,93,0.6893,327.54,True,0.4138260543346405
12897,2,New / Developing,21,4,514.25,360,10,0.1705,212.55,True,0.3866349279880524
13637,2,New / Developing,4,2,683.6,43,74,1.0,691.35,False,0.2535876214504242
13636,2,New / Developing,69,3,541.45,102,32,0.7147,488.48,False,0.2730470806360244
17501,2,New / Developing,37,2,288.6,37,18,1.0,329.86,True,0.4284809172153473
13631,2,New / Developing,18,4,1330.0,84,3,1.0,1889.58,False,0.1636287912726402
13630,2,New / Developing,1,3,1051.84,102,46,0.7156,1040.12,False,0.134962123632431
16552,2,New / Developing,59,2,475.02,190,17,0.5988,317.25,True,0.50070139169693
13626,2,New / Developing,69,2,707.04,196,44,0.3638,279.68,True,0.4284809172153473
17492,2,New / Developing,65,3,1122.42,335,32,0.3337,444.03,True,0.4208928406238555
12902,2,New / Developing,81,1,138.68,81,10,1.0,112.64,True,0.6756865024566651
17489,2,New / Developing,29,1,208.56,29,16,1.0,257.53,False,0.4296499490737915
17486,2,New / Developing,78,1,396.87,78,24,1.0,328.81,True,0.5788308262825013
17483,2,New / Developing,0,2,332.79,231,14,0.4661,159.87,False,0.4933562397956848
16566,2,New / Developing,9,2,280.12,109,6,0.6612,314.17,False,0.4933562397956848
16567,2,New / Developing,11,2,865.6,153,34,0.3559,410.24,True,0.3167978703975677
13606,2,New / Developing,60,2,250.42,128,37,0.7204,264.73,False,0.5788308262825013
13601,2,New / Developing,28,3,865.02,363,114,0.4314,361.82,False,0.3565976381301879
16586,2,New / Developing,65,3,1462.78,452,27,0.3172,510.56,True,0.388569837808609
16587,2,New / Developing,49,1,225.15,49,13,1.0,231.56,True,0.547788655757904
13592,2,New / Developing,22,3,205.51,81,12,1.0,213.61,False,0.391142863035202
13588,2,New / Developing,72,1,113.3,72,8,1.0,97.8,False,0.6678120851516723
16609,2,New / Developing,14,3,1987.62,69,87,1.0,2396.45,False,0.0997227616608142
16610,2,New / Developing,36,1,75.66,36,6,1.0,87.29,True,0.599583625793457
16617,2,New / Developing,52,1,151.85,52,5,1.0,152.36,True,0.6237118601799011
16618,2,New / Developing,27,4,1441.29,139,44,0.4948,800.22,False,0.1268060944974422
13572,2,New / Developing,22,1,1384.25,22,32,1.0,1838.78,True,0.30141122341156
13657,2,New / Developing,18,1,152.34,18,9,1.0,211.53,False,0.4797847986221313
17516,2,New / Developing,34,4,644.68,195,115,0.1976,407.4,False,0.31057088971138
12888,2,New / Developing,31,2,354.12,72,4,1.0,181.93,True,0.4284809172153473
17521,2,New / Developing,16,3,714.41,251,37,0.2233,350.73,False,0.3576536834239959
16399,2,New / Developing,52,2,409.86,206,64,0.4309,191.59,False,0.4980672478675842
13718,2,New / Developing,63,2,306.55,112,9,0.628,301.99,True,0.5054632902145386
13717,2,New / Developing,57,4,888.88,302,54,0.3066,412.62,False,0.3458887755870819
16402,2,New / Developing,81,2,511.4,186,55,0.1717,105.95,True,0.5355163812637329
13716,2,New / Developing,86,1,138.28,86,21,1.0,108.75,True,0.673669695854187
13712,2,New / Developing,63,2,766.42,427,32,0.2986,137.92,True,0.4771506547927856
13708,2,New / Developing,88,1,294.88,88,48,1.0,228.99,True,0.603021764755249
16418,2,New / Developing,43,3,572.58,239,71,0.2548,358.78,False,0.4092897891998291
17556,2,New / Developing,22,2,300.67,196,13,0.5252,181.96,True,0.5439133286476135
16424,2,New / Developing,8,2,443.06,199,10,0.3014,155.14,True,0.4933562397956848
16427,2,New / Developing,80,2,241.06,101,8,0.5445,213.66,True,0.606226897239685
16431,2,New / Developing,30,3,642.81,114,51,0.465,474.33,True,0.3458887755870819
13695,2,New / Developing,6,6,892.52,394,19,0.7013,279.14,False,0.2535876214504242
17548,2,New / Developing,50,4,731.26,213,22,0.1413,417.85,True,0.3516030609607696
16621,2,New / Developing,32,2,490.7,94,14,0.6681,577.88,False,0.4284809172153473
16440,2,New / Developing,31,2,488.76,310,58,0.5575,214.03,False,0.5319321513175964
17542,2,New / Developing,86,3,341.7,458,57,0.4997,97.96,True,0.6189089059829712
16448,2,New / Developing,15,2,367.87,288,45,0.5135,161.1,True,0.5188624382019043
16449,2,New / Developing,14,2,707.69,97,40,0.4112,515.07,True,0.3195067346096039
16457,2,New / Developing,35,1,208.36,35,9,1.0,242.66,True,0.459757912158966
13682,2,New / Developing,4,1,59.5,4,3,1.0,98.25,True,0.5474150538444519
16462,2,New / Developing,2,2,68.0,100,1,0.5,77.14,False,0.5862612128257751
16463,2,New / Developing,21,1,319.37,21,19,1.0,428.88,False,0.4079372882843017
16469,2,New / Developing,63,3,455.36,331,73,0.608,203.79,False,0.4524809122085571
12878,2,New / Developing,53,2,854.99,83,38,1.0,968.24,True,0.3382697284221649
17527,2,New / Developing,35,1,292.11,35,7,1.0,340.19,False,0.459757912158966
16483,2,New / Developing,9,1,139.35,9,19,1.0,215.52,True,0.5060705184936524
16484,2,New / Developing,7,1,285.7,7,18,1.0,453.35,False,0.4284809172153473
12886,2,New / Developing,36,1,775.0,36,47,1.0,894.1,False,0.3678812026977539
17522,2,New / Developing,0,3,782.98,35,49,1.0,1439.76,False,0.134962123632431
12871,2,New / Developing,24,2,495.38,256,9,0.2665,126.17,False,0.5090983390808106
17574,2,New / Developing,59,1,185.65,59,8,1.0,176.25,True,0.6270384311676025
16624,2,New / Developing,14,1,426.43,14,21,1.0,620.27,False,0.40034921169281
16626,2,New / Developing,1,2,1391.88,83,68,1.0,1138.67,False,0.2211886674165725
13516,2,New / Developing,55,2,441.85,234,22,0.3304,145.99,False,0.5574022650718689
13515,2,New / Developing,64,3,578.1,461,28,0.3518,176.0,False,0.4771506547927856
13512,2,New / Developing,77,4,713.39,400,31,0.3521,258.99,True,0.4092897891998291
13509,2,New / Developing,71,4,785.02,324,23,0.3994,355.82,False,0.3747874617576599
13508,2,New / Developing,60,2,287.05,459,27,0.3866,66.25,True,0.6478933215141296
16721,2,New / Developing,79,1,292.47,79,37,1.0,240.7,True,0.5920506715774536
13505,2,New / Developing,9,2,1596.09,49,89,1.0,1807.81,False,0.2108182966709137
13499,2,New / Developing,42,2,463.79,86,18,1.0,558.43,False,0.4085874676704407
16728,2,New / Developing,53,2,326.93,81,82,1.0,202.78,False,0.3975073277950287
16730,2,New / Developing,51,2,480.94,136,35,0.6111,410.51,False,0.4284809172153473
13492,2,New / Developing,31,1,315.3,31,15,1.0,381.66,False,0.4284809172153473
17410,2,New / Developing,32,1,302.4,32,15,1.0,362.48,False,0.4284809172153473
13487,2,New / Developing,30,4,680.27,551,26,0.317,205.61,False,0.4150040745735168
13484,2,New / Developing,58,3,790.72,456,38,0.3969,282.0,True,0.4771506547927856
16750,2,New / Developing,49,1,118.7,49,10,1.0,122.08,False,0.6307745456695557
13482,2,New / Developing,49,2,336.09,444,20,0.5494,109.37,True,0.6185654997825623
13479,2,New / Developing,17,4,851.37,294,45,0.3535,282.93,True,0.2946927458047866
12974,2,New / Developing,14,2,408.95,382,27,0.3541,99.86,True,0.5824150562286377
16763,2,New / Developing,15,2,964.7,555,44,0.6342,288.49,True,0.4771506547927856
13475,2,New / Developing,8,4,1431.78,115,64,0.7785,1312.06,True,0.0912379138171672
13474,2,New / Developing,53,3,663.79,312,116,0.3459,188.13,True,0.4150040745735168
17398,2,New / Developing,27,2,528.45,72,26,1.0,460.78,False,0.3779213786125183
13456,2,New / Developing,24,1,207.66,24,13,1.0,270.0,False,0.4357579171657562
13452,2,New / Developing,76,3,729.8,289,2,0.8084,382.33,True,0.4284809172153473
16780,2,New / Developing,76,2,342.25,224,44,0.473,163.53,False,0.5824150562286377
17394,2,New / Developing,36,1,203.87,36,4,1.0,235.2,True,0.487015563249588
13439,2,New / Developing,72,3,986.61,343,132,0.2876,397.88,True,0.3706023216247558
13437,2,New / Developing,7,1,1440.9,7,80,1.0,2286.43,False,0.2535876214504242
13435,2,New / Developing,6,3,1109.06,317,56,0.4001,484.42,False,0.2432172507047653
12955,2,New / Developing,20,3,697.42,84,27,1.0,351.73,False,0.1748725995421409
13524,2,New / Developing,36,1,159.2,36,9,1.0,183.67,False,0.5245869994163513
13525,2,New / Developing,65,1,282.88,65,2,1.0,256.72,False,0.5589853644371032
13529,2,New / Developing,21,1,181.1,21,7,1.0,243.2,False,0.5110155582427979
16628,2,New / Developing,35,4,842.96,458,43,0.8457,318.42,False,0.3538887739181519
17455,2,New / Developing,20,1,131.7,20,8,1.0,178.82,True,0.5060705184936524
16633,2,New / Developing,51,1,447.52,51,26,1.0,452.71,False,0.459757912158966
16637,2,New / Developing,42,1,303.62,42,16,1.0,331.63,False,0.4524809122085571
16639,2,New / Developing,23,3,961.62,226,48,0.49,380.27,False,0.2211886674165725
16642,2,New / Developing,24,2,696.85,232,33,0.4416,302.27,False,0.4524809122085571
16643,2,New / Developing,62,2,923.11,239,48,0.5281,453.0,True,0.4284809172153473
16644,2,New / Developing,29,1,722.41,29,54,1.0,892.03,False,0.3167978703975677
16647,2,New / Developing,21,3,455.59,361,25,0.2804,175.89,False,0.4208928406238555
17443,2,New / Developing,36,1,534.24,36,1,1.0,616.34,True,0.4284809172153473
17440,2,New / Developing,64,3,261.78,366,4,0.476,88.76,False,0.5971997261047364
12942,2,New / Developing,14,2,655.27,182,23,0.2102,169.79,False,0.4284809172153473
16659,2,New / Developing,6,1,39.12,6,2,1.0,62.89,True,0.538949191570282
17436,2,New / Developing,43,4,440.16,549,5,0.2781,131.34,False,0.4531506597995758
13570,2,New / Developing,60,1,239.49,60,27,1.0,225.63,True,0.5714856743812561
13549,2,New / Developing,9,4,600.15,204,34,0.854,414.02,False,0.2535876214504242
16672,2,New / Developing,1,10,4154.34,83,22,1.0,3785.82,False,0.0456254377961158
13546,2,New / Developing,17,3,653.31,241,58,0.288,355.4,False,0.3946349263191223
16678,2,New / Developing,14,5,1266.65,99,52,0.7535,1174.08,False,0.0895712472498417
17429,2,New / Developing,2,4,1208.68,246,70,0.3112,475.21,False,0.1562425330281257
12947,2,New / Developing,0,4,1642.93,190,72,0.4463,873.52,False,0.0895712472498417
16681,2,New / Developing,22,4,1027.34,458,17,0.8525,364.96,False,0.2826785266399383
16682,2,New / Developing,4,1,525.5,4,11,1.0,867.74,False,0.3955291152000427
17423,2,New / Developing,34,2,869.96,210,28,0.5166,467.56,False,0.423115062713623
16690,2,New / Developing,18,3,213.95,268,7,0.4043,124.56,False,0.4771506547927856
16692,2,New / Developing,73,4,1764.7,258,2,0.6333,768.81,True,0.2535876214504242
16696,2,New / Developing,20,3,558.9,65,7,1.0,908.88,False,0.2535876214504242
16697,2,New / Developing,58,1,112.75,58,20,1.0,107.87,True,0.6455424785614013
16698,2,New / Developing,43,2,1998.0,70,4,1.0,1605.62,True,0.3147506028413772
13533,2,New / Developing,84,2,146.64,84,42,1.0,116.8,False,0.5807567834854126
13548,2,New / Developing,60,2,507.59,288,117,0.5536,230.92,False,0.4871299505233765
17708,2,New / Developing,4,4,887.93,240,57,0.1762,415.21,True,0.2535876214504242
14880,2,New / Developing,2,2,363.27,105,25,0.6443,402.78,False,0.423115062713623
13950,2,New / Developing,63,1,179.31,63,7,1.0,165.15,False,0.6342279791831971
14348,2,New / Developing,77,1,409.57,77,18,1.0,341.62,True,0.5788308262825013
15116,2,New / Developing,21,1,479.65,21,15,1.0,644.12,False,0.4208928406238555
15589,2,New / Developing,72,3,478.53,127,28,0.6135,414.73,True,0.4284809172153473
15594,2,New / Developing,51,1,267.91,51,15,1.0,271.02,False,0.4733293533325195
15114,2,New / Developing,34,5,1357.47,238,67,0.338,635.02,False,0.0895712472498417
14342,2,New / Developing,27,3,559.48,289,18,0.5534,266.64,False,0.4284809172153473
15599,2,New / Developing,21,2,937.15,262,58,0.4789,397.52,False,0.4025745213031769
14340,2,New / Developing,35,1,134.7,35,6,1.0,156.87,True,0.5609864950180053
14339,2,New / Developing,59,2,620.27,245,21,0.499,286.7,True,0.50070139169693
14338,2,New / Developing,13,2,919.85,353,43,0.6305,403.14,False,0.4771506547927856
14336,2,New / Developing,15,3,1114.39,93,53,0.5204,840.62,False,0.1268060944974422
15108,2,New / Developing,4,2,542.45,44,23,1.0,997.5,False,0.3458887755870819
15106,2,New / Developing,28,2,778.45,86,51,1.0,680.57,False,0.2730470806360244
15609,2,New / Developing,1,1,298.48,1,16,1.0,513.76,True,0.4284809172153473
14705,2,New / Developing,15,1,179.0,15,1,1.0,257.31,True,0.5110155582427979
14326,2,New / Developing,59,3,940.98,349,54,0.1954,356.56,True,0.4284809172153473
14323,2,New / Developing,55,1,299.82,55,19,1.0,293.67,False,0.475011533498764
12562,2,New / Developing,15,3,1432.14,252,42,0.273,766.3,False,0.2328669041395187
15620,2,New / Developing,37,3,1264.19,226,84,0.3564,693.6,False,0.2535876214504242
15104,2,New / Developing,13,2,1027.44,99,66,0.6354,1118.37,True,0.3167978703975677
17946,2,New / Developing,50,2,149.58,76,18,1.0,264.71,True,0.5319321513175964
15624,2,New / Developing,23,2,311.4,73,18,1.0,273.12,False,0.4085874676704407
12564,2,New / Developing,78,1,402.9,78,20,1.0,333.8,True,0.5878254175186157
14311,2,New / Developing,59,2,516.45,384,31,0.6008,201.86,True,0.5933535695075989
15630,2,New / Developing,21,2,691.91,461,41,0.5736,221.88,False,0.4771506547927856
14352,2,New / Developing,51,2,845.32,90,35,0.7264,1059.92,False,0.348597639799118
14699,2,New / Developing,31,4,702.6,342,45,0.1553,247.26,True,0.3723280251026153
15119,2,New / Developing,62,1,266.4,62,14,1.0,247.21,True,0.5788308262825013
15582,2,New / Developing,37,1,303.61,37,22,1.0,347.02,False,0.4284809172153473
14397,2,New / Developing,15,2,242.24,30,11,1.0,248.3,False,0.4284809172153473
15528,2,New / Developing,71,1,229.33,71,26,1.0,199.34,True,0.6221997261047363
15530,2,New / Developing,63,2,864.5,329,71,0.6398,400.76,False,0.4571237683296204
14393,2,New / Developing,35,1,67.95,35,5,1.0,79.13,True,0.599583625793457
18160,2,New / Developing,17,2,684.37,203,41,0.4655,346.17,False,0.4084601998329162
17980,2,New / Developing,21,3,784.72,210,40,0.3409,478.22,False,0.2535876214504242
17979,2,New / Developing,76,2,241.67,76,53,1.0,202.94,False,0.5357783079147339
18161,2,New / Developing,69,3,730.73,196,31,0.335,471.6,False,0.2672117382287979
15135,2,New / Developing,56,2,305.68,373,17,0.4549,96.91,True,0.6478933215141296
15134,2,New / Developing,30,4,447.75,239,20,0.5348,261.22,False,0.3538887739181519
17972,2,New / Developing,58,1,136.04,58,30,1.0,130.15,True,0.6455424785614013
15133,2,New / Developing,74,4,1482.38,337,34,0.219,507.6,False,0.3167978703975677
15632,2,New / Developing,42,3,1242.5,91,51,0.6824,1194.29,False,0.2036129057407379
15552,2,New / Developing,34,2,252.52,440,29,0.3569,57.39,True,0.6281152606010437
14377,2,New / Developing,8,2,617.05,79,11,1.0,600.93,True,0.3782117784023285
15132,2,New / Developing,16,2,489.87,79,24,1.0,356.7,False,0.2965662062168121
12545,2,New / Developing,76,1,544.15,76,33,1.0,456.95,False,0.532983946800232
12547,2,New / Developing,14,3,299.58,317,12,0.0681,99.19,True,0.4771506547927856
14691,2,New / Developing,29,1,439.6,29,17,1.0,542.82,False,0.4284809172153473
15128,2,New / Developing,36,2,796.38,247,47,0.6074,444.66,False,0.4559836149215698
12426,2,New / Developing,11,2,1201.21,479,72,0.4252,275.08,True,0.4771506547927856
14364,2,New / Developing,4,4,2161.85,28,22,1.0,3450.66,False,0.0912379138171672
15124,2,New / Developing,8,3,357.38,468,25,0.2539,103.02,False,0.4771506547927856
14697,2,New / Developing,35,2,188.61,35,22,1.0,219.66,True,0.4551150560379028
17955,2,New / Developing,15,6,949.9,482,16,0.5867,353.72,True,0.2535876214504242
14353,2,New / Developing,32,3,376.5,248,18,0.2406,148.57,True,0.4531506597995758
17970,2,New / Developing,28,1,582.59,28,27,1.0,726.69,True,0.4257720530033111
14403,2,New / Developing,34,4,1380.71,456,20,0.7069,500.53,False,0.3303696483373642
17937,2,New / Developing,74,4,3327.48,179,19,0.1904,1586.04,False,0.1770524770021438
15644,2,New / Developing,73,3,423.19,78,85,1.0,333.22,False,0.4028731822967529
15246,2,New / Developing,55,3,780.4,372,45,0.4205,276.3,True,0.4208928406238555
17917,2,New / Developing,73,2,230.46,179,57,0.5187,144.55,False,0.606226897239685
12580,2,New / Developing,63,2,962.9,393,51,0.3943,240.42,True,0.5261715054512024
15687,2,New / Developing,3,5,1679.45,147,69,0.3852,1278.93,False,0.0895712472498417
17906,2,New / Developing,64,1,72.9,64,12,1.0,66.65,True,0.6678120851516723
12407,2,New / Developing,52,2,450.96,81,22,1.0,447.42,False,0.406401515007019
14273,2,New / Developing,34,2,218.7,59,10,1.0,250.32,False,0.4284809172153473
14272,2,New / Developing,71,3,614.94,399,38,0.2148,222.95,False,0.4571237683296204
18202,2,New / Developing,16,3,1396.99,128,55,0.6523,1326.91,True,0.2036129057407379
15703,2,New / Developing,81,1,211.5,81,5,1.0,171.78,True,0.6575504064559936
14271,2,New / Developing,42,2,219.13,226,38,0.5126,118.67,True,0.5862612128257751
15705,2,New / Developing,18,1,143.1,18,6,1.0,198.7,True,0.5110155582427979
14747,2,New / Developing,66,1,328.2,66,18,1.0,295.68,True,0.5788308262825013
17900,2,New / Developing,7,2,112.2,7,4,1.0,178.04,True,0.487015563249588
17898,2,New / Developing,24,3,246.96,384,41,0.4043,74.3,False,0.4771506547927856
18204,2,New / Developing,9,1,549.43,9,84,1.0,849.75,False,0.3167978703975677
14267,2,New / Developing,77,2,836.36,77,15,1.0,697.6,False,0.431115061044693
15048,2,New / Developing,37,2,355.15,185,58,0.4442,187.86,False,0.5269871115684509
12584,2,New / Developing,2,2,538.74,97,22,0.2953,293.24,False,0.4079372882843017
12585,2,New / Developing,51,2,1824.1,168,76,0.3669,798.26,True,0.3227506011724472
15717,2,New / Developing,51,5,607.0,409,17,0.2476,234.57,True,0.4284809172153473
17893,2,New / Developing,42,1,112.25,42,15,1.0,122.61,True,0.5569449424743652
14262,2,New / Developing,57,1,240.0,57,16,1.0,231.4,False,0.5295637607574463
15724,2,New / Developing,18,3,310.85,217,17,0.3687,187.11,True,0.4472618937492371
12590,2,New / Developing,28,1,9341.26,28,67,1.0,11651.74,True,0.2211886674165725
15065,2,New / Developing,44,3,1575.13,227,79,0.4017,1101.33,False,0.2108182966709137
14731,2,New / Developing,22,2,251.02,29,23,1.0,377.49,False,0.4091103792190552
14280,2,New / Developing,13,1,134.04,13,8,1.0,197.32,True,0.5086974263191223
14730,2,New / Developing,49,3,555.6,93,80,0.5011,393.15,False,0.2328669041395187
14711,2,New / Developing,2,6,1603.99,79,138,1.0,1914.77,False,0.0895712472498417
17932,2,New / Developing,28,1,589.01,28,42,1.0,734.7,False,0.4057513356208801
15092,2,New / Developing,32,3,776.46,279,39,0.1734,313.42,True,0.4168778657913208
12414,2,New / Developing,34,4,532.41,280,19,0.6173,278.96,True,0.3722070932388305
15646,2,New / Developing,63,4,867.01,227,58,0.1733,555.89,False,0.2535876214504242
15083,2,New / Developing,73,1,88.2,73,5,1.0,75.6,True,0.6933740854263306
15648,2,New / Developing,21,2,657.35,84,23,1.0,644.5,True,0.3091788232326508
12569,2,New / Developing,0,6,964.46,69,29,1.0,1122.97,False,0.1342526167631149
12573,2,New / Developing,44,5,717.41,282,107,0.2238,336.07,True,0.2965662062168121
15651,2,New / Developing,77,3,840.08,413,44,0.2706,268.1,False,0.4208928406238555
17928,2,New / Developing,63,2,206.96,388,21,0.3781,55.87,False,0.6547488331794739
15655,2,New / Developing,60,1,560.67,60,34,1.0,528.21,True,0.477739417552948
15643,2,New / Developing,8,3,664.0,99,31,0.4923,572.05,True,0.2730470806360244
15656,2,New / Developing,37,2,306.86,101,19,0.2083,123.01,False,0.50070139169693
18183,2,New / Developing,44,2,632.07,91,36,0.5051,564.07,True,0.4144762337207794
14289,2,New / Developing,16,3,594.22,106,30,0.4577,373.57,False,0.2535876214504242
14288,2,New / Developing,30,1,426.6,30,16,1.0,521.52,True,0.4284809172153473
14287,2,New / Developing,15,2,83.28,15,4,1.0,119.71,False,0.4677848041057587
18185,2,New / Developing,66,1,304.25,66,17,1.0,274.1,True,0.5714856743812561
14719,2,New / Developing,66,1,223.46,66,40,1.0,201.32,False,0.5714856743812561
15668,2,New / Developing,34,1,76.32,34,1,1.0,89.73,True,0.5820424318313598
12413,2,New / Developing,53,3,695.25,219,36,0.1218,413.51,False,0.3888571500778198
15669,2,New / Developing,80,1,198.8,80,11,1.0,162.53,False,0.6527320265769958
18189,2,New / Developing,84,2,946.59,442,54,0.6688,356.8,False,0.5609864950180053
15671,2,New / Developing,59,3,1033.13,87,41,1.0,936.91,False,0.2328669041395187
18191,2,New / Developing,78,2,529.4,294,15,0.3925,168.89,True,0.5715378522872925
17926,2,New / Developing,20,4,849.93,396,21,0.2491,318.1,False,0.3639321982860565
15139,2,New / Developing,56,2,178.96,153,13,0.3177,85.11,True,0.6451990723609924
15140,2,New / Developing,15,4,2016.89,259,67,0.559,749.13,False,0.1268060944974422
14407,2,New / Developing,22,2,1002.68,93,33,0.6438,1136.93,False,0.3167978703975677
12473,2,New / Developing,8,1,600.19,8,33,1.0,940.16,False,0.3896403491497039
14536,2,New / Developing,76,1,171.8,76,18,1.0,144.27,True,0.6657952785491943
15333,2,New / Developing,25,1,1028.56,25,16,1.0,1323.3,True,0.4196573197841644
15214,2,New / Developing,0,2,651.63,59,46,1.0,329.66,False,0.2730470806360244
15212,2,New / Developing,58,2,208.28,193,7,0.4888,120.41,True,0.6297326803207397
15349,2,New / Developing,4,1,366.11,4,58,1.0,604.54,False,0.3598934590816497
15364,2,New / Developing,71,1,331.8,71,3,1.0,288.41,False,0.5839798808097839
14513,2,New / Developing,23,5,649.77,385,15,0.4595,178.04,False,0.3382697284221649
15210,2,New / Developing,42,3,1176.19,392,66,0.2816,447.66,True,0.3909714698791504
15376,2,New / Developing,39,1,654.17,39,57,1.0,734.06,False,0.3862117767333984
18125,2,New / Developing,18,3,945.14,133,146,0.2253,457.75,False,0.2108182966709137
14504,2,New / Developing,60,3,542.71,95,81,0.7287,530.77,False,0.2328669041395187
14502,2,New / Developing,51,6,1070.23,130,176,0.5762,908.09,False,0.134962123632431
14501,2,New / Developing,0,2,251.21,136,9,0.7336,273.57,True,0.5574022650718689
14500,2,New / Developing,6,1,284.85,6,4,1.0,457.96,False,0.4331237733364105
15386,2,New / Developing,3,1,394.14,3,31,1.0,659.77,True,0.3713220298290253
18129,2,New / Developing,60,1,112.55,60,13,1.0,106.03,True,0.6455424785614013
15388,2,New / Developing,87,1,140.54,87,10,1.0,109.83,True,0.6756865024566651
15201,2,New / Developing,21,4,1208.68,428,36,0.4983,404.12,False,0.2328669041395187
18048,2,New / Developing,20,3,401.73,310,56,0.4289,139.1,True,0.4907220959663391
14632,2,New / Developing,79,1,114.56,79,8,1.0,94.28,True,0.6756865024566651
18043,2,New / Developing,23,2,768.27,183,87,0.1762,165.62,False,0.3623119235038757
15400,2,New / Developing,1,5,1044.9,377,15,0.1079,402.8,False,0.2965662062168121
14633,2,New / Developing,83,1,344.9,83,20,1.0,276.5,True,0.606226897239685
18040,2,New / Developing,62,1,239.0,62,12,1.0,221.78,False,0.5788308262825013
18120,2,New / Developing,31,1,111.15,31,17,1.0,134.54,True,0.5355163812637329
14542,2,New / Developing,2,1,103.25,2,5,1.0,175.24,True,0.5474150538444519
18072,2,New / Developing,2,1,247.44,2,18,1.0,419.97,True,0.4284809172153473
15314,2,New / Developing,16,3,820.45,245,49,0.3997,267.05,True,0.3458887755870819
15244,2,New / Developing,65,2,578.45,483,28,0.5151,159.88,False,0.5875641107559204
12447,2,New / Developing,60,1,431.49,60,25,1.0,406.51,True,0.4996150732040405
12449,2,New / Developing,4,2,1447.53,255,56,0.5312,692.3,False,0.2952911436557769
14616,2,New / Developing,59,5,527.78,365,3,0.3001,234.03,True,0.4284809172153473
15258,2,New / Developing,34,1,315.66,34,16,1.0,371.13,False,0.4284809172153473
14591,2,New / Developing,30,1,250.22,30,33,1.0,305.9,False,0.4284809172153473
12456,2,New / Developing,71,1,780.17,71,40,1.0,678.15,False,0.4284809172153473
12457,2,New / Developing,50,4,1419.93,252,36,0.6389,607.01,False,0.1645758673548698
15238,2,New / Developing,1,1,300.14,1,14,1.0,516.62,False,0.4284809172153473
15237,2,New / Developing,20,2,1093.65,44,74,1.0,407.92,False,0.2535876214504242
12463,2,New / Developing,23,2,575.95,58,31,1.0,596.02,False,0.2965662062168121
12464,2,New / Developing,17,4,439.85,126,5,0.3433,334.71,False,0.3167978703975677
12493,2,New / Developing,14,1,196.5,14,11,1.0,285.82,False,0.4557848036289215
14619,2,New / Developing,62,2,1291.24,358,58,0.3055,269.36,True,0.4569565713405609
15230,2,New / Developing,56,2,429.6,57,23,1.0,144.57,True,0.4144762337207794
18079,2,New / Developing,55,2,2203.61,308,38,0.7319,1218.56,False,0.3769667863845825
15289,2,New / Developing,66,3,1028.76,438,45,0.365,274.69,False,0.3763166069984436
14620,2,New / Developing,22,2,412.78,100,26,0.4298,314.15,True,0.4479827225208282
18078,2,New / Developing,34,4,844.6,445,65,0.398,203.25,True,0.3538887739181519
15292,2,New / Developing,18,1,180.94,18,24,1.0,251.25,True,0.5060705184936524
15225,2,New / Developing,51,1,409.4,51,23,1.0,414.15,True,0.4733293533325195
14622,2,New / Developing,1,1,320.58,1,21,1.0,551.8,True,0.4079372882843017
14561,2,New / Developing,1,1,222.07,1,16,1.0,382.24,False,0.4284809172153473
15220,2,New / Developing,20,3,858.19,97,53,0.6317,764.95,False,0.134962123632431
15304,2,New / Developing,35,6,606.75,238,5,0.2522,334.89,False,0.3308025538921356
18073,2,New / Developing,2,3,504.24,14,6,1.0,1256.33,False,0.2360118597745895
18080,2,New / Developing,59,1,841.5,59,1,1.0,798.88,False,0.4284809172153473
15405,2,New / Developing,6,2,659.84,393,29,0.5291,225.2,True,0.5161922097206115
15407,2,New / Developing,0,3,740.73,122,62,0.7772,717.06,False,0.1638478711247444
18133,2,New / Developing,29,1,931.5,29,1,1.0,1150.22,True,0.3699213802814484
15462,2,New / Developing,4,2,607.45,262,32,0.1729,101.37,False,0.4771506547927856
14446,2,New / Developing,63,2,504.77,203,113,0.6004,321.01,False,0.4284809172153473
18010,2,New / Developing,73,1,174.8,73,14,1.0,149.84,True,0.6657952785491943
12514,2,New / Developing,84,2,1597.76,458,76,0.6369,552.89,True,0.4571237683296204
15172,2,New / Developing,13,2,526.2,53,38,1.0,440.14,False,0.2730470806360244
12434,2,New / Developing,77,2,583.54,198,34,0.4905,305.49,False,0.5366940498352051
12517,2,New / Developing,7,1,766.95,7,125,1.0,1217.0,False,0.3167978703975677
18142,2,New / Developing,32,1,282.48,32,9,1.0,338.6,False,0.4284809172153473
18146,2,New / Developing,37,1,76.65,37,4,1.0,87.61,False,0.599583625793457
15163,2,New / Developing,9,1,155.0,9,10,1.0,239.72,False,0.5060705184936524
14428,2,New / Developing,56,2,330.62,142,25,0.3843,180.52,False,0.5647824883460999
12520,2,New / Developing,21,3,1517.56,90,93,0.4086,908.99,False,0.0979045800864696
12506,2,New / Developing,49,1,73.5,49,23,1.0,75.59,True,0.6403934240341187
15491,2,New / Developing,35,3,1644.92,52,80,1.0,1417.87,False,0.2211886674165725
18150,2,New / Developing,18,1,227.58,18,14,1.0,316.01,False,0.4284809172153473
14419,2,New / Developing,69,3,510.41,199,53,0.3594,267.07,False,0.4138260543346405
14681,2,New / Developing,28,4,770.15,470,18,0.5115,282.52,False,0.4208928406238555
15147,2,New / Developing,57,1,623.5,57,28,1.0,601.16,True,0.4555921971797943
15145,2,New / Developing,44,2,724.03,65,35,1.0,627.07,False,0.2730470806360244
14684,2,New / Developing,32,3,751.53,207,195,0.4669,444.25,False,0.2535876214504242
17991,2,New / Developing,42,3,318.9,408,36,0.2927,51.36,True,0.4742051362991333
15508,2,New / Developing,6,6,1000.27,52,78,1.0,1233.54,True,0.1176015503704547
15143,2,New / Developing,42,2,563.63,249,27,0.4603,241.23,True,0.50070139169693
12535,2,New / Developing,3,1,371.45,3,18,1.0,621.79,False,0.4208928406238555
14689,2,New / Developing,25,1,112.8,25,13,1.0,145.12,True,0.5110155582427979
15517,2,New / Developing,50,1,267.03,50,27,1.0,272.36,True,0.4797847986221313
14423,2,New / Developing,35,3,916.61,511,12,0.2893,276.09,True,0.428481513261795
12592,2,New / Developing,30,3,1535.84,336,38,0.1392,159.22,False,0.3223696500062942
18018,2,New / Developing,16,3,213.3,237,16,0.1756,63.81,False,0.4797847986221313
15457,2,New / Developing,79,1,237.07,79,56,1.0,195.11,True,0.6331708192825317
14636,2,New / Developing,85,1,300.19,85,16,1.0,237.58,False,0.6113759517669678
15408,2,New / Developing,81,1,267.18,81,34,1.0,217.0,True,0.6113759517669678
15414,2,New / Developing,59,1,36.2,59,5,1.0,34.37,False,0.6678120851516723
14477,2,New / Developing,1,5,1183.0,521,5,0.3026,364.26,False,0.2535876214504242
14476,2,New / Developing,74,1,215.7,74,17,1.0,183.62,True,0.6331708192825317
14647,2,New / Developing,18,2,519.97,340,42,0.4678,178.9,True,0.5196419596672058
18135,2,New / Developing,7,6,677.53,451,21,0.1621,194.41,False,0.3167978703975677
14475,2,New / Developing,3,3,847.47,225,28,0.3724,504.76,False,0.2535876214504242
15424,2,New / Developing,71,3,597.78,280,33,0.6413,316.69,True,0.4208928406238555
14463,2,New / Developing,22,2,372.87,316,4,0.3109,94.96,False,0.565748393535614
15187,2,New / Developing,29,1,431.6,29,9,1.0,532.94,False,0.4284809172153473
15184,2,New / Developing,7,3,518.42,540,34,0.4537,157.45,False,0.4771506547927856
15178,2,New / Developing,77,1,40.5,77,3,1.0,33.78,True,0.7159578323364257
14659,2,New / Developing,4,5,1381.76,132,96,0.4391,821.08,False,0.0895712472498417
15436,2,New / Developing,51,1,489.05,51,124,1.0,494.72,False,0.4284809172153473
15437,2,New / Developing,79,2,393.45,457,56,0.5087,114.2,True,0.6467649936676025
15440,2,New / Developing,25,1,125.8,25,20,1.0,161.85,False,0.5110155582427979
15181,2,New / Developing,86,3,810.72,548,6,0.37,247.83,False,0.4907220959663391
15442,2,New / Developing,65,1,594.0,65,2,1.0,539.06,True,0.5673132181167603
12502,2,New / Developing,34,3,1478.65,126,60,0.6583,1150.01,False,0.168628790974617
15445,2,New / Developing,81,2,284.5,407,12,0.3989,74.28,True,0.6547488331794739
14453,2,New / Developing,7,1,119.93,7,22,1.0,190.31,True,0.5110155582427979
15449,2,New / Developing,2,2,647.7,78,30,1.0,606.52,False,0.2965662062168121
15453,2,New / Developing,4,1,197.09,4,39,1.0,325.45,False,0.4331237733364105
18136,2,New / Developing,28,4,1447.88,268,73,0.2154,495.0,False,0.193242534995079
14447,2,New / Developing,13,3,1149.53,217,63,0.2923,499.53,False,0.2328669041395187
15433,2,New / Developing,30,2,533.3,84,40,1.0,312.28,True,0.3458887755870819
15729,2,New / Developing,29,3,192.55,220,10,0.4414,103.72,True,0.5355163812637329
15063,2,New / Developing,30,1,370.8,30,5,1.0,453.31,True,0.4357579171657562
12593,2,New / Developing,35,1,200.0,35,10,1.0,232.92,False,0.4736473083496094
14819,2,New / Developing,9,3,282.81,535,43,0.2996,102.9,False,0.4771506547927856
14948,2,New / Developing,36,1,278.4,36,13,1.0,321.19,False,0.459757912158966
14823,2,New / Developing,11,2,210.65,11,38,1.0,317.74,False,0.4284809172153473
17783,2,New / Developing,64,2,208.85,329,54,0.5382,88.05,False,0.6075944066047668
15952,2,New / Developing,42,1,232.65,42,14,1.0,254.11,False,0.4551150560379028
17781,2,New / Developing,70,1,102.0,70,2,1.0,89.29,False,0.6678120851516723
12684,2,New / Developing,14,2,815.1,30,30,1.0,1049.75,False,0.2535876214504242
17775,2,New / Developing,71,1,56.4,71,3,1.0,49.03,True,0.695357871055603
12690,2,New / Developing,22,1,335.01,22,15,1.0,445.01,True,0.4284809172153473
14834,2,New / Developing,57,2,729.55,224,28,0.334,243.8,False,0.4706952095031738
12355,2,New / Developing,31,2,947.61,384,35,0.4848,297.88,True,0.5052549123764039
15938,2,New / Developing,18,8,665.53,373,24,0.3913,250.27,False,0.193242534995079
15969,2,New / Developing,2,3,769.65,339,23,0.4011,390.3,False,0.3739149749279022
12354,2,New / Developing,49,1,1079.4,49,58,1.0,1110.12,True,0.4115120112895966
14075,2,New / Developing,78,3,1090.53,287,47,0.2824,473.89,False,0.3382697284221649
17770,2,New / Developing,15,5,1143.27,99,33,0.2436,699.07,True,0.1720462992787361
14931,2,New / Developing,57,1,243.0,57,8,1.0,234.29,False,0.5788308262825013
15974,2,New / Developing,1,4,2054.85,105,90,0.5536,1603.25,False,0.0848341941833496
14071,2,New / Developing,77,2,356.81,81,22,1.0,235.66,False,0.4284809172153473
14066,2,New / Developing,83,1,152.55,83,7,1.0,122.3,True,0.6756865024566651
14059,2,New / Developing,83,1,183.6,83,8,1.0,147.19,True,0.6626232504844666
12694,2,New / Developing,0,2,1287.18,238,61,0.2995,372.05,False,0.293975430727005
15987,2,New / Developing,16,5,746.93,196,50,0.539,519.88,False,0.1268060944974422
12353,2,New / Developing,21,2,406.76,225,23,0.2188,97.67,True,0.4933562397956848
14077,2,New / Developing,42,3,315.27,212,35,0.2617,172.78,False,0.4771506547927856
15935,2,New / Developing,56,1,108.04,56,11,1.0,104.99,True,0.6527320265769958
18248,2,New / Developing,3,1,496.46,3,28,1.0,831.05,False,0.4035291135311126
15932,2,New / Developing,31,4,1273.25,106,44,0.7505,1158.11,False,0.1268060944974422
14132,2,New / Developing,0,1,306.86,0,24,1.0,535.77,False,0.4284809172153473
15891,2,New / Developing,43,1,521.97,43,59,1.0,565.12,True,0.4284809172153473
15894,2,New / Developing,70,2,418.99,186,34,0.2549,127.62,True,0.5402782797813416
14985,2,New / Developing,15,2,296.75,175,78,0.5804,214.7,True,0.4771506547927856
15897,2,New / Developing,11,2,222.05,11,17,1.0,334.94,True,0.4284809172153473
14128,2,New / Developing,72,2,592.25,368,34,0.5159,204.98,False,0.5705383777618408
14981,2,New / Developing,63,2,372.92,240,20,0.2738,102.94,True,0.5882045149803161
12363,2,New / Developing,59,1,299.1,59,16,1.0,283.95,False,0.4933562397956848
12669,2,New / Developing,73,1,1028.3,73,68,1.0,881.45,False,0.4284809172153473
14976,2,New / Developing,13,3,450.26,143,35,0.397,334.77,False,0.3399701297283172
12362,2,New / Developing,42,2,884.34,112,51,0.5091,704.02,False,0.3458887755870819
15907,2,New / Developing,27,1,251.18,27,46,1.0,316.52,False,0.4284809172153473
14973,2,New / Developing,42,1,654.6,42,5,1.0,715.0,False,0.4284809172153473
18246,2,New / Developing,50,2,395.62,426,2,0.5887,141.05,False,0.6185654997825623
12674,2,New / Developing,24,1,550.74,24,16,1.0,716.07,False,0.4284809172153473
17800,2,New / Developing,34,3,354.85,151,18,0.3245,239.8,False,0.391142863035202
14111,2,New / Developing,58,1,94.2,58,2,1.0,90.12,False,0.6527320265769958
15918,2,New / Developing,7,3,582.88,448,49,0.5734,157.44,True,0.4284809172153473
14964,2,New / Developing,64,1,206.21,64,13,1.0,188.52,True,0.5946153998374939
15730,2,New / Developing,23,3,1073.13,248,65,0.4356,584.69,False,0.2535876214504242
14959,2,New / Developing,32,2,422.38,113,31,0.577,391.41,False,0.4284809172153473
12679,2,New / Developing,22,2,798.38,100,42,0.0956,146.25,False,0.3335114181041717
15925,2,New / Developing,11,1,207.15,11,12,1.0,312.47,True,0.4331237733364105
17795,2,New / Developing,81,1,163.25,81,15,1.0,132.59,False,0.6575504064559936
14816,2,New / Developing,14,1,271.85,14,4,1.0,395.42,True,0.4357579171657562
17765,2,New / Developing,27,3,421.47,265,60,0.6229,190.96,False,0.4035755038261414
18235,2,New / Developing,34,1,430.46,34,29,1.0,506.11,False,0.4284809172153473
12352,2,New / Developing,79,6,985.31,209,36,0.2442,568.1,False,0.2730470806360244
16006,2,New / Developing,28,2,347.17,204,75,0.2921,117.53,True,0.4871299505233765
14859,2,New / Developing,21,2,648.76,371,17,0.4576,201.34,False,0.4991190433502197
16091,2,New / Developing,15,1,157.25,15,10,1.0,226.04,False,0.5060705184936524
12348,2,New / Developing,65,4,1388.4,255,24,0.2355,763.71,False,0.2036129057407379
17725,2,New / Developing,9,4,1269.63,84,53,1.0,1316.42,False,0.1194011993706226
17723,2,New / Developing,8,4,1263.8,192,6,0.9193,969.08,False,0.1799092009663581
16097,2,New / Developing,57,1,185.05,57,10,1.0,178.42,True,0.6270384311676025
14873,2,New / Developing,27,2,854.13,450,48,0.6084,294.21,True,0.5026207685470581
13972,2,New / Developing,18,1,145.9,18,9,1.0,202.59,False,0.5060705184936524
17719,2,New / Developing,7,5,1971.46,72,66,1.0,2036.68,False,0.0523850634694099
16107,2,New / Developing,0,1,532.9,0,10,1.0,930.42,False,0.4284809172153473
17718,2,New / Developing,49,2,439.18,461,22,0.3173,81.51,True,0.6157037734985351
12728,2,New / Developing,74,4,725.15,200,38,0.1766,409.66,False,0.3167978703975677
16109,2,New / Developing,35,3,939.48,515,30,0.316,250.18,True,0.4255356967449188
14875,2,New / Developing,79,2,1759.08,258,47,0.2058,317.05,False,0.4284809172153473
17715,2,New / Developing,17,2,489.6,409,1,0.6667,203.51,True,0.5261715054512024
16113,2,New / Developing,0,1,161.38,0,30,1.0,281.76,True,0.4797847986221313
16116,2,New / Developing,28,1,612.78,28,34,1.0,764.35,True,0.4284809172153473
16117,2,New / Developing,6,3,654.4,408,64,0.3548,262.57,True,0.3706023216247558
14888,2,New / Developing,24,1,369.2,24,20,1.0,480.03,True,0.4284809172153473
13962,2,New / Developing,62,2,310.85,252,19,0.3783,112.84,False,0.6004048585891724
14886,2,New / Developing,69,1,364.8,69,18,1.0,321.62,True,0.5642153978347778
13956,2,New / Developing,60,2,293.67,88,49,1.0,312.14,False,0.4524809122085571
14883,2,New / Developing,28,1,310.56,28,19,1.0,387.37,False,0.4284809172153473
13951,2,New / Developing,53,2,516.05,111,32,0.5881,475.98,False,0.4524809122085571
14891,2,New / Developing,4,3,1001.73,253,52,0.4486,591.12,False,0.2535876214504242
17733,2,New / Developing,78,1,216.95,78,12,1.0,179.74,False,0.6527320265769958
16076,2,New / Developing,25,1,305.45,25,16,1.0,392.98,False,0.4284809172153473
13990,2,New / Developing,30,1,311.3,30,16,1.0,380.57,True,0.4284809172153473
14041,2,New / Developing,83,1,141.41,83,21,1.0,113.37,True,0.673669695854187
18263,2,New / Developing,69,1,307.6,69,15,1.0,271.19,False,0.4933562397956848
16022,2,New / Developing,77,1,628.28,77,68,1.0,524.04,True,0.540329098701477
16023,2,New / Developing,9,2,500.69,83,59,1.0,622.94,False,0.2965662062168121
14924,2,New / Developing,62,3,931.01,456,30,0.333,279.88,True,0.4771506547927856
14023,2,New / Developing,67,1,273.14,67,16,1.0,244.29,False,0.5714856743812561
14022,2,New / Developing,42,2,792.15,303,45,0.5555,345.06,True,0.4771506547927856
16031,2,New / Developing,64,1,305.63,64,39,1.0,279.42,False,0.5192521929740905
12710,2,New / Developing,18,1,646.96,18,43,1.0,898.34,False,0.3571347057819366
16034,2,New / Developing,13,6,928.72,226,43,0.3059,487.84,True,0.1636287912726402
14921,2,New / Developing,18,1,903.01,18,53,1.0,1253.88,False,0.3167978703975677
14842,2,New / Developing,8,2,1688.48,125,77,0.8164,2039.23,False,0.2535876214504242
16038,2,New / Developing,18,1,316.95,18,19,1.0,440.1,False,0.4079372882843017
14009,2,New / Developing,15,3,1099.91,279,71,0.6324,475.01,True,0.2224965333938598
17749,2,New / Developing,73,2,720.67,363,41,0.512,248.63,False,0.5524572253227233
14005,2,New / Developing,32,1,187.16,32,14,1.0,224.34,False,0.4357579171657562
18270,2,New / Developing,83,2,273.35,249,11,0.4095,107.41,False,0.6455424785614013
16055,2,New / Developing,37,1,134.8,37,8,1.0,154.07,True,0.565748393535614
17744,2,New / Developing,67,5,1615.7,197,63,0.1736,959.01,False,0.1275757610797882
14851,2,New / Developing,73,2,524.19,447,24,0.3932,119.84,False,0.5933535695075989
13121,2,New / Developing,86,1,283.73,86,50,1.0,223.13,True,0.603021764755249
14853,2,New / Developing,28,4,1115.57,422,21,0.1923,311.22,False,0.4150040745735168
12717,2,New / Developing,62,2,737.67,407,42,0.691,311.25,False,0.5161922097206115
16063,2,New / Developing,77,1,335.32,77,23,1.0,279.69,True,0.565748393535614
14903,2,New / Developing,17,3,1800.23,95,156,0.7038,1792.05,False,0.0915100432932376
12700,2,New / Developing,32,1,984.43,32,61,1.0,1180.0,False,0.3458887755870819
14148,2,New / Developing,50,2,466.29,231,15,0.3371,158.31,True,0.5574022650718689
14962,2,New / Developing,87,4,366.91,401,14,0.3453,115.59,True,0.5319321513175964
15799,2,New / Developing,2,3,1021.39,235,91,0.1576,379.9,False,0.2328669041395187
15832,2,New / Developing,71,1,836.79,71,54,1.0,727.37,True,0.4284809172153473
18224,2,New / Developing,80,1,158.95,80,10,1.0,129.95,True,0.6756865024566651
14759,2,New / Developing,49,1,572.25,49,35,1.0,588.54,False,0.4551150560379028
12622,2,New / Developing,49,1,162.1,49,10,1.0,166.71,True,0.6112612128257752
17874,2,New / Developing,2,6,683.46,72,37,1.0,1036.16,True,0.1636287912726402
14246,2,New / Developing,62,1,449.64,62,24,1.0,417.25,False,0.5245869994163513
14188,2,New / Developing,31,2,760.9,127,17,0.4769,535.17,False,0.384233295917511
12596,2,New / Developing,59,1,213.95,59,14,1.0,203.11,False,0.5377458453178405
14149,2,New / Developing,37,1,446.62,37,28,1.0,510.47,True,0.4284809172153473
18213,2,New / Developing,53,1,232.48,53,15,1.0,231.38,True,0.5196419596672058
12639,2,New / Developing,55,3,1072.37,444,57,0.3414,394.71,True,0.423115062713623
15745,2,New / Developing,53,1,302.85,53,18,1.0,301.42,False,0.4933562397956848
12383,2,New / Developing,1,5,1628.56,169,83,0.2958,943.02,True,0.057122116535902
14240,2,New / Developing,42,2,584.0,240,26,0.3884,218.22,False,0.50070139169693
15835,2,New / Developing,77,2,488.31,147,25,0.3834,246.47,False,0.5437343716621399
18221,2,New / Developing,1,3,920.34,207,43,0.5835,465.42,False,0.2211886674165725
14245,2,New / Developing,36,2,1693.45,80,107,1.0,1289.65,True,0.2328669041395187
14242,2,New / Developing,51,2,280.55,142,13,0.5069,201.27,True,0.5882045149803161
14201,2,New / Developing,3,7,857.2,405,32,0.4011,288.73,False,0.2535876214504242
12619,2,New / Developing,51,3,735.8,377,20,0.8095,316.08,False,0.3826810717582702
15813,2,New / Developing,24,2,1303.91,56,40,1.0,1205.66,True,0.2730470806360244
15815,2,New / Developing,29,3,1394.08,76,12,1.0,1522.41,False,0.1268060944974422
15756,2,New / Developing,30,2,249.12,66,83,1.0,279.84,False,0.3952851057052612
14206,2,New / Developing,56,3,1185.01,219,62,0.2769,517.56,True,0.3147506028413772
12620,2,New / Developing,21,1,561.66,21,33,1.0,754.26,False,0.3656077444553375
14762,2,New / Developing,80,2,417.57,443,28,0.7197,172.68,True,0.6113759517669678
14193,2,New / Developing,86,2,779.34,213,39,0.5422,419.99,False,0.4524809122085571
17856,2,New / Developing,50,3,1142.63,98,6,0.5775,883.99,False,0.2535876214504242
15804,2,New / Developing,15,1,525.36,15,34,1.0,755.19,False,0.3839260637760162
14241,2,New / Developing,0,2,333.7,513,12,0.6404,112.06,True,0.5824150562286377
12597,2,New / Developing,0,2,1120.81,85,71,1.0,1296.1,False,0.2535876214504242
15033,2,New / Developing,25,3,1165.84,146,150,0.511,650.47,False,0.1802678450942039
15826,2,New / Developing,27,2,1663.97,385,66,0.4327,462.15,False,0.3739149749279022
18227,2,New / Developing,34,2,388.75,301,6,0.2412,81.25,True,0.6047326803207398
14173,2,New / Developing,36,3,249.2,547,13,0.4576,90.32,False,0.565748393535614
15018,2,New / Developing,69,2,402.59,184,17,0.4473,208.2,False,0.5788308262825013
15019,2,New / Developing,83,1,266.0,83,64,1.0,213.25,True,0.606226897239685
15047,2,New / Developing,86,1,343.62,86,22,1.0,270.23,True,0.5715378522872925
15734,2,New / Developing,17,3,1502.5,364,22,0.3851,651.22,False,0.2535876214504242
14155,2,New / Developing,83,1,118.75,83,6,1.0,95.2,True,0.7159578323364257
15045,2,New / Developing,74,1,388.9,74,4,1.0,331.07,False,0.5971997261047364
15026,2,New / Developing,57,4,823.39,265,83,0.1479,285.82,False,0.3167978703975677
14226,2,New / Developing,27,3,2479.74,258,66,0.6893,1223.35,False,0.2108182966709137
17883,2,New / Developing,63,4,443.43,469,46,0.2692,123.82,False,0.4771506547927856
18210,2,New / Developing,84,2,289.85,199,14,0.4913,156.4,False,0.6113759517669678
15775,2,New / Developing,62,2,150.5,448,9,0.697,64.24,True,0.6822946190834045
18218,2,New / Developing,28,4,1142.0,477,25,0.3088,337.78,True,0.3826810717582702
15737,2,New / Developing,3,4,729.73,59,39,1.0,480.09,False,0.1714916929602623
17828,2,New / Developing,1,1,673.16,1,43,1.0,1158.69,False,0.3167978703975677
14232,2,New / Developing,3,2,1003.97,81,52,1.0,611.21,False,0.2535876214504242
12654,2,New / Developing,14,3,301.75,112,18,0.5075,257.84,False,0.4472618937492371
17830,2,New / Developing,78,2,287.65,105,15,0.3447,163.82,False,0.58508460521698
14163,2,New / Developing,16,3,898.5,279,26,0.8345,511.23,False,0.306197652220726
12601,2,New / Developing,6,6,573.26,221,23,0.4635,346.86,True,0.2328669041395187
12604,2,New / Developing,78,1,160.5,78,9,1.0,132.97,False,0.6595672130584717
15743,2,New / Developing,1,1,322.55,1,18,1.0,555.19,False,0.4284809172153473
15852,2,New / Developing,3,3,257.26,343,31,0.6247,98.35,True,0.4771506547927856
12372,2,New / Developing,29,2,842.92,113,31,0.5691,755.08,False,0.3726302444934845
12394,2,New / Developing,34,1,351.08,34,20,1.0,412.78,False,0.4284809172153473
14231,2,New / Developing,0,4,1235.62,267,66,0.4992,604.78,True,0.1849092006683349
15855,2,New / Developing,0,5,815.17,293,64,0.5823,279.39,False,0.2298915773630142
14220,2,New / Developing,64,4,1515.0,386,26,0.2108,571.51,True,0.3360839337110519
14199,2,New / Developing,35,4,1091.7,347,15,0.1698,456.52,True,0.4284809172153473
14223,2,New / Developing,81,1,304.9,81,18,1.0,247.64,False,0.6113759517669678
14998,2,New / Developing,58,3,524.5,422,85,0.3501,199.88,False,0.4138260543346405
15042,2,New / Developing,16,2,315.45,412,9,0.4309,88.35,True,0.6047326803207398
18232,2,New / Developing,9,2,370.98,14,24,1.0,923.59,False,0.3382697284221649
15780,2,New / Developing,0,3,475.28,174,26,0.6273,298.18,True,0.348597639799118
13030,3,Lost / One-time buyers,185,1,855.48,185,50,0.0,413.67,False,0.6228933215141297
18127,3,Lost / One-time buyers,220,1,212.8,220,21,0.0,90.6,False,0.7607741355895996
17280,3,Lost / One-time buyers,255,1,118.86,255,6,0.0,45.2,True,0.8900830745697021
18128,3,Lost / One-time buyers,354,1,420.04,354,42,0.0,122.74,True,0.7364726781845092
18269,3,Lost / One-time buyers,183,1,337.2,183,7,0.0,164.33,True,0.6745352268218994
17339,3,Lost / One-time buyers,182,2,179.0,326,5,0.0,86.22,False,0.7159578323364257
12411,3,Lost / One-time buyers,226,1,346.9,226,22,0.0,144.73,True,0.7129017949104309
13033,3,Lost / One-time buyers,174,2,220.55,246,12,0.0,156.18,True,0.6595672130584717
13112,3,Lost / One-time buyers,358,1,20.6,358,2,0.0,5.96,True,0.9490982174873352
12351,3,Lost / One-time buyers,192,1,300.93,192,21,0.0,141.67,True,0.6726304650306701
18195,3,Lost / One-time buyers,204,1,101.16,204,5,0.0,45.56,True,0.8440673470497131
18124,3,Lost / One-time buyers,289,1,111.53,289,20,0.0,38.44,True,0.9490982174873352
18284,3,Lost / One-time buyers,248,1,411.68,248,27,0.0,159.98,True,0.6726304650306701
18110,3,Lost / One-time buyers,228,1,199.13,228,29,0.0,82.52,False,0.7497851252555847
17363,3,Lost / One-time buyers,212,3,940.86,219,34,0.0,134.72,True,0.5245869994163513
18112,3,Lost / One-time buyers,235,2,423.27,368,34,0.0,159.95,False,0.6657952785491943
17274,3,Lost / One-time buyers,212,1,465.4,212,52,0.0,203.71,False,0.6677917599678039
18207,3,Lost / One-time buyers,316,1,544.47,316,31,0.0,174.62,True,0.6742564797401428
18113,3,Lost / One-time buyers,185,1,152.64,185,1,0.0,73.81,True,0.8177626490592956
13010,3,Lost / One-time buyers,191,2,330.12,465,10,0.0,83.4,True,0.6503268003463745
13011,3,Lost / One-time buyers,189,1,101.1,189,3,0.0,48.14,True,0.8440673470497131
18280,3,Lost / One-time buyers,94,2,488.15,211,28,0.0,185.69,True,0.5824150562286377
18114,3,Lost / One-time buyers,107,1,220.1,107,28,0.0,152.75,True,0.6706136584281921
18211,3,Lost / One-time buyers,95,1,137.9,95,8,0.0,102.59,False,0.6903168082237243
17355,3,Lost / One-time buyers,203,1,285.11,203,28,0.0,128.86,True,0.6726304650306701
17273,3,Lost / One-time buyers,241,1,141.12,241,12,0.0,56.06,True,0.8177626490592956
12400,3,Lost / One-time buyers,231,1,205.25,231,11,0.0,84.22,True,0.7607741355895996
17215,3,Lost / One-time buyers,281,1,186.15,281,11,0.0,65.6,True,0.903333556652069
17275,3,Lost / One-time buyers,200,1,114.52,200,23,0.0,52.33,True,0.8378295302391052
18217,3,Lost / One-time buyers,330,2,323.29,343,7,0.0,12.44,False,0.6853560090065003
13024,3,Lost / One-time buyers,287,2,555.87,399,26,0.0,157.82,True,0.6726304650306701
13023,3,Lost / One-time buyers,345,1,651.13,345,35,0.0,194.36,False,0.6726304650306701
13022,3,Lost / One-time buyers,246,1,50.3,246,4,0.0,19.67,True,0.8900830745697021
17219,3,Lost / One-time buyers,233,1,144.9,233,24,0.0,59.07,False,0.7810959815979004
18123,3,Lost / One-time buyers,330,1,95.15,330,22,0.0,29.46,False,0.9490982174873352
18273,3,Lost / One-time buyers,74,2,204.0,407,1,0.25,37.3,False,0.6822946190834045
12350,3,Lost / One-time buyers,127,1,294.4,127,16,0.0,183.77,True,0.6706136584281921
12403,3,Lost / One-time buyers,338,1,555.66,338,3,0.0,168.68,False,0.7240516185760498
18278,3,Lost / One-time buyers,221,1,240.3,221,15,0.0,101.96,False,0.750517725944519
12401,3,Lost / One-time buyers,120,1,69.3,120,4,0.0,44.84,True,0.7653793931007385
18279,3,Lost / One-time buyers,336,1,231.34,336,13,0.0,70.57,True,0.804728651046753
18119,3,Lost / One-time buyers,184,1,362.24,184,29,0.0,175.84,True,0.6726304650306701
17276,3,Lost / One-time buyers,219,1,507.14,219,49,0.0,216.65,True,0.6726304650306701
18266,3,Lost / One-time buyers,251,1,251.1,251,14,0.0,96.68,True,0.7497851252555847
18132,3,Lost / One-time buyers,321,1,226.9,321,60,0.0,71.85,True,0.7502516269683838
17254,3,Lost / One-time buyers,218,1,198.29,218,36,0.0,85.0,False,0.7281247615814209
17283,3,Lost / One-time buyers,195,1,188.46,195,15,0.0,87.73,True,0.7710061430931091
13088,3,Lost / One-time buyers,234,1,236.11,234,19,0.0,95.94,True,0.7607741355895996
18244,3,Lost / One-time buyers,247,2,568.64,319,19,0.0,160.28,True,0.6287670254707336
17260,3,Lost / One-time buyers,228,1,120.95,228,6,0.0,50.12,True,0.9011061787605286
17310,3,Lost / One-time buyers,204,2,1025.1,351,1,0.0,165.21,True,0.6047326803207398
12376,3,Lost / One-time buyers,206,2,383.15,234,10,0.0,29.23,True,0.6189089059829712
17261,3,Lost / One-time buyers,326,1,230.44,326,43,0.0,72.06,True,0.8131573915481567
18243,3,Lost / One-time buyers,231,1,515.78,231,26,0.0,211.64,True,0.6726304650306701
13063,3,Lost / One-time buyers,297,1,188.4,297,12,0.0,63.52,True,0.903333556652069
13067,3,Lost / One-time buyers,226,2,393.05,263,13,0.0,96.67,False,0.6632635831832886
17316,3,Lost / One-time buyers,237,1,124.45,237,35,0.0,50.08,True,0.8378295302391052
18159,3,Lost / One-time buyers,118,1,530.15,118,23,0.0,346.61,True,0.6189089059829712
12386,3,Lost / One-time buyers,154,2,660.8,183,10,0.0,140.75,True,0.5578670978546143
18156,3,Lost / One-time buyers,186,1,412.46,186,50,0.0,198.67,False,0.6726304650306701
18250,3,Lost / One-time buyers,127,1,349.27,127,21,0.0,218.03,True,0.643980085849762
13080,3,Lost / One-time buyers,218,3,222.65,426,11,0.0,68.75,False,0.6189089059829712
18155,3,Lost / One-time buyers,108,1,113.93,108,8,0.0,78.63,False,0.7205630898475647
17246,3,Lost / One-time buyers,363,2,38.92,555,6,0.0,10.42,True,0.7308194994926452
17300,3,Lost / One-time buyers,207,2,393.64,298,37,0.0,164.18,True,0.6189089059829712
13084,3,Lost / One-time buyers,308,1,122.4,308,2,0.0,40.08,True,0.9490982174873352
12425,3,Lost / One-time buyers,265,1,964.21,265,55,0.0,355.86,False,0.6391617059707642
13083,3,Lost / One-time buyers,242,1,91.68,242,4,0.0,36.31,False,0.8233170986175538
18238,3,Lost / One-time buyers,332,1,270.92,332,14,0.0,83.46,True,0.803440797328949
18233,3,Lost / One-time buyers,142,1,440.0,142,1,0.0,255.43,True,0.64599689245224
13086,3,Lost / One-time buyers,199,1,439.33,199,47,0.0,201.49,True,0.6726304650306701
17299,3,Lost / One-time buyers,256,2,346.97,298,52,0.0,72.57,False,0.6586057305335998
12365,3,Lost / One-time buyers,108,1,320.69,108,21,0.0,221.32,True,0.6407037734985351
17304,3,Lost / One-time buyers,351,1,111.5,351,5,0.0,32.81,True,0.9490982174873352
17309,3,Lost / One-time buyers,198,2,247.84,490,22,0.0,19.13,False,0.695357871055603
17303,3,Lost / One-time buyers,178,1,250.04,178,53,0.0,124.28,True,0.7001762509346008
17257,3,Lost / One-time buyers,253,2,192.73,253,14,0.0,73.75,True,0.7329841494560242
17249,3,Lost / One-time buyers,245,1,68.03,245,27,0.0,26.69,True,0.8838452577590943
17248,3,Lost / One-time buyers,298,1,227.51,298,34,0.0,76.5,False,0.7764907240867615
12427,3,Lost / One-time buyers,188,1,499.0,188,9,0.0,238.51,False,0.6696965217590332
13076,3,Lost / One-time buyers,274,1,135.4,274,9,0.0,48.68,True,0.9490982174873352
18154,3,Lost / One-time buyers,205,3,533.41,307,22,0.0,175.53,False,0.50070139169693
17264,3,Lost / One-time buyers,241,1,279.59,241,70,0.0,111.07,True,0.6726304650306701
18182,3,Lost / One-time buyers,280,1,291.13,280,10,0.0,102.88,True,0.7534249424934387
13105,3,Lost / One-time buyers,253,1,72.0,253,1,0.0,27.55,True,0.8693328261375427
17327,3,Lost / One-time buyers,226,2,152.35,379,3,0.0,90.14,True,0.7308194994926452
17330,3,Lost / One-time buyers,361,2,59.9,464,2,0.0,8.64,False,0.7750959873199463
13106,3,Lost / One-time buyers,230,1,526.96,230,15,0.0,216.94,False,0.6726304650306701
18262,3,Lost / One-time buyers,210,2,428.06,419,27,0.0,128.03,False,0.6260984539985657
13079,3,Lost / One-time buyers,234,1,199.08,234,11,0.0,80.89,False,0.7497851252555847
17334,3,Lost / One-time buyers,119,3,635.15,223,20,0.0,230.02,True,0.4797847986221313
17286,3,Lost / One-time buyers,217,2,241.56,217,46,0.0,103.91,False,0.6634241104125976
13073,3,Lost / One-time buyers,228,2,418.08,254,25,0.0,78.37,True,0.6585854053497314
18264,3,Lost / One-time buyers,315,1,603.25,315,36,0.0,193.97,True,0.6745352268218994
17336,3,Lost / One-time buyers,289,1,81.12,289,1,0.0,27.96,True,0.9490982174873352
13034,3,Lost / One-time buyers,186,2,445.77,218,16,0.0,262.61,False,0.6105547189712525
17224,3,Lost / One-time buyers,318,1,100.86,318,8,0.0,32.18,True,0.9490982174873352
17269,3,Lost / One-time buyers,202,1,537.46,202,110,0.0,243.81,True,0.6359565734863282
12421,3,Lost / One-time buyers,136,3,365.01,322,26,0.0,182.35,False,0.4907220959663391
17266,3,Lost / One-time buyers,316,2,207.09,457,43,0.0,45.52,False,0.7129017949104309
17326,3,Lost / One-time buyers,225,2,321.95,346,82,0.0,95.5,True,0.6260984539985657
18255,3,Lost / One-time buyers,273,1,199.85,273,13,0.0,72.05,False,0.7704907298088074
17237,3,Lost / One-time buyers,192,2,687.39,198,58,0.0,84.5,False,0.5355163812637329
18176,3,Lost / One-time buyers,175,1,476.35,175,30,0.0,239.64,True,0.6411785125732422
17292,3,Lost / One-time buyers,289,2,271.75,396,14,0.0,69.94,True,0.7129017949104309
13096,3,Lost / One-time buyers,211,1,419.7,211,1,0.0,184.35,True,0.7364726781845092
18256,3,Lost / One-time buyers,204,1,110.7,204,10,0.0,49.85,True,0.8177626490592956
13103,3,Lost / One-time buyers,254,2,465.7,394,21,0.0,187.49,False,0.6478933215141296
13045,3,Lost / One-time buyers,218,2,503.64,303,25,0.0,120.89,False,0.6189089059829712
12387,3,Lost / One-time buyers,232,1,143.94,232,9,0.0,58.87,True,0.8177626490592956
18140,3,Lost / One-time buyers,290,1,536.41,290,49,0.0,184.35,True,0.6726304650306701
18138,3,Lost / One-time buyers,112,1,152.65,112,8,0.0,103.06,True,0.7205630898475647
12419,3,Lost / One-time buyers,202,2,391.01,230,22,0.0,115.4,True,0.6189089059829712
13068,3,Lost / One-time buyers,136,1,165.0,136,1,0.0,98.54,False,0.7329841494560242
13043,3,Lost / One-time buyers,90,1,516.42,90,13,0.0,396.07,True,0.5747436046600342
17291,3,Lost / One-time buyers,125,1,550.8,125,1,0.0,347.32,True,0.6391617059707642
12441,3,Lost / One-time buyers,183,1,311.1,183,10,0.0,151.61,True,0.6726304650306701
12944,3,Lost / One-time buyers,171,1,286.95,171,14,0.0,146.73,False,0.6726304650306701
12445,3,Lost / One-time buyers,237,1,301.58,237,20,0.0,121.35,False,0.7253228545188903
12608,3,Lost / One-time buyers,221,1,415.79,221,16,0.0,176.42,True,0.6726304650306701
12614,3,Lost / One-time buyers,94,1,315.6,94,20,0.0,236.2,True,0.6585854053497314
12844,3,Lost / One-time buyers,259,2,322.64,410,43,0.0,108.86,False,0.6678120851516723
12616,3,Lost / One-time buyers,114,2,601.4,205,25,0.0,221.75,False,0.5824150562286377
17859,3,Lost / One-time buyers,121,1,148.21,121,23,0.0,95.39,True,0.7205630898475647
12834,3,Lost / One-time buyers,99,1,312.38,99,18,0.0,226.95,True,0.6537670254707336
17855,3,Lost / One-time buyers,189,1,417.94,189,17,0.0,199.01,True,0.671799099445343
12829,3,Lost / One-time buyers,153,3,385.3,367,17,0.0,152.38,True,0.5210475206375123
12626,3,Lost / One-time buyers,133,2,1094.1,143,56,0.0,162.58,False,0.5245869994163513
12825,3,Lost / One-time buyers,338,2,518.63,458,20,0.0,133.89,True,0.6726304650306701
17847,3,Lost / One-time buyers,332,2,125.74,462,8,0.0,43.31,True,0.7516859173774719
17598,3,Lost / One-time buyers,198,1,409.98,198,10,0.0,188.72,True,0.7001762509346008
17599,3,Lost / One-time buyers,294,1,52.05,294,3,0.0,17.69,True,0.9490982174873352
12847,3,Lost / One-time buyers,204,1,765.36,204,34,0.0,344.68,False,0.6228933215141297
17843,3,Lost / One-time buyers,120,2,318.48,228,57,0.0,186.34,True,0.6023807406425477
17607,3,Lost / One-time buyers,193,1,333.81,193,22,0.0,156.55,True,0.6726304650306701
17840,3,Lost / One-time buyers,260,1,185.72,260,44,0.0,69.57,True,0.7772916197776795
12817,3,Lost / One-time buyers,98,3,570.98,251,15,0.0,295.24,True,0.5196419596672058
12655,3,Lost / One-time buyers,240,1,243.35,240,15,0.0,96.98,True,0.7607741355895996
17826,3,Lost / One-time buyers,191,1,134.59,191,33,0.0,63.6,True,0.7810959815979004
12661,3,Lost / One-time buyers,253,1,162.0,253,11,0.0,61.99,True,0.7810959815979004
17821,3,Lost / One-time buyers,223,1,334.62,223,6,0.0,141.02,True,0.7253228545188903
17820,3,Lost / One-time buyers,191,1,183.56,191,39,0.0,86.74,True,0.7653793931007385
17816,3,Lost / One-time buyers,86,4,97.07,541,36,0.0525,29.51,False,0.584238874912262
12807,3,Lost / One-time buyers,200,1,250.35,200,15,0.0,114.4,True,0.7281485080718995
17815,3,Lost / One-time buyers,210,1,591.96,210,13,0.0,260.93,True,0.64599689245224
12804,3,Lost / One-time buyers,282,2,327.02,317,60,0.0,77.92,True,0.6706136584281921
17619,3,Lost / One-time buyers,129,1,218.52,129,71,0.0,135.05,True,0.6726304650306701
12819,3,Lost / One-time buyers,275,1,540.52,275,19,0.0,193.76,True,0.6726304650306701
12665,3,Lost / One-time buyers,141,3,259.6,486,12,0.0,49.09,True,0.5920506715774536
17868,3,Lost / One-time buyers,203,1,234.65,203,18,0.0,106.06,True,0.7395287156105042
17872,3,Lost / One-time buyers,198,1,235.87,198,15,0.0,108.58,True,0.7253228545188903
12887,3,Lost / One-time buyers,200,1,222.4,200,13,0.0,101.63,True,0.7289673686027527
17919,3,Lost / One-time buyers,255,1,536.28,255,17,0.0,203.96,False,0.6657749533653259
17918,3,Lost / One-time buyers,317,3,388.44,322,33,0.0,39.11,True,0.6137598514556885
17524,3,Lost / One-time buyers,178,3,539.14,255,37,0.0,117.98,True,0.5569449424743652
12881,3,Lost / One-time buyers,92,1,298.0,92,7,0.0,225.76,True,0.6657749533653259
17903,3,Lost / One-time buyers,211,1,381.09,211,44,0.0,167.39,True,0.6726304650306701
17532,3,Lost / One-time buyers,202,1,65.34,202,4,0.0,29.64,True,0.8440673470497131
17533,3,Lost / One-time buyers,251,1,34.8,251,1,0.0,13.4,True,0.8900830745697021
17535,3,Lost / One-time buyers,97,1,164.4,97,13,0.0,120.85,True,0.6756865024566651
17536,3,Lost / One-time buyers,237,2,288.33,499,13,0.0,123.6,False,0.6678120851516723
17902,3,Lost / One-time buyers,363,1,216.4,363,24,0.0,61.93,True,0.8131573915481567
17901,3,Lost / One-time buyers,338,2,149.7,338,3,0.0,45.45,False,0.8268403053283692
17537,3,Lost / One-time buyers,120,1,630.7,120,60,0.0,408.05,False,0.5706221103668213
17870,3,Lost / One-time buyers,183,2,1540.2,198,2,0.0,513.93,False,0.5574022650718689
17541,3,Lost / One-time buyers,326,1,124.46,326,31,0.0,38.92,True,0.9490982174873352
12864,3,Lost / One-time buyers,325,1,152.45,325,4,0.0,47.79,False,0.8574006795883179
17551,3,Lost / One-time buyers,176,1,306.84,176,39,0.0,153.74,True,0.6726304650306701
12859,3,Lost / One-time buyers,275,1,575.1,275,21,0.0,206.16,True,0.6726304650306701
12858,3,Lost / One-time buyers,200,1,177.92,200,36,0.0,81.3,True,0.7731846690177917
17882,3,Lost / One-time buyers,196,2,313.46,196,47,0.0,145.37,True,0.6634241104125976
17881,3,Lost / One-time buyers,121,1,133.35,121,8,0.0,85.83,True,0.7441339731216431
17558,3,Lost / One-time buyers,210,1,259.17,210,28,0.0,114.24,True,0.7474616885185241
17559,3,Lost / One-time buyers,329,1,167.62,329,12,0.0,52.02,True,0.8574006795883179
12595,3,Lost / One-time buyers,321,1,281.02,321,18,0.0,88.99,True,0.7901283502578735
12852,3,Lost / One-time buyers,111,1,311.55,111,17,0.0,211.48,True,0.6537670254707336
17569,3,Lost / One-time buyers,149,1,344.14,149,29,0.0,193.46,True,0.6677917599678039
12851,3,Lost / One-time buyers,294,1,148.95,294,30,0.0,50.63,False,0.9490982174873352
12850,3,Lost / One-time buyers,262,1,330.0,262,2,0.0,122.88,True,0.726948869228363
17890,3,Lost / One-time buyers,139,2,602.09,178,88,0.0,133.09,True,0.5134156703948974
12803,3,Lost / One-time buyers,210,1,1017.81,210,54,0.0,448.64,True,0.57945796251297
12801,3,Lost / One-time buyers,317,1,871.82,317,49,0.0,278.9,True,0.6677917599678039
12666,3,Lost / One-time buyers,211,1,1248.42,211,31,0.0,548.36,True,0.6273078441619873
12768,3,Lost / One-time buyers,267,1,168.69,267,10,0.0,61.89,True,0.8138440251350403
17752,3,Lost / One-time buyers,176,1,80.64,176,1,0.0,40.41,True,0.7766759037971497
12767,3,Lost / One-time buyers,192,1,949.82,192,43,0.0,447.14,True,0.6228933215141297
17751,3,Lost / One-time buyers,238,1,157.86,238,31,0.0,63.32,True,0.7810959815979004
17748,3,Lost / One-time buyers,344,1,358.15,344,17,0.0,107.16,True,0.7931843876838685
12763,3,Lost / One-time buyers,186,1,640.16,186,16,0.0,308.35,False,0.6359565734863282
17745,3,Lost / One-time buyers,294,2,600.34,372,27,0.0,59.94,True,0.6726304650306701
17743,3,Lost / One-time buyers,265,1,229.2,265,3,0.0,84.59,True,0.7607741355895996
17680,3,Lost / One-time buyers,200,2,313.05,328,9,0.0,62.78,False,0.6726304650306701
12761,3,Lost / One-time buyers,281,1,712.95,281,25,0.0,251.24,True,0.6726304650306701
17741,3,Lost / One-time buyers,223,2,101.1,377,6,0.0,40.58,True,0.7262142419815063
12760,3,Lost / One-time buyers,272,1,317.8,272,20,0.0,114.91,True,0.7350406289100647
17687,3,Lost / One-time buyers,237,1,432.68,237,26,0.0,174.11,True,0.6726304650306701
17674,3,Lost / One-time buyers,185,1,601.32,185,11,0.0,290.77,False,0.6359565734863282
17688,3,Lost / One-time buyers,210,1,304.2,210,19,0.0,134.09,True,0.7129017949104309
12730,3,Lost / One-time buyers,338,1,703.25,338,46,0.0,213.49,True,0.7001762509346008
12734,3,Lost / One-time buyers,169,3,603.65,209,16,0.0,287.21,True,0.4945827126502991
12751,3,Lost / One-time buyers,261,1,268.27,261,61,0.0,100.2,True,0.6726304650306701
12735,3,Lost / One-time buyers,132,2,689.57,154,37,0.0,436.91,True,0.5245869994163513
12736,3,Lost / One-time buyers,149,1,144.0,149,3,0.0,80.95,True,0.7543903827667237
17699,3,Lost / One-time buyers,293,2,442.0,378,17,0.0,132.69,True,0.6726304650306701
17717,3,Lost / One-time buyers,238,1,376.92,238,26,0.0,151.18,True,0.6726304650306701
12738,3,Lost / One-time buyers,189,1,274.7,189,10,0.0,130.8,True,0.6726304650306701
12741,3,Lost / One-time buyers,350,1,236.07,350,15,0.0,69.63,True,0.8131573915481567
17703,3,Lost / One-time buyers,235,1,296.1,235,23,0.0,119.92,False,0.681148111820221
17711,3,Lost / One-time buyers,106,1,220.53,106,13,0.0,153.91,False,0.6706136584281921
17710,3,Lost / One-time buyers,240,1,293.5,240,20,0.0,116.97,True,0.726948869228363
12746,3,Lost / One-time buyers,357,1,254.55,357,17,0.0,73.87,True,0.8131573915481567
17689,3,Lost / One-time buyers,205,2,317.08,291,17,0.0,108.66,True,0.6426938295364379
12707,3,Lost / One-time buyers,108,1,603.42,108,33,0.0,416.44,True,0.5695945501327515
17762,3,Lost / One-time buyers,273,1,129.75,273,16,0.0,46.78,True,0.9077471852302552
17763,3,Lost / One-time buyers,80,4,86.15,476,11,0.1741,33.88,True,0.5894663453102111
12799,3,Lost / One-time buyers,346,1,219.35,346,15,0.0,65.32,True,0.8131573915481567
17627,3,Lost / One-time buyers,295,1,296.36,295,10,0.0,100.47,True,0.7474616885185241
12672,3,Lost / One-time buyers,146,2,407.05,412,21,0.0,135.58,True,0.6547488331794739
12798,3,Lost / One-time buyers,238,1,1533.89,238,25,0.0,615.24,False,0.5833041191101074
17633,3,Lost / One-time buyers,196,3,732.55,206,29,0.0,157.91,False,0.4933562397956848
17803,3,Lost / One-time buyers,209,1,184.66,209,27,0.0,81.69,True,0.7810959815979004
12797,3,Lost / One-time buyers,182,2,694.11,241,26,0.0,352.88,True,0.5882045149803161
12673,3,Lost / One-time buyers,143,2,786.4,218,51,0.0,204.4,False,0.4933562397956848
12789,3,Lost / One-time buyers,329,2,148.5,510,1,0.0,35.92,False,0.740536093711853
12788,3,Lost / One-time buyers,280,4,384.9,345,19,0.0,49.54,True,0.6137598514556885
17643,3,Lost / One-time buyers,190,2,541.25,322,30,0.0,140.12,True,0.6189089059829712
17792,3,Lost / One-time buyers,284,2,370.05,295,45,0.0,58.4,True,0.6706136584281921
17649,3,Lost / One-time buyers,286,2,710.4,289,45,0.0,11.19,False,0.6319721579551697
12781,3,Lost / One-time buyers,101,1,549.26,101,15,0.0,394.42,False,0.5609864950180053
17786,3,Lost / One-time buyers,134,1,114.85,134,24,0.0,69.26,False,0.7543903827667237
17654,3,Lost / One-time buyers,94,1,117.55,94,22,0.0,87.98,True,0.693017303943634
17785,3,Lost / One-time buyers,262,2,271.44,382,38,0.0,88.81,False,0.6726304650306701
17657,3,Lost / One-time buyers,247,1,126.0,247,7,0.0,49.12,True,0.8900830745697021
17782,3,Lost / One-time buyers,199,2,679.02,199,29,0.0,311.42,True,0.565748393535614
12686,3,Lost / One-time buyers,188,1,142.28,188,6,0.0,68.01,True,0.8177626490592956
12777,3,Lost / One-time buyers,274,1,519.45,274,26,0.0,186.74,True,0.6726304650306701
17772,3,Lost / One-time buyers,209,1,202.0,209,45,0.0,89.36,False,0.7607741355895996
12691,3,Lost / One-time buyers,136,3,468.8,237,16,0.0,244.53,False,0.4797847986221313
17665,3,Lost / One-time buyers,310,1,563.1,310,19,0.0,183.42,True,0.6726304650306701
12774,3,Lost / One-time buyers,352,1,83.7,352,5,0.0,24.57,True,0.9490982174873352
12771,3,Lost / One-time buyers,302,1,226.3,302,14,0.0,75.29,True,0.8131573915481567
17767,3,Lost / One-time buyers,227,1,141.85,227,18,0.0,58.98,False,0.8800199151039123
17766,3,Lost / One-time buyers,198,2,299.61,198,21,0.0,137.92,True,0.6634241104125976
12699,3,Lost / One-time buyers,234,1,566.11,234,40,0.0,230.02,True,0.6671713352203369
12575,3,Lost / One-time buyers,274,2,568.82,343,33,0.0,143.7,True,0.6609565734863281
13002,3,Lost / One-time buyers,135,3,414.13,251,19,0.0,160.37,True,0.5355163812637329
17517,3,Lost / One-time buyers,125,1,153.94,125,11,0.0,97.07,True,0.7205630898475647
12889,3,Lost / One-time buyers,198,4,385.46,319,25,0.0,125.15,True,0.5329331278800964
18050,3,Lost / One-time buyers,176,2,412.06,210,22,0.0,69.28,True,0.603021764755249
17401,3,Lost / One-time buyers,358,1,114.85,358,11,0.0,33.25,True,0.9490982174873352
12489,3,Lost / One-time buyers,153,1,298.93,153,14,0.0,165.06,True,0.6726304650306701
17403,3,Lost / One-time buyers,267,1,118.95,267,13,0.0,43.64,False,0.8856635928153992
18047,3,Lost / One-time buyers,198,2,342.69,198,74,0.0,157.75,True,0.6137598514556885
18042,3,Lost / One-time buyers,358,1,116.1,358,9,0.0,33.61,False,0.9490982174873352
12973,3,Lost / One-time buyers,230,1,385.55,230,6,0.0,158.73,True,0.7474616885185241
12492,3,Lost / One-time buyers,220,1,380.0,220,21,0.0,161.78,False,0.6726304650306701
17407,3,Lost / One-time buyers,228,1,552.9,228,23,0.0,229.14,True,0.6677917599678039
17408,3,Lost / One-time buyers,317,2,283.44,331,6,0.0,9.52,False,0.6853560090065003
12964,3,Lost / One-time buyers,254,1,132.24,254,26,0.0,50.45,True,0.8838452577590943
12961,3,Lost / One-time buyers,196,1,211.99,196,37,0.0,98.31,True,0.7253228545188903
17413,3,Lost / One-time buyers,221,2,560.14,386,10,0.0,197.67,True,0.6260984539985657
18053,3,Lost / One-time buyers,342,2,271.05,344,12,0.0,13.14,False,0.7129017949104309
12959,3,Lost / One-time buyers,301,1,150.95,301,8,0.0,50.35,True,0.9490982174873352
18034,3,Lost / One-time buyers,192,1,369.97,192,96,0.0,174.17,False,0.6367905378341675
17418,3,Lost / One-time buyers,140,2,373.99,204,24,0.0,163.83,False,0.5821024417877197
18032,3,Lost / One-time buyers,151,1,73.5,151,5,0.0,40.95,True,0.7810959815979004
18031,3,Lost / One-time buyers,195,1,462.1,195,49,0.0,215.1,True,0.6677917599678039
12504,3,Lost / One-time buyers,234,2,261.0,413,7,0.0,82.93,False,0.6678120851516723
12505,3,Lost / One-time buyers,225,1,787.2,225,41,0.0,329.52,True,0.6379733800888061
18021,3,Lost / One-time buyers,326,2,227.06,329,32,0.0,44.11,True,0.7129017949104309
18020,3,Lost / One-time buyers,360,1,190.48,360,12,0.0,54.89,True,0.9490982174873352
12953,3,Lost / One-time buyers,339,1,498.96,339,31,0.0,151.1,False,0.7253228545188903
18017,3,Lost / One-time buyers,127,2,330.0,248,1,0.0,147.63,False,0.6189089059829712
12509,3,Lost / One-time buyers,101,1,158.5,101,6,0.0,113.82,True,0.6884120464324951
12515,3,Lost / One-time buyers,170,1,278.7,170,15,0.0,143.1,True,0.6726304650306701
18007,3,Lost / One-time buyers,209,1,220.32,209,46,0.0,97.46,True,0.7125973105430603
18035,3,Lost / One-time buyers,202,2,546.34,202,8,0.0,247.83,False,0.5990371108055115
18004,3,Lost / One-time buyers,179,1,169.47,179,32,0.0,83.9,True,0.7653793931007385
18054,3,Lost / One-time buyers,209,1,176.5,209,11,0.0,78.08,True,0.7810959815979004
12486,3,Lost / One-time buyers,248,1,917.28,248,48,0.0,356.46,True,0.6391617059707642
18107,3,Lost / One-time buyers,259,1,167.13,259,38,0.0,62.8,True,0.7772093176841736
12450,3,Lost / One-time buyers,216,3,490.32,291,25,0.0,165.46,False,0.4943858981132507
17369,3,Lost / One-time buyers,272,1,979.2,272,1,0.0,354.06,True,0.6359565734863282
18098,3,Lost / One-time buyers,213,1,550.84,213,85,0.0,240.26,True,0.6391617059707642
12996,3,Lost / One-time buyers,192,1,355.5,192,22,0.0,167.36,True,0.6745352268218994
12460,3,Lost / One-time buyers,273,1,296.65,273,17,0.0,106.95,True,0.7474616885185241
12462,3,Lost / One-time buyers,120,1,594.11,120,39,0.0,384.38,False,0.588066017627716
18090,3,Lost / One-time buyers,238,1,349.4,238,47,0.0,140.14,True,0.6726304650306701
18089,3,Lost / One-time buyers,263,1,428.45,263,9,0.0,159.07,True,0.7129017949104309
18086,3,Lost / One-time buyers,91,1,101.34,91,7,0.0,77.24,True,0.7205630898475647
18084,3,Lost / One-time buyers,200,2,722.45,205,6,0.0,80.92,False,0.5609864950180053
18083,3,Lost / One-time buyers,214,1,470.73,214,36,0.0,204.6,True,0.6677917599678039
17378,3,Lost / One-time buyers,191,1,10.95,191,1,0.0,5.17,True,0.8440673470497131
17397,3,Lost / One-time buyers,233,1,536.77,233,44,0.0,218.82,False,0.6671713352203369
17380,3,Lost / One-time buyers,251,3,645.0,351,5,0.0,126.72,True,0.5937941670417786
12467,3,Lost / One-time buyers,240,1,132.8,240,9,0.0,52.93,True,0.8433839797973632
18076,3,Lost / One-time buyers,197,1,151.49,197,8,0.0,69.99,True,0.7810959815979004
17383,3,Lost / One-time buyers,270,1,110.7,270,2,0.0,40.26,False,0.9236545085906982
17386,3,Lost / One-time buyers,202,1,126.35,202,10,0.0,57.32,False,0.8177626490592956
18068,3,Lost / One-time buyers,106,1,101.7,106,1,0.0,70.98,True,0.7205630898475647
12988,3,Lost / One-time buyers,109,1,535.32,109,75,0.0,367.4,True,0.57538400888443
12475,3,Lost / One-time buyers,226,1,396.26,226,24,0.0,165.32,False,0.6726304650306701
17390,3,Lost / One-time buyers,237,1,149.3,237,12,0.0,60.08,True,0.8838452577590943
17393,3,Lost / One-time buyers,227,2,381.15,305,45,0.0,122.92,True,0.6657952785491943
18063,3,Lost / One-time buyers,207,2,186.6,450,2,0.0,49.45,True,0.7159578323364257
18058,3,Lost / One-time buyers,358,2,603.9,484,11,0.0,126.21,False,0.6726304650306701
12485,3,Lost / One-time buyers,346,1,708.1,346,34,0.0,210.86,True,0.6726304650306701
17395,3,Lost / One-time buyers,325,1,97.5,325,3,0.0,30.56,True,0.9490982174873352
12991,3,Lost / One-time buyers,206,1,261.06,206,14,0.0,116.72,False,0.7253228545188903
18003,3,Lost / One-time buyers,193,1,358.61,193,23,0.0,168.18,True,0.6726304650306701
12519,3,Lost / One-time buyers,293,1,349.7,293,21,0.0,119.2,False,0.7474616885185241
12946,3,Lost / One-time buyers,253,1,324.45,253,20,0.0,124.15,True,0.7253228545188903
17953,3,Lost / One-time buyers,357,1,150.32,357,19,0.0,43.62,True,0.9490982174873352
12559,3,Lost / One-time buyers,127,2,525.71,136,20,0.0,96.3,True,0.5402782797813416
17471,3,Lost / One-time buyers,291,1,321.65,291,19,0.0,110.24,True,0.7483565092086792
17473,3,Lost / One-time buyers,225,2,607.0,273,33,0.0,203.55,True,0.6189089059829712
12561,3,Lost / One-time buyers,119,1,238.85,119,16,0.0,155.34,True,0.6706136584281921
12907,3,Lost / One-time buyers,212,2,508.91,311,23,0.0,122.8,True,0.6260984539985657
17480,3,Lost / One-time buyers,261,1,390.21,261,24,0.0,145.74,False,0.6726304650306701
12903,3,Lost / One-time buyers,245,1,833.53,245,41,0.0,326.97,True,0.6391617059707642
12563,3,Lost / One-time buyers,225,1,221.24,225,12,0.0,92.61,True,0.7386353015899658
17944,3,Lost / One-time buyers,240,1,75.41,240,24,0.0,30.05,True,0.8838452577590943
17938,3,Lost / One-time buyers,237,1,144.29,237,29,0.0,58.06,True,0.8838452577590943
12565,3,Lost / One-time buyers,105,1,145.92,105,9,0.0,102.41,True,0.7205630898475647
17934,3,Lost / One-time buyers,223,1,344.9,223,20,0.0,145.35,False,0.6853560090065003
12914,3,Lost / One-time buyers,217,1,223.98,217,9,0.0,96.34,True,0.7125973105430603
17493,3,Lost / One-time buyers,202,1,100.91,202,8,0.0,45.78,True,0.8440673470497131
17495,3,Lost / One-time buyers,207,1,309.16,207,21,0.0,137.74,False,0.7253228545188903
12900,3,Lost / One-time buyers,239,1,340.33,239,13,0.0,136.07,True,0.7253228545188903
17497,3,Lost / One-time buyers,207,2,287.25,427,7,0.0,50.3,True,0.6678120851516723
12899,3,Lost / One-time buyers,230,1,366.4,230,17,0.0,150.84,True,0.6977770686149597
12898,3,Lost / One-time buyers,280,2,310.96,476,27,0.0,75.91,True,0.6726304650306701
12892,3,Lost / One-time buyers,213,1,263.38,213,18,0.0,114.88,True,0.7129017949104309
17510,3,Lost / One-time buyers,237,1,206.08,237,15,0.0,82.93,False,0.7364726781845092
17925,3,Lost / One-time buyers,189,1,488.16,189,1,0.0,232.44,True,0.7001762509346008
12890,3,Lost / One-time buyers,204,1,336.8,204,56,0.0,151.68,False,0.6677917599678039
17513,3,Lost / One-time buyers,225,2,645.6,296,12,0.0,169.86,False,0.6260984539985657
17924,3,Lost / One-time buyers,118,3,1076.4,231,3,0.0,561.78,False,0.4531506597995758
17923,3,Lost / One-time buyers,99,3,497.0,361,2,0.0,169.52,True,0.540329098701477
17922,3,Lost / One-time buyers,360,1,170.4,360,8,0.0,49.1,True,0.9490982174873352
17494,3,Lost / One-time buyers,318,1,54.7,318,3,0.0,17.45,True,0.9490982174873352
17468,3,Lost / One-time buyers,192,1,57.8,192,3,0.0,27.21,False,0.8440673470497131
17467,3,Lost / One-time buyers,212,1,102.6,212,4,0.0,44.91,True,0.8440673470497131
12923,3,Lost / One-time buyers,207,2,612.9,392,28,0.0,112.1,False,0.6151273608207702
12528,3,Lost / One-time buyers,93,2,681.66,129,37,0.0,326.69,False,0.5110155582427979
17431,3,Lost / One-time buyers,130,1,403.3,130,41,0.0,248.02,True,0.6189089059829712
12745,3,Lost / One-time buyers,303,2,723.85,391,20,0.0,132.01,True,0.6391617059707642
17433,3,Lost / One-time buyers,202,1,266.8,202,39,0.0,121.03,False,0.6726304650306701
17435,3,Lost / One-time buyers,228,1,331.35,228,15,0.0,137.32,True,0.6853560090065003
17995,3,Lost / One-time buyers,98,3,495.48,204,28,0.0,137.79,True,0.5210943579673767
12529,3,Lost / One-time buyers,345,1,316.48,345,21,0.0,94.47,True,0.7534616827964783
17992,3,Lost / One-time buyers,206,1,254.13,206,49,0.0,113.63,True,0.7129017949104309
17437,3,Lost / One-time buyers,346,1,373.17,346,52,0.0,111.12,True,0.7364726781845092
17989,3,Lost / One-time buyers,196,1,228.83,196,26,0.0,106.12,True,0.7125973105430603
12537,3,Lost / One-time buyers,225,1,612.94,225,42,0.0,256.58,True,0.6391617059707642
12538,3,Lost / One-time buyers,195,1,276.5,195,13,0.0,128.71,False,0.7129017949104309
17983,3,Lost / One-time buyers,212,1,171.71,212,23,0.0,75.16,True,0.7810959815979004
17446,3,Lost / One-time buyers,127,1,68.1,127,5,0.0,42.51,False,0.7529571533203125
17981,3,Lost / One-time buyers,227,1,239.12,227,17,0.0,99.43,True,0.7364726781845092
17976,3,Lost / One-time buyers,189,1,706.38,189,56,0.0,336.35,True,0.6260984539985657
12541,3,Lost / One-time buyers,97,1,284.4,97,16,0.0,209.07,False,0.6189089059829712
12542,3,Lost / One-time buyers,301,2,481.88,457,39,0.0,58.98,True,0.6726304650306701
12929,3,Lost / One-time buyers,128,1,117.85,128,8,0.0,73.2,True,0.7543903827667237
12543,3,Lost / One-time buyers,265,1,840.25,265,42,0.0,310.11,True,0.6391617059707642
17967,3,Lost / One-time buyers,188,2,357.29,233,59,0.0,193.84,True,0.6105547189712525
12551,3,Lost / One-time buyers,174,1,168.0,174,10,0.0,84.86,True,0.7750959873199463
17964,3,Lost / One-time buyers,189,1,523.52,189,35,0.0,249.28,False,0.643980085849762
12927,3,Lost / One-time buyers,211,1,197.31,211,11,0.0,86.67,True,0.7497851252555847
12554,3,Lost / One-time buyers,265,1,384.5,265,25,0.0,141.91,True,0.7129017949104309
17960,3,Lost / One-time buyers,339,2,61.3,458,11,0.0,26.3,False,0.7528038144111633
17956,3,Lost / One-time buyers,66,1,12.75,66,1,1.0,11.49,True,0.695357871055603
17458,3,Lost / One-time buyers,198,1,213.08,198,32,0.0,98.09,False,0.7253228545188903
17462,3,Lost / One-time buyers,101,1,463.41,101,14,0.0,332.77,False,0.6081708192825317
12574,3,Lost / One-time buyers,132,1,182.45,132,10,0.0,111.1,True,0.7329841494560242
17210,3,Lost / One-time buyers,209,1,253.37,209,47,0.0,112.08,True,0.7001762509346008
13594,3,Lost / One-time buyers,302,1,136.35,302,7,0.0,45.36,False,0.9490982174873352
17205,3,Lost / One-time buyers,233,2,615.27,381,18,0.0,195.99,False,0.5899480104446411
14270,3,Lost / One-time buyers,148,1,492.65,148,29,0.0,278.2,True,0.6391617059707642
15702,3,Lost / One-time buyers,293,1,112.57,293,29,0.0,38.37,True,0.9424986362457276
14278,3,Lost / One-time buyers,226,1,205.83,226,13,0.0,85.87,True,0.7402613162994385
15689,3,Lost / One-time buyers,178,2,370.43,434,19,0.0,61.98,False,0.6547488331794739
15688,3,Lost / One-time buyers,235,1,190.57,235,26,0.0,77.18,True,0.7810959815979004
15686,3,Lost / One-time buyers,237,1,90.0,237,1,0.0,36.22,True,0.8900830745697021
15685,3,Lost / One-time buyers,267,1,55.98,267,17,0.0,20.54,True,0.8838452577590943
15684,3,Lost / One-time buyers,364,3,173.95,552,9,0.0,21.45,True,0.6853560090065003
15683,3,Lost / One-time buyers,290,1,330.79,290,16,0.0,113.68,False,0.7474616885185241
15709,3,Lost / One-time buyers,100,2,327.85,406,26,0.0,85.54,True,0.6532560110092163
14279,3,Lost / One-time buyers,337,2,191.86,498,3,0.0,38.77,True,0.740536093711853
15677,3,Lost / One-time buyers,238,2,648.4,280,32,0.0,191.32,False,0.6137598514556885
15676,3,Lost / One-time buyers,100,1,897.8,100,61,0.0,648.46,False,0.5427154898643494
15675,3,Lost / One-time buyers,97,2,263.35,221,16,0.0,52.94,False,0.6401936292648316
15670,3,Lost / One-time buyers,113,2,325.2,373,19,0.0,115.99,True,0.6547245621681214
15666,3,Lost / One-time buyers,289,2,632.94,312,62,0.0,109.66,True,0.6319721579551697
15659,3,Lost / One-time buyers,203,2,226.04,470,8,0.0,64.47,False,0.695357871055603
14294,3,Lost / One-time buyers,224,1,375.34,224,23,0.0,157.65,True,0.6726304650306701
14296,3,Lost / One-time buyers,238,2,456.4,391,27,0.0,163.4,True,0.6657952785491943
14297,3,Lost / One-time buyers,91,1,232.6,91,11,0.0,177.3,False,0.6726304650306701
14281,3,Lost / One-time buyers,225,1,245.15,225,7,0.0,102.62,True,0.7607741355895996
15647,3,Lost / One-time buyers,232,1,169.0,232,11,0.0,69.12,True,0.7810959815979004
14269,3,Lost / One-time buyers,256,1,295.73,256,16,0.0,112.13,True,0.7474616885185241
15714,3,Lost / One-time buyers,270,3,453.93,372,14,0.0,73.4,False,0.6189089059829712
15782,3,Lost / One-time buyers,247,1,1399.36,247,18,0.0,545.5,False,0.588066017627716
15781,3,Lost / One-time buyers,122,1,83.35,122,5,0.0,53.37,False,0.7543903827667237
15779,3,Lost / One-time buyers,280,2,124.08,349,8,0.0,35.03,True,0.7750959873199463
15778,3,Lost / One-time buyers,248,1,307.95,248,17,0.0,119.67,True,0.7364726781845092
15773,3,Lost / One-time buyers,226,1,138.84,226,37,0.0,57.92,False,0.7774037599563599
15772,3,Lost / One-time buyers,235,1,280.88,235,16,0.0,113.76,True,0.726948869228363
15761,3,Lost / One-time buyers,259,1,143.05,259,5,0.0,53.75,True,0.8838452577590943
15753,3,Lost / One-time buyers,121,1,79.2,121,1,0.0,50.98,True,0.7432405591011048
15748,3,Lost / One-time buyers,266,2,465.45,266,16,0.0,171.28,False,0.6706136584281921
14268,3,Lost / One-time buyers,287,1,354.85,287,19,0.0,122.97,True,0.7484270572662354
14252,3,Lost / One-time buyers,198,1,350.99,198,10,0.0,161.57,True,0.7001762509346008
14253,3,Lost / One-time buyers,310,2,363.4,440,11,0.0,77.48,True,0.7129017949104309
14254,3,Lost / One-time buyers,249,1,601.03,249,23,0.0,232.84,True,0.6726304650306701
15735,3,Lost / One-time buyers,238,1,327.68,238,19,0.0,131.43,True,0.7010849118232727
15733,3,Lost / One-time buyers,99,1,162.3,99,10,0.0,117.91,True,0.6884120464324951
15728,3,Lost / One-time buyers,196,2,544.6,261,10,0.0,219.41,True,0.6260657191276551
15726,3,Lost / One-time buyers,207,1,321.91,207,23,0.0,143.42,True,0.6726304650306701
14263,3,Lost / One-time buyers,240,1,322.93,240,16,0.0,128.7,True,0.7253228545188903
15718,3,Lost / One-time buyers,357,1,293.79,357,18,0.0,85.25,True,0.803440797328949
14266,3,Lost / One-time buyers,245,1,40.56,245,1,0.0,15.91,True,0.8900830745697021
15741,3,Lost / One-time buyers,275,2,208.62,435,11,0.0,76.72,True,0.7129017949104309
15645,3,Lost / One-time buyers,231,2,443.16,242,16,0.0,17.27,False,0.6249294519424439
14303,3,Lost / One-time buyers,224,2,277.94,251,21,0.0,80.12,True,0.6634241104125976
15635,3,Lost / One-time buyers,212,1,100.35,212,2,0.0,43.92,True,0.8440673470497131
14384,3,Lost / One-time buyers,317,1,58.5,317,3,0.0,18.71,True,0.9490982174873352
14386,3,Lost / One-time buyers,113,1,142.4,113,7,0.0,95.62,True,0.7205630898475647
15545,3,Lost / One-time buyers,188,1,270.66,188,31,0.0,129.37,False,0.6726304650306701
15543,3,Lost / One-time buyers,105,2,242.84,276,50,0.0,110.64,True,0.6527320265769958
15540,3,Lost / One-time buyers,192,1,247.38,192,16,0.0,116.46,False,0.7125973105430603
15536,3,Lost / One-time buyers,226,1,259.09,226,16,0.0,108.09,True,0.7253228545188903
14392,3,Lost / One-time buyers,249,1,266.4,249,14,0.0,103.2,True,0.7364726781845092
14405,3,Lost / One-time buyers,203,1,195.0,203,2,0.0,88.14,True,0.7497851252555847
15519,3,Lost / One-time buyers,200,2,344.61,263,34,0.0,146.55,True,0.6455424785614013
14382,3,Lost / One-time buyers,207,1,620.73,207,137,0.0,276.55,False,0.6157037734985351
15515,3,Lost / One-time buyers,204,1,171.81,204,7,0.0,77.37,True,0.7810959815979004
15510,3,Lost / One-time buyers,147,1,250.0,147,1,0.0,141.82,True,0.7189401507377624
15509,3,Lost / One-time buyers,197,1,166.51,197,26,0.0,76.93,True,0.8184101104736328
14412,3,Lost / One-time buyers,241,1,656.16,241,41,0.0,260.67,False,0.6391617059707642
14414,3,Lost / One-time buyers,175,2,1119.55,191,28,0.0,185.61,False,0.5245869994163513
14417,3,Lost / One-time buyers,204,1,604.2,204,106,0.0,272.1,True,0.6287670254707336
15501,3,Lost / One-time buyers,221,2,402.5,232,64,0.0,110.17,True,0.6137598514556885
15495,3,Lost / One-time buyers,196,1,246.5,196,20,0.0,114.32,True,0.7253228545188903
15490,3,Lost / One-time buyers,247,1,217.6,247,22,0.0,84.82,True,0.7607741355895996
15488,3,Lost / One-time buyers,273,4,340.6,400,8,0.0,90.2,False,0.6137598514556885
14411,3,Lost / One-time buyers,127,1,1063.0,127,14,0.0,663.56,True,0.6157037734985351
14381,3,Lost / One-time buyers,268,1,428.66,268,56,0.0,156.81,False,0.6726304650306701
15554,3,Lost / One-time buyers,94,1,217.2,94,14,0.0,162.56,True,0.6706136584281921
15560,3,Lost / One-time buyers,214,2,153.52,214,10,0.0,66.73,True,0.7205630898475647
15634,3,Lost / One-time buyers,200,1,311.1,200,19,0.0,142.16,False,0.6853560090065003
14310,3,Lost / One-time buyers,249,1,492.1,249,22,0.0,190.64,True,0.6853560090065003
15627,3,Lost / One-time buyers,274,2,566.9,339,23,0.0,156.0,True,0.6609565734863281
14314,3,Lost / One-time buyers,247,1,109.8,247,2,0.0,42.8,False,0.901840889453888
14318,3,Lost / One-time buyers,277,1,158.02,277,9,0.0,56.32,True,0.897178590297699
14319,3,Lost / One-time buyers,241,1,494.85,241,26,0.0,196.59,True,0.6726304650306701
15616,3,Lost / One-time buyers,255,1,317.11,255,13,0.0,120.6,True,0.726948869228363
15608,3,Lost / One-time buyers,232,1,692.3,232,45,0.0,283.14,False,0.6391617059707642
15598,3,Lost / One-time buyers,244,1,307.34,244,22,0.0,120.94,False,0.6868428826332093
15595,3,Lost / One-time buyers,304,1,357.6,304,4,0.0,118.34,True,0.7552531123161316
15583,3,Lost / One-time buyers,193,1,107.86,193,37,0.0,50.59,True,0.8248178124427795
14358,3,Lost / One-time buyers,206,2,400.06,245,21,0.0,112.37,True,0.6189089059829712
14363,3,Lost / One-time buyers,219,2,227.47,268,8,0.0,104.94,True,0.6853560090065003
15577,3,Lost / One-time buyers,122,3,168.75,543,24,0.0,20.82,False,0.6297326803207397
14366,3,Lost / One-time buyers,342,1,136.0,342,1,0.0,40.89,True,0.9490982174873352
14368,3,Lost / One-time buyers,136,1,155.0,136,8,0.0,92.57,True,0.7441339731216431
14371,3,Lost / One-time buyers,112,1,100.5,112,4,0.0,67.85,True,0.7205630898475647
15566,3,Lost / One-time buyers,209,2,227.87,541,9,0.0,45.2,True,0.6822946190834045
15564,3,Lost / One-time buyers,280,2,70.74,493,4,0.0,21.46,True,0.740536093711853
14373,3,Lost / One-time buyers,175,1,76.55,175,4,0.0,38.51,True,0.8252918601036072
14374,3,Lost / One-time buyers,358,1,108.0,358,7,0.0,31.27,True,0.9490982174873352
15788,3,Lost / One-time buyers,325,1,221.83,325,14,0.0,69.54,True,0.8131573915481567
14219,3,Lost / One-time buyers,226,2,543.89,310,32,0.0,98.97,False,0.6189089059829712
14216,3,Lost / One-time buyers,231,1,310.74,231,18,0.0,127.51,False,0.7253228545188903
14214,3,Lost / One-time buyers,94,1,638.65,94,37,0.0,477.98,False,0.5609864950180053
15991,3,Lost / One-time buyers,351,1,150.55,351,6,0.0,44.3,True,0.9490982174873352
14058,3,Lost / One-time buyers,279,2,469.19,347,23,0.0,82.01,True,0.6726304650306701
15986,3,Lost / One-time buyers,198,1,186.3,198,11,0.0,85.76,False,0.7760128736495971
14069,3,Lost / One-time buyers,331,2,230.06,378,37,0.0,50.63,True,0.7129017949104309
15973,3,Lost / One-time buyers,183,2,973.44,245,7,0.0,473.28,True,0.5971997261047364
15968,3,Lost / One-time buyers,205,1,415.3,205,69,0.0,186.36,True,0.6677917599678039
15966,3,Lost / One-time buyers,267,1,426.53,267,27,0.0,156.49,True,0.6733034491539002
14082,3,Lost / One-time buyers,181,2,413.36,209,48,0.0,152.38,True,0.6137598514556885
15962,3,Lost / One-time buyers,266,1,295.83,266,43,0.0,108.86,True,0.673637843132019
14053,3,Lost / One-time buyers,214,2,312.05,303,3,0.0,98.34,False,0.6706136584281921
15961,3,Lost / One-time buyers,196,1,451.29,196,42,0.0,209.29,True,0.6726304650306701
14084,3,Lost / One-time buyers,329,1,150.5,329,7,0.0,46.71,True,0.8574006795883179
14086,3,Lost / One-time buyers,279,1,39.95,279,1,0.0,14.16,True,0.9490982174873352
15951,3,Lost / One-time buyers,102,2,680.12,198,35,0.0,385.52,False,0.5269871115684509
15948,3,Lost / One-time buyers,241,1,553.85,241,35,0.0,220.03,False,0.6726304650306701
14090,3,Lost / One-time buyers,141,1,76.32,141,1,0.0,44.51,True,0.7810959815979004
14094,3,Lost / One-time buyers,256,1,335.22,256,41,0.0,127.1,True,0.6853560090065003
15940,3,Lost / One-time buyers,128,1,35.8,128,1,0.0,22.24,True,0.8177626490592956
15936,3,Lost / One-time buyers,196,2,282.79,284,16,0.0,84.63,True,0.6575504064559936
15931,3,Lost / One-time buyers,245,1,239.9,245,14,0.0,94.11,True,0.7497851252555847
15960,3,Lost / One-time buyers,191,4,410.95,252,24,0.0,103.57,True,0.5402782797813416
15995,3,Lost / One-time buyers,231,1,696.19,231,108,0.0,285.67,True,0.6287670254707336
14052,3,Lost / One-time buyers,207,1,255.45,207,65,0.0,113.81,False,0.7001762509346008
16001,3,Lost / One-time buyers,198,1,583.39,198,29,0.0,268.55,True,0.64599689245224
16073,3,Lost / One-time buyers,114,1,122.4,114,1,0.0,81.75,True,0.7317129135131836
13992,3,Lost / One-time buyers,197,2,142.7,280,5,0.0,54.28,False,0.7159578323364257
16069,3,Lost / One-time buyers,234,1,457.7,234,25,0.0,185.98,True,0.7129017949104309
16061,3,Lost / One-time buyers,248,1,89.65,248,3,0.0,34.84,True,0.9046271085739136
16060,3,Lost / One-time buyers,217,3,541.95,311,22,0.0,97.55,True,0.527392041683197
13996,3,Lost / One-time buyers,203,2,845.76,216,28,0.0,285.63,True,0.5355163812637329
16058,3,Lost / One-time buyers,223,1,62.7,223,2,0.0,26.42,True,0.8900830745697021
13997,3,Lost / One-time buyers,336,3,382.31,367,36,0.0,97.15,True,0.6706136584281921
16050,3,Lost / One-time buyers,200,2,162.8,218,9,0.0,59.22,False,0.6853560090065003
16044,3,Lost / One-time buyers,252,1,340.84,252,19,0.0,130.82,True,0.7253228545188903
14007,3,Lost / One-time buyers,329,1,79.48,329,5,0.0,24.67,True,0.9490982174873352
14008,3,Lost / One-time buyers,249,1,509.04,249,32,0.0,197.2,True,0.6726304650306701
14011,3,Lost / One-time buyers,297,2,457.82,424,32,0.0,84.05,True,0.6706136584281921
14012,3,Lost / One-time buyers,94,1,328.8,94,11,0.0,246.08,True,0.6189089059829712
14020,3,Lost / One-time buyers,293,2,606.21,346,29,0.0,151.28,False,0.6659234285354614
16030,3,Lost / One-time buyers,126,1,331.24,126,28,0.0,207.81,True,0.6367905378341675
16024,3,Lost / One-time buyers,228,2,232.96,228,21,0.0,96.54,False,0.6726304650306701
14024,3,Lost / One-time buyers,207,1,318.04,207,18,0.0,141.69,False,0.7129017949104309
16018,3,Lost / One-time buyers,213,2,289.23,549,26,0.0,46.26,False,0.6527320265769958
14036,3,Lost / One-time buyers,101,1,626.65,101,38,0.0,449.99,True,0.5665988802909852
14046,3,Lost / One-time buyers,101,1,151.59,101,13,0.0,108.86,True,0.6706136584281921
15926,3,Lost / One-time buyers,359,1,134.44,359,7,0.0,38.83,True,0.9292951226234436
15486,3,Lost / One-time buyers,344,1,102.0,344,1,0.0,30.52,True,0.9490982174873352
15923,3,Lost / One-time buyers,189,1,254.16,189,21,0.0,121.02,True,0.7033589959144593
15919,3,Lost / One-time buyers,185,1,541.44,185,38,0.0,261.81,False,0.643980085849762
14168,3,Lost / One-time buyers,237,2,370.45,381,11,0.0,43.85,True,0.6726304650306701
14169,3,Lost / One-time buyers,247,2,616.03,261,49,0.0,85.53,True,0.6264761686325073
15851,3,Lost / One-time buyers,343,1,109.73,343,8,0.0,32.91,True,0.9490982174873352
15846,3,Lost / One-time buyers,202,1,107.01,202,27,0.0,48.54,True,0.8359747409820557
14181,3,Lost / One-time buyers,227,2,310.55,379,48,0.0,59.8,True,0.6726304650306701
15843,3,Lost / One-time buyers,120,1,118.95,120,8,0.0,76.96,True,0.7543903827667237
15842,3,Lost / One-time buyers,210,2,548.8,344,24,0.0,236.52,True,0.6260984539985657
14183,3,Lost / One-time buyers,228,2,286.29,298,27,0.0,98.48,True,0.6833392024040222
14185,3,Lost / One-time buyers,148,1,197.65,148,3,0.0,111.61,True,0.7189401507377624
15857,3,Lost / One-time buyers,247,1,273.48,247,10,0.0,106.61,False,0.7364726781845092
15837,3,Lost / One-time buyers,302,1,385.03,302,28,0.0,128.09,False,0.7364726781845092
15831,3,Lost / One-time buyers,141,1,309.94,141,17,0.0,180.77,False,0.6657749533653259
14192,3,Lost / One-time buyers,205,1,293.74,205,14,0.0,131.81,True,0.6726304650306701
15820,3,Lost / One-time buyers,136,1,206.98,136,17,0.0,123.62,True,0.6872607707977295
15816,3,Lost / One-time buyers,359,2,144.15,359,11,0.0,41.64,True,0.8378295302391052
14197,3,Lost / One-time buyers,227,1,390.05,227,20,0.0,162.19,True,0.6853560090065003
14203,3,Lost / One-time buyers,214,1,339.34,214,16,0.0,147.49,True,0.7253228545188903
15806,3,Lost / One-time buyers,93,1,300.36,93,16,0.0,226.16,False,0.6189089059829712
14212,3,Lost / One-time buyers,262,1,1119.66,262,12,0.0,416.93,False,0.6287670254707336
14213,3,Lost / One-time buyers,221,1,1192.2,221,5,0.0,505.84,True,0.6411785125732422
14187,3,Lost / One-time buyers,290,1,123.5,290,8,0.0,42.44,True,0.9490982174873352
14166,3,Lost / One-time buyers,322,2,256.85,443,39,0.0,69.47,True,0.7129017949104309
15859,3,Lost / One-time buyers,249,1,438.46,249,22,0.0,169.86,True,0.6853560090065003
14165,3,Lost / One-time buyers,92,1,122.54,92,23,0.0,92.83,True,0.693017303943634
15915,3,Lost / One-time buyers,218,1,429.0,218,104,0.0,183.9,True,0.6367905378341675
15914,3,Lost / One-time buyers,195,2,205.99,195,13,0.0,95.89,True,0.6726304650306701
15913,3,Lost / One-time buyers,351,1,6.3,351,1,0.0,1.85,True,0.9490982174873352
14118,3,Lost / One-time buyers,245,1,458.45,245,15,0.0,179.84,True,0.7129017949104309
14119,3,Lost / One-time buyers,192,2,183.37,535,11,0.0,58.33,True,0.7032322883605957
14126,3,Lost / One-time buyers,261,1,466.33,261,28,0.0,174.17,False,0.6726304650306701
15905,3,Lost / One-time buyers,360,1,114.69,360,22,0.0,33.05,True,0.9490982174873352
15902,3,Lost / One-time buyers,197,1,145.01,197,18,0.0,67.0,True,0.7810959815979004
15901,3,Lost / One-time buyers,268,3,321.49,360,48,0.0,48.21,False,0.6137598514556885
15899,3,Lost / One-time buyers,185,1,112.5,185,4,0.0,54.4,True,0.8177626490592956
15893,3,Lost / One-time buyers,298,1,305.28,298,1,0.0,102.66,True,0.7901283502578735
15888,3,Lost / One-time buyers,217,2,260.85,343,24,0.0,115.23,False,0.6678120851516723
14144,3,Lost / One-time buyers,303,1,30.6,303,1,0.0,10.15,True,0.9490982174873352
15884,3,Lost / One-time buyers,249,2,249.7,553,14,0.0,8.42,True,0.695357871055603
15880,3,Lost / One-time buyers,186,1,686.56,186,95,0.0,330.7,True,0.5958393454551697
14150,3,Lost / One-time buyers,176,1,306.18,176,12,0.0,153.41,False,0.6699443459510803
15873,3,Lost / One-time buyers,316,4,313.92,317,3,0.0,53.29,True,0.6319721579551697
14153,3,Lost / One-time buyers,300,1,233.4,300,17,0.0,78.06,True,0.8131573915481567
15871,3,Lost / One-time buyers,254,1,33.1,254,5,0.0,12.63,True,0.8900830745697021
15864,3,Lost / One-time buyers,133,2,486.86,198,9,0.0,239.79,False,0.5667759537696838
14162,3,Lost / One-time buyers,109,1,177.68,109,13,0.0,121.95,False,0.6756865024566651
15922,3,Lost / One-time buyers,190,1,739.0,190,11,0.0,350.54,True,0.6281152606010437
16074,3,Lost / One-time buyers,207,1,265.25,207,23,0.0,118.17,True,0.7364726781845092
14429,3,Lost / One-time buyers,220,1,516.28,220,22,0.0,219.8,True,0.6677917599678039
14435,3,Lost / One-time buyers,318,1,90.42,318,3,0.0,28.85,True,0.8574006795883179
14721,3,Lost / One-time buyers,196,1,115.77,196,24,0.0,53.69,True,0.8378295302391052
15076,3,Lost / One-time buyers,309,2,566.89,339,30,0.0,9.8,False,0.6657952785491943
14722,3,Lost / One-time buyers,294,2,325.45,303,53,0.0,55.41,False,0.6706136584281921
14728,3,Lost / One-time buyers,230,1,190.58,230,14,0.0,78.46,True,0.8637783765792847
15072,3,Lost / One-time buyers,296,1,187.52,296,13,0.0,63.4,True,0.8923105835914612
14736,3,Lost / One-time buyers,302,2,401.08,302,70,0.0,133.43,True,0.6726304650306701
14742,3,Lost / One-time buyers,252,1,579.85,252,34,0.0,222.56,True,0.6726304650306701
15056,3,Lost / One-time buyers,337,1,133.45,337,6,0.0,40.61,True,0.9490982174873352
15053,3,Lost / One-time buyers,98,1,222.65,98,19,0.0,162.71,False,0.6585854053497314
14718,3,Lost / One-time buyers,227,1,226.42,227,11,0.0,94.15,True,0.7467290878295898
15052,3,Lost / One-time buyers,136,1,215.78,136,27,0.0,128.87,True,0.6853560090065003
15049,3,Lost / One-time buyers,90,1,121.17,90,3,0.0,92.93,True,0.7205630898475647
14749,3,Lost / One-time buyers,296,1,310.15,296,18,0.0,104.86,True,0.7347361445426941
14753,3,Lost / One-time buyers,277,1,306.36,277,18,0.0,109.19,False,0.7474616885185241
15041,3,Lost / One-time buyers,261,1,113.25,261,34,0.0,42.3,False,0.8177626490592956
15040,3,Lost / One-time buyers,358,1,7.49,358,1,0.0,2.17,True,0.9490982174873352
15037,3,Lost / One-time buyers,193,2,402.51,193,40,0.0,188.77,True,0.6388473868370056
14760,3,Lost / One-time buyers,114,1,89.2,114,5,0.0,59.57,True,0.7543903827667237
14761,3,Lost / One-time buyers,151,2,289.52,261,20,0.0,85.52,False,0.6407037734985351
14767,3,Lost / One-time buyers,291,1,382.81,291,18,0.0,131.2,True,0.750517725944519
14746,3,Lost / One-time buyers,223,4,593.5,240,7,0.0,116.75,True,0.5281712293624878
14774,3,Lost / One-time buyers,345,1,241.45,345,13,0.0,72.07,True,0.8131573915481567
15080,3,Lost / One-time buyers,244,2,546.25,318,31,0.0,114.71,True,0.6537670254707336
15087,3,Lost / One-time buyers,98,1,306.94,98,15,0.0,224.31,True,0.6105547189712525
15166,3,Lost / One-time buyers,284,1,167.16,284,12,0.0,58.41,True,0.9490982174873352
15165,3,Lost / One-time buyers,190,1,975.5,190,27,0.0,462.72,True,0.6281152606010437
15161,3,Lost / One-time buyers,205,1,119.92,205,33,0.0,53.81,True,0.8177626490592956
15160,3,Lost / One-time buyers,174,4,589.27,238,17,0.0,228.38,True,0.4797847986221313
14674,3,Lost / One-time buyers,326,1,173.66,326,14,0.0,54.3,True,0.9490982174873352
15158,3,Lost / One-time buyers,218,1,204.62,218,4,0.0,87.71,False,0.7617555737495423
14675,3,Lost / One-time buyers,205,1,462.15,205,114,0.0,207.38,False,0.6367905378341675
15155,3,Lost / One-time buyers,200,1,383.97,200,24,0.0,175.46,True,0.6726304650306701
15146,3,Lost / One-time buyers,108,1,834.22,108,63,0.0,575.73,False,0.4631299555301666
14716,3,Lost / One-time buyers,261,1,235.77,261,44,0.0,88.06,False,0.7280744791030884
15138,3,Lost / One-time buyers,210,1,502.52,210,31,0.0,221.51,True,0.6677917599678039
15131,3,Lost / One-time buyers,211,1,80.28,211,7,0.0,35.26,True,0.8240004658699036
15127,3,Lost / One-time buyers,336,1,304.97,336,12,0.0,93.03,False,0.7534616827964783
15121,3,Lost / One-time buyers,105,1,295.15,105,18,0.0,207.15,False,0.6537670254707336
14704,3,Lost / One-time buyers,241,2,266.66,441,53,0.0,80.1,False,0.6678120851516723
15102,3,Lost / One-time buyers,347,2,554.67,363,26,0.0,72.43,True,0.6677917599678039
14707,3,Lost / One-time buyers,252,2,139.2,393,1,0.0,43.27,True,0.7205630898475647
15094,3,Lost / One-time buyers,280,2,83.0,461,4,0.0,21.04,True,0.740536093711853
14712,3,Lost / One-time buyers,235,1,411.0,235,7,0.0,166.46,False,0.7129017949104309
15090,3,Lost / One-time buyers,125,1,381.32,125,23,0.0,240.45,True,0.643980085849762
14690,3,Lost / One-time buyers,209,2,422.63,227,43,0.0,129.19,False,0.6137598514556885
15020,3,Lost / One-time buyers,196,1,203.42,196,27,0.0,94.34,True,0.7395287156105042
14775,3,Lost / One-time buyers,189,1,813.12,189,20,0.0,387.17,False,0.595190954208374
14777,3,Lost / One-time buyers,220,1,307.56,220,16,0.0,130.94,True,0.6726304650306701
14833,3,Lost / One-time buyers,315,1,94.8,315,7,0.0,30.48,True,0.9490982174873352
14835,3,Lost / One-time buyers,345,2,297.0,434,1,0.0,54.21,True,0.7129017949104309
14933,3,Lost / One-time buyers,260,4,1770.0,261,1,0.0,427.38,True,0.5695945501327515
14840,3,Lost / One-time buyers,84,2,362.71,356,20,0.1733,49.26,True,0.6527320265769958
14929,3,Lost / One-time buyers,238,1,612.81,238,23,0.0,245.8,False,0.6659875512123108
14927,3,Lost / One-time buyers,213,1,308.2,213,20,0.0,134.43,True,0.6883593678474427
14926,3,Lost / One-time buyers,198,2,359.4,415,2,0.0,82.69,True,0.6678120851516723
14919,3,Lost / One-time buyers,356,1,359.35,356,13,0.0,104.52,True,0.7931843876838685
14843,3,Lost / One-time buyers,253,1,211.8,253,9,0.0,81.04,True,0.7497851252555847
14945,3,Lost / One-time buyers,230,1,179.4,230,11,0.0,73.86,True,0.8177626490592956
14846,3,Lost / One-time buyers,244,1,437.4,244,12,0.0,172.12,True,0.6853560090065003
14908,3,Lost / One-time buyers,280,1,104.1,280,5,0.0,36.79,False,0.9490982174873352
14904,3,Lost / One-time buyers,225,2,615.2,244,62,0.0,154.6,False,0.5829169631004334
14858,3,Lost / One-time buyers,322,1,180.75,322,11,0.0,57.09,True,0.9490982174873352
14900,3,Lost / One-time buyers,339,1,13.92,339,1,0.0,4.22,True,0.9490982174873352
14865,3,Lost / One-time buyers,189,3,114.72,555,3,0.0,34.02,False,0.6455424785614013
14874,3,Lost / One-time buyers,352,1,116.18,352,6,0.0,34.11,True,0.937476933002472
14889,3,Lost / One-time buyers,153,1,135.9,153,10,0.0,75.04,True,0.7641069769859314
14885,3,Lost / One-time buyers,244,2,832.8,282,16,0.0,350.75,False,0.6105547189712525
14876,3,Lost / One-time buyers,338,2,256.7,378,12,0.0,25.71,True,0.7129017949104309
14848,3,Lost / One-time buyers,221,1,310.56,221,11,0.0,131.77,True,0.7001762509346008
14822,3,Lost / One-time buyers,302,1,157.7,302,9,0.0,52.46,True,0.9490982174873352
14956,3,Lost / One-time buyers,238,1,1325.0,238,4,0.0,531.46,True,0.5833041191101074
14957,3,Lost / One-time buyers,70,2,333.29,461,27,0.1755,37.67,True,0.6260984539985657
14778,3,Lost / One-time buyers,125,1,334.05,125,18,0.0,210.64,False,0.6657749533653259
15011,3,Lost / One-time buyers,212,2,416.6,233,17,0.0,136.45,True,0.6189089059829712
15008,3,Lost / One-time buyers,297,2,360.0,454,6,0.0,116.33,True,0.6609565734863281
15006,3,Lost / One-time buyers,270,1,323.05,270,47,0.0,117.49,False,0.7129017949104309
14779,3,Lost / One-time buyers,97,3,386.15,140,40,0.0,130.26,True,0.5245869994163513
14782,3,Lost / One-time buyers,136,1,200.1,136,6,0.0,119.51,True,0.7129017949104309
14784,3,Lost / One-time buyers,140,2,274.62,206,14,0.0,115.07,False,0.6407037734985351
15001,3,Lost / One-time buyers,211,2,228.86,211,43,0.0,100.52,True,0.6706136584281921
14996,3,Lost / One-time buyers,298,2,442.29,298,37,0.0,148.73,True,0.6706136584281921
14995,3,Lost / One-time buyers,97,1,119.31,97,37,0.0,87.71,False,0.6884120464324951
14787,3,Lost / One-time buyers,288,1,110.65,288,14,0.0,38.24,True,0.9490982174873352
14992,3,Lost / One-time buyers,259,1,210.5,259,27,0.0,79.09,True,0.7607741355895996
14991,3,Lost / One-time buyers,247,1,314.67,247,21,0.0,122.66,True,0.7145278096199036
14793,3,Lost / One-time buyers,352,1,396.91,352,25,0.0,116.53,False,0.7474616885185241
14797,3,Lost / One-time buyers,324,1,300.31,324,16,0.0,94.38,True,0.7931843876838685
14975,3,Lost / One-time buyers,238,1,192.45,238,15,0.0,77.19,False,0.7810959815979004
14972,3,Lost / One-time buyers,198,1,30.3,198,2,0.0,13.95,False,0.8440673470497131
14968,3,Lost / One-time buyers,275,1,353.65,275,46,0.0,126.77,False,0.7263887286186218
14803,3,Lost / One-time buyers,92,2,730.79,109,15,0.0,278.26,False,0.5196419596672058
14806,3,Lost / One-time buyers,256,1,110.04,256,9,0.0,41.72,False,0.8240004658699036
14811,3,Lost / One-time buyers,204,1,170.5,204,28,0.0,76.78,True,0.7817434430122375
14668,3,Lost / One-time buyers,262,1,111.63,262,10,0.0,41.57,True,0.8900830745697021
15170,3,Lost / One-time buyers,223,1,81.15,223,4,0.0,34.2,True,0.8900830745697021
15171,3,Lost / One-time buyers,148,1,1289.5,148,5,0.0,728.18,True,0.588066017627716
15174,3,Lost / One-time buyers,139,2,481.46,227,34,0.0,127.76,True,0.5715378522872925
15395,3,Lost / One-time buyers,142,1,107.45,142,7,0.0,62.38,True,0.7641069769859314
14486,3,Lost / One-time buyers,328,2,175.5,370,4,0.0,37.17,True,0.7641069769859314
14487,3,Lost / One-time buyers,185,2,382.38,196,32,0.0,199.23,False,0.6355547189712525
14491,3,Lost / One-time buyers,189,1,254.4,189,4,0.0,121.13,False,0.7253228545188903
14494,3,Lost / One-time buyers,218,2,261.9,548,10,0.0,70.0,False,0.6547488331794739
15387,3,Lost / One-time buyers,309,1,468.65,309,20,0.0,153.06,True,0.7152189493179322
15385,3,Lost / One-time buyers,209,2,625.2,494,8,0.0,157.4,False,0.6151273608207702
15378,3,Lost / One-time buyers,279,2,246.5,318,8,0.0,74.23,True,0.7129017949104309
14509,3,Lost / One-time buyers,351,1,110.95,351,25,0.0,32.65,True,0.9490982174873352
15397,3,Lost / One-time buyers,106,1,94.0,106,6,0.0,65.6,True,0.7205630898475647
15368,3,Lost / One-time buyers,211,1,275.8,211,4,0.0,121.14,False,0.7125973105430603
14520,3,Lost / One-time buyers,107,1,165.0,107,1,0.0,114.51,False,0.6884120464324951
14521,3,Lost / One-time buyers,308,1,199.45,308,17,0.0,65.31,True,0.8131573915481567
14526,3,Lost / One-time buyers,206,1,262.4,206,41,0.0,117.32,True,0.6726304650306701
15350,3,Lost / One-time buyers,190,2,663.25,200,26,0.0,179.17,True,0.565748393535614
14531,3,Lost / One-time buyers,296,1,376.34,296,29,0.0,127.24,True,0.7364726781845092
15341,3,Lost / One-time buyers,266,1,382.2,266,7,0.0,140.64,False,0.7135753512382508
15337,3,Lost / One-time buyers,228,1,373.02,228,21,0.0,154.59,True,0.6726304650306701
15336,3,Lost / One-time buyers,218,1,240.5,218,15,0.0,103.1,True,0.7395287156105042
15328,3,Lost / One-time buyers,224,1,107.24,224,8,0.0,45.04,True,0.8700161933898926
14516,3,Lost / One-time buyers,333,1,163.92,333,35,0.0,50.37,True,0.9490982174873352
15401,3,Lost / One-time buyers,269,2,216.95,385,14,0.0,48.06,True,0.7129017949104309
14483,3,Lost / One-time buyers,98,2,257.1,553,13,0.0,67.84,True,0.6547488331794739
15403,3,Lost / One-time buyers,308,2,170.88,547,6,0.0,35.83,True,0.7032322883605957
14438,3,Lost / One-time buyers,123,1,131.9,123,9,0.0,84.02,True,0.7329841494560242
15473,3,Lost / One-time buyers,261,1,274.8,261,3,0.0,102.63,False,0.7364726781845092
15469,3,Lost / One-time buyers,255,1,335.7,255,19,0.0,127.67,False,0.7253228545188903
15468,3,Lost / One-time buyers,209,1,962.97,209,56,0.0,425.98,False,0.5609864950180053
14444,3,Lost / One-time buyers,273,1,132.04,273,11,0.0,47.61,True,0.8900830745697021
14445,3,Lost / One-time buyers,272,1,221.65,272,32,0.0,80.15,True,0.7704907298088074
15461,3,Lost / One-time buyers,277,2,429.7,448,1,0.0,110.93,True,0.6726304650306701
15460,3,Lost / One-time buyers,171,1,216.76,171,53,0.0,110.84,True,0.7129017949104309
15459,3,Lost / One-time buyers,234,2,202.83,314,6,0.0,70.38,True,0.7129017949104309
15458,3,Lost / One-time buyers,219,1,208.8,219,6,0.0,89.2,False,0.7402613162994385
15454,3,Lost / One-time buyers,179,2,305.59,435,34,0.0,102.4,True,0.6547488331794739
14448,3,Lost / One-time buyers,181,1,102.35,181,18,0.0,50.27,False,0.78772873878479
15451,3,Lost / One-time buyers,251,2,233.21,416,56,0.0,69.64,True,0.7129017949104309
14457,3,Lost / One-time buyers,127,1,113.64,127,4,0.0,70.94,True,0.7432405591011048
14458,3,Lost / One-time buyers,197,1,228.62,197,45,0.0,105.63,True,0.7125973105430603
15432,3,Lost / One-time buyers,358,1,149.57,358,6,0.0,43.3,False,0.9490982174873352
15431,3,Lost / One-time buyers,319,1,153.24,319,2,0.0,48.77,True,0.9490982174873352
15430,3,Lost / One-time buyers,284,2,954.75,345,36,0.0,65.24,True,0.6609565734863281
14473,3,Lost / One-time buyers,99,1,85.0,99,1,0.0,61.75,False,0.7205630898475647
15415,3,Lost / One-time buyers,130,1,572.81,130,46,0.0,352.26,True,0.588066017627716
15404,3,Lost / One-time buyers,192,1,257.06,192,16,0.0,121.01,True,0.7001762509346008
15322,3,Lost / One-time buyers,293,1,711.18,293,41,0.0,242.41,False,0.6726304650306701
14433,3,Lost / One-time buyers,282,1,289.6,282,72,0.0,101.77,True,0.7364726781845092
15319,3,Lost / One-time buyers,100,1,204.5,100,16,0.0,147.7,True,0.6634241104125976
15308,3,Lost / One-time buyers,91,1,310.47,91,19,0.0,236.65,True,0.6189089059829712
14614,3,Lost / One-time buyers,203,1,295.13,203,19,0.0,133.39,True,0.6726304650306701
15243,3,Lost / One-time buyers,252,1,610.6,252,39,0.0,234.36,False,0.6726304650306701
15242,3,Lost / One-time buyers,239,1,302.04,239,4,0.0,120.76,True,0.7253228545188903
14617,3,Lost / One-time buyers,219,2,190.47,232,7,0.0,76.05,True,0.7159578323364257
15236,3,Lost / One-time buyers,115,1,321.05,115,15,0.0,213.27,True,0.6189089059829712
15234,3,Lost / One-time buyers,93,1,197.0,93,14,0.0,148.34,True,0.6634241104125976
15233,3,Lost / One-time buyers,218,1,59.4,218,1,0.0,25.46,True,0.8440673470497131
15226,3,Lost / One-time buyers,127,1,154.41,127,8,0.0,96.39,True,0.7205630898475647
14627,3,Lost / One-time buyers,196,1,462.75,196,29,0.0,214.6,True,0.6677917599678039
15247,3,Lost / One-time buyers,294,2,620.06,354,10,0.0,155.08,False,0.6609565734863281
15213,3,Lost / One-time buyers,135,2,328.35,146,22,0.0,28.02,True,0.5882045149803161
15208,3,Lost / One-time buyers,170,2,165.8,240,8,0.0,60.81,False,0.7133689880371094
14630,3,Lost / One-time buyers,301,1,338.65,301,21,0.0,112.96,True,0.750517725944519
15206,3,Lost / One-time buyers,92,1,17.7,92,1,0.0,13.41,False,0.720902681350708
15204,3,Lost / One-time buyers,174,1,316.58,174,9,0.0,159.91,True,0.64599689245224
15200,3,Lost / One-time buyers,311,1,549.05,311,30,0.0,178.38,True,0.6965058326721192
14635,3,Lost / One-time buyers,270,1,215.22,270,15,0.0,78.27,True,0.7704907298088074
15190,3,Lost / One-time buyers,251,1,834.44,251,40,0.0,321.27,True,0.6391617059707642
14663,3,Lost / One-time buyers,247,2,490.6,247,60,0.0,191.25,True,0.6585854053497314
15177,3,Lost / One-time buyers,242,1,948.93,242,26,0.0,375.78,True,0.6411785125732422
15211,3,Lost / One-time buyers,182,1,766.14,182,23,0.0,374.83,False,0.630578625202179
14612,3,Lost / One-time buyers,232,1,877.7,232,14,0.0,358.97,True,0.6629733800888061
14610,3,Lost / One-time buyers,212,2,24.35,331,10,0.0,14.05,True,0.7159578323364257
14603,3,Lost / One-time buyers,91,1,660.0,91,2,0.0,503.07,True,0.5699817061424255
14568,3,Lost / One-time buyers,252,1,919.7,252,47,0.0,353.0,True,0.6391617059707642
14569,3,Lost / One-time buyers,269,3,371.59,420,21,0.0,75.55,False,0.6137598514556885
15294,3,Lost / One-time buyers,227,1,233.35,227,15,0.0,97.03,True,0.7395287156105042
14571,3,Lost / One-time buyers,242,1,161.65,242,30,0.0,64.01,True,0.8838452577590943
14575,3,Lost / One-time buyers,305,1,460.71,305,71,0.0,152.05,True,0.6853560090065003
15285,3,Lost / One-time buyers,224,1,94.92,224,6,0.0,39.87,True,0.8233170986175538
15284,3,Lost / One-time buyers,317,1,24.75,317,1,0.0,7.92,True,0.9490982174873352
15283,3,Lost / One-time buyers,207,3,148.33,335,9,0.0,29.0,True,0.6455424785614013
14576,3,Lost / One-time buyers,189,1,70.8,189,1,0.0,33.71,True,0.8366332173347473
15280,3,Lost / One-time buyers,305,2,293.1,388,39,0.0,76.82,False,0.6726304650306701
15277,3,Lost / One-time buyers,242,1,220.44,242,14,0.0,87.3,False,0.7497851252555847
14579,3,Lost / One-time buyers,249,1,105.56,249,24,0.0,40.89,True,0.8838452577590943
14580,3,Lost / One-time buyers,335,1,14.85,335,1,0.0,4.54,True,0.9490982174873352
14581,3,Lost / One-time buyers,361,1,295.2,361,43,0.0,84.87,False,0.7667741298675537
15269,3,Lost / One-time buyers,197,2,816.56,207,32,0.0,245.53,False,0.5355163812637329
14586,3,Lost / One-time buyers,93,1,237.36,93,19,0.0,178.73,True,0.6407037734985351
15264,3,Lost / One-time buyers,347,1,454.66,347,32,0.0,135.07,False,0.7253228545188903
15262,3,Lost / One-time buyers,140,3,418.82,305,22,0.0,174.69,True,0.4933562397956848
14589,3,Lost / One-time buyers,188,1,79.5,188,3,0.0,38.0,True,0.8408571958541871
15257,3,Lost / One-time buyers,100,2,685.9,231,11,0.0,296.82,True,0.5914102673530579
14594,3,Lost / One-time buyers,190,1,510.0,190,31,0.0,241.92,False,0.64599689245224
14559,3,Lost / One-time buyers,207,1,75.6,207,2,0.0,33.68,True,0.8440673470497131
16078,3,Lost / One-time buyers,100,2,362.99,486,39,0.0,46.24,True,0.6527320265769958
16080,3,Lost / One-time buyers,91,3,515.66,267,24,0.0,147.09,False,0.4907220959663391
13987,3,Lost / One-time buyers,196,2,682.54,217,46,0.0,229.15,True,0.5355163812637329
16857,3,Lost / One-time buyers,259,1,352.8,259,11,0.0,132.56,True,0.7253228545188903
16856,3,Lost / One-time buyers,234,2,323.09,259,15,0.0,90.41,False,0.6706136584281921
16850,3,Lost / One-time buyers,150,1,332.41,150,19,0.0,186.02,True,0.643980085849762
16842,3,Lost / One-time buyers,119,1,520.57,119,30,0.0,338.57,False,0.5842198610305787
13396,3,Lost / One-time buyers,136,1,387.27,136,15,0.0,231.29,False,0.6706136584281921
13399,3,Lost / One-time buyers,281,3,275.4,336,10,0.0,58.6,True,0.6370189905166626
13403,3,Lost / One-time buyers,204,2,154.5,540,6,0.0,39.22,False,0.7159578323364257
16829,3,Lost / One-time buyers,205,1,316.1,205,16,0.0,141.84,False,0.6745352268218994
13406,3,Lost / One-time buyers,244,2,568.92,448,7,0.0,219.6,True,0.6678120851516723
13387,3,Lost / One-time buyers,234,1,184.34,234,70,0.0,74.9,True,0.7750959873199463
16824,3,Lost / One-time buyers,210,1,225.6,210,13,0.0,99.44,False,0.7300049066543579
16819,3,Lost / One-time buyers,282,2,182.59,282,17,0.0,64.16,True,0.7329841494560242
16816,3,Lost / One-time buyers,130,2,325.45,175,20,0.0,263.37,False,0.603021764755249
16815,3,Lost / One-time buyers,270,2,410.97,353,66,0.0,100.37,True,0.6678120851516723
13423,3,Lost / One-time buyers,245,1,217.03,245,12,0.0,85.13,True,0.7497851252555847
16808,3,Lost / One-time buyers,91,1,166.5,91,19,0.0,126.91,False,0.673669695854187
13424,3,Lost / One-time buyers,266,1,572.77,266,40,0.0,210.77,True,0.6706136584281921
16799,3,Lost / One-time buyers,249,2,495.98,270,81,0.0,142.77,True,0.6189089059829712
13428,3,Lost / One-time buyers,331,2,281.51,331,66,0.0,86.94,False,0.6853560090065003
13438,3,Lost / One-time buyers,364,1,46.5,364,1,0.0,13.28,True,0.9490982174873352
16821,3,Lost / One-time buyers,198,1,113.35,198,7,0.0,52.18,True,0.8378295302391052
13441,3,Lost / One-time buyers,248,1,424.26,248,25,0.0,164.87,False,0.6726304650306701
13386,3,Lost / One-time buyers,231,2,835.46,254,24,0.0,322.88,True,0.5829169631004334
13383,3,Lost / One-time buyers,360,1,305.28,360,1,0.0,87.97,True,0.7901283502578735
13346,3,Lost / One-time buyers,279,6,299.4,413,4,0.0,53.94,True,0.6079378128051758
13359,3,Lost / One-time buyers,220,1,553.75,220,32,0.0,235.76,False,0.6677917599678039
13363,3,Lost / One-time buyers,226,1,731.36,226,42,0.0,305.12,False,0.6391617059707642
16897,3,Lost / One-time buyers,116,2,289.78,130,37,0.0,104.45,True,0.6355547189712525
13367,3,Lost / One-time buyers,248,1,460.2,248,19,0.0,178.84,True,0.6853560090065003
16893,3,Lost / One-time buyers,183,2,401.35,193,79,0.0,233.33,True,0.6105547189712525
13369,3,Lost / One-time buyers,182,1,516.56,182,13,0.0,252.73,True,0.64599689245224
16890,3,Lost / One-time buyers,293,3,277.91,399,16,0.0,43.88,True,0.623727285861969
13370,3,Lost / One-time buyers,188,1,1509.74,188,39,0.0,721.63,True,0.5990371108055115
13385,3,Lost / One-time buyers,146,1,534.57,146,35,0.0,304.64,True,0.6157037734985351
13374,3,Lost / One-time buyers,231,2,372.8,266,16,0.0,82.98,True,0.6706136584281921
16885,3,Lost / One-time buyers,174,2,428.63,202,65,0.0,165.05,False,0.5693318009376526
13375,3,Lost / One-time buyers,261,1,1013.58,261,34,0.0,378.56,False,0.6391617059707642
16876,3,Lost / One-time buyers,220,1,136.01,220,32,0.0,57.91,True,0.7773404836654663
16874,3,Lost / One-time buyers,196,1,217.74,196,31,0.0,100.98,True,0.7395287156105042
13380,3,Lost / One-time buyers,249,1,62.4,249,3,0.0,24.17,True,0.8900830745697021
16870,3,Lost / One-time buyers,286,1,450.16,286,28,0.0,156.43,True,0.7364726781845092
16865,3,Lost / One-time buyers,218,1,130.95,218,15,0.0,56.13,True,0.8177626490592956
16864,3,Lost / One-time buyers,251,2,409.25,415,17,0.0,160.11,True,0.6678120851516723
16863,3,Lost / One-time buyers,183,2,659.97,226,27,0.0,262.37,False,0.5609864950180053
16886,3,Lost / One-time buyers,273,1,134.0,273,8,0.0,48.31,True,0.9357648849487304
16786,3,Lost / One-time buyers,210,1,51.84,210,1,0.0,22.85,True,0.8440673470497131
16785,3,Lost / One-time buyers,226,1,533.78,226,35,0.0,222.69,True,0.6677917599678039
16783,3,Lost / One-time buyers,253,1,391.95,253,25,0.0,149.98,True,0.6862186908721923
16683,3,Lost / One-time buyers,350,1,320.25,350,18,0.0,94.47,True,0.7534616827964783
16680,3,Lost / One-time buyers,345,2,637.75,351,16,0.0,35.26,False,0.6609565734863281
13541,3,Lost / One-time buyers,244,2,785.25,387,10,0.0,264.22,True,0.6609565734863281
16675,3,Lost / One-time buyers,258,2,608.86,295,21,0.0,171.18,True,0.6319721579551697
13547,3,Lost / One-time buyers,225,1,172.98,225,43,0.0,72.41,True,0.777321708202362
16667,3,Lost / One-time buyers,101,1,203.35,101,20,0.0,146.02,False,0.6706136584281921
16665,3,Lost / One-time buyers,179,1,135.4,179,9,0.0,67.03,True,0.7750959873199463
16662,3,Lost / One-time buyers,211,1,163.8,211,28,0.0,71.95,True,0.7968868017196655
13550,3,Lost / One-time buyers,200,1,349.51,200,40,0.0,159.71,True,0.6657749533653259
16687,3,Lost / One-time buyers,207,1,157.63,207,8,0.0,70.23,True,0.7810959815979004
13551,3,Lost / One-time buyers,136,2,244.2,483,5,0.0,52.25,True,0.6987673521041871
13559,3,Lost / One-time buyers,329,2,990.0,360,1,0.0,267.99,True,0.6391617059707642
16649,3,Lost / One-time buyers,337,1,306.58,337,20,0.0,93.3,True,0.7931843876838685
16648,3,Lost / One-time buyers,272,2,382.14,407,18,0.0,71.32,False,0.6678120851516723
16646,3,Lost / One-time buyers,266,1,678.8,266,29,0.0,249.79,True,0.6391617059707642
16640,3,Lost / One-time buyers,214,1,179.4,214,13,0.0,77.98,True,0.7810959815979004
16635,3,Lost / One-time buyers,223,1,473.0,223,25,0.0,199.33,True,0.6677917599678039
16632,3,Lost / One-time buyers,302,2,406.4,398,22,0.0,101.46,True,0.7001762509346008
13565,3,Lost / One-time buyers,151,2,284.76,228,28,0.0,102.92,False,0.6407037734985351
16630,3,Lost / One-time buyers,224,1,106.8,224,4,0.0,44.86,True,0.8900830745697021
13556,3,Lost / One-time buyers,246,2,200.82,252,8,0.0,55.8,True,0.6853560090065003
16691,3,Lost / One-time buyers,235,2,178.83,378,11,0.0,86.23,True,0.7262142419815063
13537,3,Lost / One-time buyers,242,2,717.85,268,38,0.0,180.99,True,0.6157037734985351
13535,3,Lost / One-time buyers,219,1,89.5,219,1,0.0,38.23,True,0.8497951865196228
16778,3,Lost / One-time buyers,91,1,93.18,91,5,0.0,71.02,False,0.7205630898475647
13453,3,Lost / One-time buyers,106,2,609.71,219,28,0.0,182.82,False,0.5719809770584107
16776,3,Lost / One-time buyers,232,1,231.57,232,48,0.0,94.71,False,0.726948869228363
16773,3,Lost / One-time buyers,253,2,249.65,550,34,0.0,53.08,False,0.695357871055603
13472,3,Lost / One-time buyers,280,2,592.24,372,24,0.0,174.35,True,0.6677917599678039
16766,3,Lost / One-time buyers,90,2,1145.6,90,17,0.0,878.62,True,0.518360710144043
16765,3,Lost / One-time buyers,111,2,454.75,199,52,0.0,44.85,True,0.5486752271652222
16760,3,Lost / One-time buyers,247,1,228.0,247,17,0.0,88.88,True,0.7395287156105042
16757,3,Lost / One-time buyers,135,2,270.48,226,13,0.0,103.69,True,0.6407037734985351
16752,3,Lost / One-time buyers,189,1,415.0,189,9,0.0,197.61,True,0.7129017949104309
13489,3,Lost / One-time buyers,106,2,235.68,111,6,0.0,220.23,False,0.606226897239685
16740,3,Lost / One-time buyers,212,1,236.81,212,30,0.0,103.65,True,0.7364726781845092
16739,3,Lost / One-time buyers,353,1,463.43,353,25,0.0,135.74,False,0.7364726781845092
16738,3,Lost / One-time buyers,114,1,3.75,114,1,0.0,2.5,True,0.7543903827667237
16733,3,Lost / One-time buyers,346,1,259.68,346,12,0.0,77.33,True,0.8131573915481567
13493,3,Lost / One-time buyers,92,2,498.63,104,5,0.0,524.26,True,0.5319321513175964
13494,3,Lost / One-time buyers,128,1,316.26,128,18,0.0,196.43,True,0.6657749533653259
13496,3,Lost / One-time buyers,176,1,501.01,176,26,0.0,251.03,False,0.6411785125732422
16724,3,Lost / One-time buyers,221,1,147.35,221,17,0.0,62.52,True,0.8177626490592956
13500,3,Lost / One-time buyers,218,1,299.53,218,20,0.0,128.4,False,0.6726304650306701
13519,3,Lost / One-time buyers,259,1,220.46,259,11,0.0,82.83,False,0.7497851252555847
13345,3,Lost / One-time buyers,104,1,339.5,104,19,0.0,239.63,True,0.6407037734985351
13331,3,Lost / One-time buyers,218,1,262.4,218,12,0.0,112.48,True,0.7364726781845092
16920,3,Lost / One-time buyers,228,1,355.45,228,23,0.0,147.31,True,0.7364726781845092
16921,3,Lost / One-time buyers,259,2,276.88,417,28,0.0,63.93,False,0.6678120851516723
13177,3,Lost / One-time buyers,247,1,229.75,247,13,0.0,89.56,False,0.7607741355895996
13181,3,Lost / One-time buyers,198,1,359.69,198,19,0.0,165.58,True,0.6726304650306701
17129,3,Lost / One-time buyers,337,1,31.85,337,2,0.0,9.69,True,0.9490982174873352
17128,3,Lost / One-time buyers,151,1,157.09,151,14,0.0,87.52,True,0.755122983455658
17122,3,Lost / One-time buyers,205,3,432.18,316,19,0.0,167.67,False,0.5355163812637329
17121,3,Lost / One-time buyers,219,1,314.74,219,12,0.0,134.46,True,0.7129017949104309
17118,3,Lost / One-time buyers,134,1,157.02,134,10,0.0,94.69,True,0.7305749535560608
17117,3,Lost / One-time buyers,105,1,116.2,105,9,0.0,81.55,True,0.7205630898475647
13194,3,Lost / One-time buyers,238,1,412.08,238,7,0.0,165.29,False,0.6726304650306701
13172,3,Lost / One-time buyers,217,1,69.6,217,1,0.0,29.94,True,0.8440673470497131
17112,3,Lost / One-time buyers,319,1,205.17,319,44,0.0,65.3,True,0.8131573915481567
17110,3,Lost / One-time buyers,337,2,347.4,427,32,0.0,68.99,False,0.7129017949104309
13195,3,Lost / One-time buyers,231,1,172.38,231,43,0.0,70.73,True,0.7810959815979004
17106,3,Lost / One-time buyers,206,1,491.23,206,51,0.0,219.64,True,0.6726304650306701
17105,3,Lost / One-time buyers,123,1,319.4,123,38,0.0,203.47,False,0.6157037734985351
17104,3,Lost / One-time buyers,240,1,474.03,240,19,0.0,188.92,True,0.7129017949104309
17099,3,Lost / One-time buyers,350,1,582.17,350,40,0.0,171.73,True,0.6726304650306701
17098,3,Lost / One-time buyers,198,3,591.07,357,10,0.0,144.63,True,0.5609864950180053
17094,3,Lost / One-time buyers,139,2,402.2,240,18,0.0,263.08,True,0.6189089059829712
13205,3,Lost / One-time buyers,260,1,2803.2,260,1,0.0,1050.1,True,0.6391617059707642
17111,3,Lost / One-time buyers,242,1,227.97,242,19,0.0,90.28,False,0.7364726781845092
13171,3,Lost / One-time buyers,116,1,140.35,116,23,0.0,92.74,False,0.693017303943634
13167,3,Lost / One-time buyers,207,1,333.82,207,16,0.0,148.72,False,0.6726304650306701
13165,3,Lost / One-time buyers,168,2,784.32,230,20,0.0,295.46,False,0.4771506547927856
17202,3,Lost / One-time buyers,237,1,160.65,237,8,0.0,64.64,True,0.8838452577590943
13123,3,Lost / One-time buyers,289,2,506.75,346,36,0.0,80.25,True,0.6706136584281921
13125,3,Lost / One-time buyers,340,1,158.57,340,20,0.0,47.91,True,0.9490982174873352
17196,3,Lost / One-time buyers,244,1,352.9,244,84,0.0,138.87,True,0.6726304650306701
13129,3,Lost / One-time buyers,269,2,233.25,346,10,0.0,72.5,True,0.7129017949104309
17192,3,Lost / One-time buyers,353,1,77.83,353,20,0.0,22.8,True,0.9490982174873352
13133,3,Lost / One-time buyers,90,3,200.45,276,12,0.0,79.13,True,0.5920506715774536
17182,3,Lost / One-time buyers,239,2,321.3,535,4,0.0,68.33,True,0.6678120851516723
17181,3,Lost / One-time buyers,190,2,380.97,412,7,0.0,178.88,False,0.6269662976264954
17177,3,Lost / One-time buyers,322,1,119.5,322,29,0.0,37.74,True,0.9490982174873352
17175,3,Lost / One-time buyers,113,1,519.08,113,27,0.0,348.55,False,0.5747436046600342
17170,3,Lost / One-time buyers,191,2,178.68,206,8,0.0,87.13,True,0.6742263197898865
17168,3,Lost / One-time buyers,315,1,400.2,315,21,0.0,128.68,True,0.7364726781845092
13144,3,Lost / One-time buyers,149,2,135.35,248,6,0.0,99.3,True,0.7032322883605957
17161,3,Lost / One-time buyers,261,1,856.01,261,52,0.0,319.71,True,0.6391617059707642
13149,3,Lost / One-time buyers,106,1,376.74,106,18,0.0,262.93,False,0.5957374691963195
13150,3,Lost / One-time buyers,301,3,449.97,447,7,0.0,131.73,True,0.6726304650306701
17156,3,Lost / One-time buyers,308,1,591.87,308,39,0.0,193.81,True,0.6726304650306701
13158,3,Lost / One-time buyers,135,2,563.53,205,37,0.0,247.42,False,0.5360746741294861
13161,3,Lost / One-time buyers,130,2,478.88,317,30,0.0,87.49,True,0.6189089059829712
17149,3,Lost / One-time buyers,268,1,143.1,268,6,0.0,52.35,True,0.8838452577590943
13207,3,Lost / One-time buyers,268,2,285.6,429,4,0.0,41.29,False,0.6726304650306701
16622,3,Lost / One-time buyers,360,1,225.4,360,12,0.0,64.95,True,0.82767174243927
17089,3,Lost / One-time buyers,203,1,128.45,203,4,0.0,58.06,True,0.831180191040039
17070,3,Lost / One-time buyers,227,1,133.18,227,41,0.0,55.38,False,0.8177626490592956
13277,3,Lost / One-time buyers,197,3,264.9,356,7,0.0,129.05,False,0.5695945501327515
13281,3,Lost / One-time buyers,256,1,350.85,256,22,0.0,133.03,True,0.7364726781845092
13284,3,Lost / One-time buyers,147,1,201.19,147,13,0.0,114.13,True,0.7129017949104309
16974,3,Lost / One-time buyers,339,2,365.5,381,5,0.0,114.39,True,0.7129017949104309
16973,3,Lost / One-time buyers,203,1,127.0,203,6,0.0,57.4,True,0.8237077593803406
16962,3,Lost / One-time buyers,226,1,251.04,226,15,0.0,104.73,True,0.7267184019088745
13302,3,Lost / One-time buyers,343,1,95.45,343,2,0.0,28.63,False,0.9490982174873352
13303,3,Lost / One-time buyers,217,1,61.72,217,4,0.0,26.55,True,0.8440673470497131
16958,3,Lost / One-time buyers,252,1,809.44,252,69,0.0,310.68,True,0.6391617059707642
13275,3,Lost / One-time buyers,200,2,241.66,449,48,0.0,37.84,True,0.695357871055603
13306,3,Lost / One-time buyers,247,1,53.65,247,4,0.0,20.91,True,0.9034164071083068
16951,3,Lost / One-time buyers,121,1,1053.79,121,70,0.0,678.26,False,0.4871299505233765
13312,3,Lost / One-time buyers,268,1,124.75,268,5,0.0,45.64,True,0.8900830745697021
16937,3,Lost / One-time buyers,316,1,202.1,316,49,0.0,64.82,True,0.8131573915481567
16936,3,Lost / One-time buyers,202,1,288.49,202,81,0.0,130.87,False,0.6706136584281921
16932,3,Lost / One-time buyers,240,2,278.77,388,77,0.0,92.22,False,0.6527320265769958
13326,3,Lost / One-time buyers,249,1,281.76,249,13,0.0,109.15,True,0.7364726781845092
16927,3,Lost / One-time buyers,93,2,341.45,178,5,0.0,145.64,False,0.5825089454650879
13328,3,Lost / One-time buyers,133,1,1308.48,133,17,0.0,792.9,True,0.5355163812637329
16925,3,Lost / One-time buyers,357,1,125.65,357,18,0.0,36.46,True,0.9490982174873352
13307,3,Lost / One-time buyers,304,2,258.34,409,14,0.0,19.92,False,0.7129017949104309
16988,3,Lost / One-time buyers,196,1,256.55,196,13,0.0,118.98,False,0.7199904084205627
13274,3,Lost / One-time buyers,226,1,360.85,226,19,0.0,150.55,True,0.6726304650306701
13270,3,Lost / One-time buyers,183,1,1180.0,183,1,0.0,575.05,True,0.6228933215141297
13226,3,Lost / One-time buyers,90,2,312.46,210,28,0.0,116.67,True,0.6137598514556885
17064,3,Lost / One-time buyers,144,1,147.85,144,21,0.0,85.03,False,0.7441339731216431
17055,3,Lost / One-time buyers,262,1,239.55,262,24,0.0,89.2,True,0.7607741355895996
13237,3,Lost / One-time buyers,204,1,643.0,204,24,0.0,289.57,True,0.6629733800888061
13238,3,Lost / One-time buyers,177,3,397.05,407,13,0.0,132.45,False,0.5325164914131164
13241,3,Lost / One-time buyers,228,1,115.58,228,40,0.0,47.9,True,0.8378295302391052
13245,3,Lost / One-time buyers,249,1,558.72,249,29,0.0,216.45,False,0.6726304650306701
17038,3,Lost / One-time buyers,232,1,630.77,232,41,0.0,257.98,False,0.6391617059707642
17036,3,Lost / One-time buyers,200,1,176.9,200,12,0.0,80.83,True,0.8177626490592956
13250,3,Lost / One-time buyers,277,2,256.04,319,17,0.0,66.83,True,0.7101876854896545
13251,3,Lost / One-time buyers,219,1,252.68,219,25,0.0,107.95,True,0.7253228545188903
13252,3,Lost / One-time buyers,211,2,399.3,442,19,0.0,33.25,True,0.6678120851516723
13254,3,Lost / One-time buyers,193,1,51.41,193,4,0.0,24.11,True,0.8440673470497131
13257,3,Lost / One-time buyers,253,1,149.75,253,7,0.0,57.3,True,0.89560307264328
17022,3,Lost / One-time buyers,249,1,189.0,249,9,0.0,73.22,False,0.8637783765792847
13264,3,Lost / One-time buyers,259,1,722.56,259,38,0.0,271.49,True,0.6411785125732422
17008,3,Lost / One-time buyers,246,1,81.36,246,1,0.0,31.82,True,0.8900830745697021
17005,3,Lost / One-time buyers,287,2,742.36,405,14,0.0,147.61,True,0.6287670254707336
17004,3,Lost / One-time buyers,209,2,1012.22,241,21,0.0,309.58,False,0.5609864950180053
17000,3,Lost / One-time buyers,213,2,406.3,225,26,0.0,146.94,True,0.6189089059829712
16997,3,Lost / One-time buyers,105,3,702.0,142,7,0.0,298.86,True,0.402223002910614
13215,3,Lost / One-time buyers,219,1,81.6,219,1,0.0,34.86,True,0.8233170986175538
13574,3,Lost / One-time buyers,228,1,421.25,228,84,0.0,174.58,True,0.643980085849762
13578,3,Lost / One-time buyers,226,1,147.66,226,9,0.0,61.6,True,0.7810959815979004
13580,3,Lost / One-time buyers,223,1,107.75,223,5,0.0,45.41,True,0.8900830745697021
16270,3,Lost / One-time buyers,170,1,1141.24,170,54,0.0,585.97,True,0.5833041191101074
16269,3,Lost / One-time buyers,254,1,717.57,254,53,0.0,273.74,True,0.6391617059707642
13829,3,Lost / One-time buyers,238,1,102.0,238,1,0.0,40.91,True,0.8928692936897278
16263,3,Lost / One-time buyers,240,1,351.01,240,19,0.0,139.89,True,0.6872607707977295
16262,3,Lost / One-time buyers,195,1,755.15,195,46,0.0,351.51,True,0.6228933215141297
13832,3,Lost / One-time buyers,239,1,561.49,239,51,0.0,224.49,False,0.6657749533653259
13833,3,Lost / One-time buyers,221,1,316.56,221,16,0.0,134.31,False,0.7129017949104309
13836,3,Lost / One-time buyers,216,2,620.37,231,29,0.0,200.23,True,0.5937941670417786
16252,3,Lost / One-time buyers,199,1,295.09,199,21,0.0,135.34,True,0.6869562864303589
16274,3,Lost / One-time buyers,190,1,675.5,190,63,0.0,320.42,True,0.6228933215141297
16251,3,Lost / One-time buyers,329,1,128.31,329,20,0.0,39.82,True,0.9490982174873352
13840,3,Lost / One-time buyers,233,1,651.4,233,40,0.0,265.55,True,0.6411785125732422
16238,3,Lost / One-time buyers,239,1,63.66,239,6,0.0,25.45,True,0.9034164071083068
16237,3,Lost / One-time buyers,254,1,136.65,254,7,0.0,52.13,True,0.8838452577590943
16234,3,Lost / One-time buyers,293,3,333.18,378,13,0.0,83.08,True,0.6189089059829712
13843,3,Lost / One-time buyers,198,1,319.75,198,18,0.0,147.19,True,0.6726304650306701
13859,3,Lost / One-time buyers,143,2,515.86,346,34,0.0,138.93,True,0.6047326803207398
13861,3,Lost / One-time buyers,246,2,273.26,347,21,0.0,88.79,True,0.6726304650306701
13864,3,Lost / One-time buyers,203,1,662.4,203,1,0.0,299.39,True,0.6411785125732422
16219,3,Lost / One-time buyers,317,1,40.8,317,1,0.0,13.05,True,0.9490982174873352
13839,3,Lost / One-time buyers,303,1,139.95,303,7,0.0,46.44,True,0.9490982174873352
13818,3,Lost / One-time buyers,246,1,61.28,246,5,0.0,23.96,True,0.9034164071083068
13817,3,Lost / One-time buyers,168,1,110.7,168,8,0.0,57.31,False,0.7750959873199463
16278,3,Lost / One-time buyers,297,2,551.46,316,30,0.0,132.23,False,0.6706136584281921
16334,3,Lost / One-time buyers,309,1,277.48,309,54,0.0,90.62,True,0.7364726781845092
13751,3,Lost / One-time buyers,105,1,296.25,105,9,0.0,207.92,True,0.6609565734863281
13754,3,Lost / One-time buyers,134,2,320.45,254,16,0.0,136.76,False,0.6189089059829712
13766,3,Lost / One-time buyers,312,1,190.35,312,16,0.0,61.68,True,0.8927487254142761
13773,3,Lost / One-time buyers,213,2,301.54,476,19,0.0,108.82,True,0.6547488331794739
16315,3,Lost / One-time buyers,147,2,402.71,353,21,0.0,152.65,True,0.6478933215141296
16312,3,Lost / One-time buyers,249,1,171.15,249,10,0.0,66.3,True,0.8838452577590943
13779,3,Lost / One-time buyers,332,1,161.13,332,27,0.0,49.64,True,0.9490982174873352
13780,3,Lost / One-time buyers,224,1,375.81,224,35,0.0,157.84,False,0.6726304650306701
13788,3,Lost / One-time buyers,322,1,3.75,322,1,0.0,1.18,True,0.9490982174873352
13789,3,Lost / One-time buyers,205,1,239.46,205,18,0.0,107.45,True,0.7253228545188903
16299,3,Lost / One-time buyers,294,1,193.65,294,12,0.0,65.83,True,0.8748844385147094
16294,3,Lost / One-time buyers,293,1,126.05,293,8,0.0,42.96,True,0.9490982174873352
13792,3,Lost / One-time buyers,104,2,263.0,239,14,0.0,75.83,False,0.6455424785614013
13794,3,Lost / One-time buyers,363,1,126.03,363,9,0.0,36.07,True,0.9490982174873352
13796,3,Lost / One-time buyers,316,1,289.7,316,22,0.0,92.91,True,0.7534616827964783
16289,3,Lost / One-time buyers,279,1,136.31,279,21,0.0,48.31,True,0.9442348957061768
16288,3,Lost / One-time buyers,287,1,129.85,287,7,0.0,45.0,True,0.9490982174873352
16286,3,Lost / One-time buyers,294,2,328.95,440,17,0.0,31.88,True,0.7129017949104309
16284,3,Lost / One-time buyers,210,1,205.8,210,30,0.0,90.72,False,0.7395287156105042
13814,3,Lost / One-time buyers,344,1,678.2,344,22,0.0,202.93,False,0.6726304650306701
16211,3,Lost / One-time buyers,238,2,543.57,255,12,0.0,179.61,False,0.6189089059829712
16339,3,Lost / One-time buyers,101,1,109.95,101,17,0.0,78.95,True,0.693017303943634
13877,3,Lost / One-time buyers,287,2,332.44,506,20,0.0,83.67,False,0.6726304650306701
16198,3,Lost / One-time buyers,254,1,629.36,254,18,0.0,240.09,False,0.6726304650306701
16136,3,Lost / One-time buyers,94,2,396.72,480,17,0.0,88.04,False,0.6527320265769958
13937,3,Lost / One-time buyers,219,1,721.28,219,45,0.0,308.13,False,0.6391617059707642
16132,3,Lost / One-time buyers,361,2,664.2,444,14,0.0,127.06,True,0.6678120851516723
13942,3,Lost / One-time buyers,351,1,320.0,351,1,0.0,94.17,True,0.6726890325546264
13955,3,Lost / One-time buyers,122,2,427.31,192,63,0.0,212.87,False,0.5544646859169007
13961,3,Lost / One-time buyers,209,1,538.4,209,19,0.0,238.17,True,0.6677917599678039
13964,3,Lost / One-time buyers,204,2,438.9,247,22,0.0,101.23,True,0.6189089059829712
13966,3,Lost / One-time buyers,252,1,390.86,252,21,0.0,150.02,True,0.6657749533653259
16112,3,Lost / One-time buyers,150,2,136.14,155,10,0.0,71.55,False,0.6527320265769958
13936,3,Lost / One-time buyers,199,2,563.08,231,31,0.0,119.31,False,0.5933412432670593
16111,3,Lost / One-time buyers,245,1,562.48,245,72,0.0,220.64,True,0.6726304650306701
13968,3,Lost / One-time buyers,240,1,123.66,240,8,0.0,49.28,True,0.8177626490592956
13970,3,Lost / One-time buyers,203,2,846.55,254,10,0.0,398.0,True,0.5766869068145752
16100,3,Lost / One-time buyers,279,1,582.64,279,37,0.0,206.49,True,0.6726304650306701
13973,3,Lost / One-time buyers,104,1,264.7,104,11,0.0,186.84,True,0.6657952785491943
16095,3,Lost / One-time buyers,273,1,447.05,273,30,0.0,161.18,True,0.6853560090065003
13977,3,Lost / One-time buyers,228,1,519.81,228,13,0.0,215.42,True,0.6726304650306701
13981,3,Lost / One-time buyers,232,1,331.14,232,22,0.0,135.43,True,0.6858522415161132
16089,3,Lost / One-time buyers,203,2,271.44,326,42,0.0,81.6,True,0.6527320265769958
16084,3,Lost / One-time buyers,116,1,436.18,116,38,0.0,288.21,True,0.5990371108055115
13967,3,Lost / One-time buyers,213,1,85.6,213,4,0.0,37.34,False,0.8440673470497131
16140,3,Lost / One-time buyers,188,2,956.56,258,33,0.0,189.84,False,0.5112597107887268
16141,3,Lost / One-time buyers,234,1,335.54,234,20,0.0,136.34,False,0.7253228545188903
13932,3,Lost / One-time buyers,111,1,307.4,111,16,0.0,208.67,True,0.6585854053497314
16196,3,Lost / One-time buyers,305,1,93.3,305,4,0.0,30.79,True,0.9490982174873352
16194,3,Lost / One-time buyers,192,1,308.6,192,8,0.0,145.28,True,0.7129017949104309
13892,3,Lost / One-time buyers,63,3,689.2,392,11,0.0791,88.18,False,0.3820308923721313
13893,3,Lost / One-time buyers,114,1,821.1,114,21,0.0,548.38,True,0.5971997261047364
16183,3,Lost / One-time buyers,211,3,739.1,224,17,0.0,111.67,False,0.5196419596672058
13894,3,Lost / One-time buyers,127,1,160.85,127,10,0.0,100.41,False,0.7205630898475647
13898,3,Lost / One-time buyers,142,2,686.4,228,43,0.0,144.09,True,0.5355163812637329
16178,3,Lost / One-time buyers,218,1,414.7,218,17,0.0,177.77,False,0.6726304650306701
13899,3,Lost / One-time buyers,91,1,298.5,91,15,0.0,227.53,False,0.6537670254707336
13903,3,Lost / One-time buyers,217,1,165.45,217,10,0.0,71.17,True,0.7810959815979004
13904,3,Lost / One-time buyers,111,1,201.12,111,17,0.0,136.52,False,0.6634241104125976
13906,3,Lost / One-time buyers,226,1,42.0,226,1,0.0,17.52,True,0.8233170986175538
16166,3,Lost / One-time buyers,245,2,435.83,508,18,0.0,94.99,True,0.6678120851516723
16165,3,Lost / One-time buyers,322,1,79.9,322,1,0.0,25.24,True,0.9490982174873352
13909,3,Lost / One-time buyers,240,2,286.6,338,35,0.0,107.89,True,0.6706136584281921
13912,3,Lost / One-time buyers,240,1,124.95,240,7,0.0,49.8,True,0.8900830745697021
13913,3,Lost / One-time buyers,323,1,42.22,323,3,0.0,13.3,True,0.9490982174873352
13915,3,Lost / One-time buyers,211,1,70.8,211,2,0.0,31.1,True,0.8440673470497131
13927,3,Lost / One-time buyers,254,1,359.27,254,20,0.0,137.05,False,0.6858922481536865
16149,3,Lost / One-time buyers,246,1,141.7,246,12,0.0,55.41,False,0.8177626490592956
16148,3,Lost / One-time buyers,113,2,386.62,253,9,0.0,73.71,True,0.6189089059829712
16201,3,Lost / One-time buyers,232,1,248.65,232,13,0.0,101.7,False,0.7497851252555847
17208,3,Lost / One-time buyers,212,1,115.35,212,21,0.0,50.49,True,0.8177626490592956
13747,3,Lost / One-time buyers,190,2,249.4,241,4,0.0,126.63,True,0.6726304650306701
16343,3,Lost / One-time buyers,224,1,316.59,224,28,0.0,132.97,False,0.6726304650306701
16540,3,Lost / One-time buyers,231,1,226.7,231,25,0.0,93.02,True,0.7497851252555847
16538,3,Lost / One-time buyers,358,3,399.62,412,35,0.0,69.2,True,0.6706136584281921
16535,3,Lost / One-time buyers,202,1,387.84,202,35,0.0,175.93,False,0.6677917599678039
16527,3,Lost / One-time buyers,241,1,1044.38,241,58,0.0,414.9,False,0.6319721579551697
13639,3,Lost / One-time buyers,253,1,312.93,253,19,0.0,119.74,False,0.7145278096199036
16522,3,Lost / One-time buyers,252,2,433.36,267,16,0.0,168.65,True,0.6585854053497314
13646,3,Lost / One-time buyers,216,2,326.25,216,58,0.0,140.82,True,0.6634241104125976
16517,3,Lost / One-time buyers,94,1,162.7,94,17,0.0,121.77,True,0.673669695854187
13651,3,Lost / One-time buyers,198,1,132.65,198,8,0.0,61.06,False,0.8359910249710083
16542,3,Lost / One-time buyers,218,1,137.7,218,9,0.0,59.03,False,0.7904917359352112
13653,3,Lost / One-time buyers,304,1,152.2,304,9,0.0,50.37,True,0.9490982174873352
13660,3,Lost / One-time buyers,217,1,314.59,217,39,0.0,135.32,True,0.6745352268218994
16495,3,Lost / One-time buyers,93,2,246.51,93,32,0.0,185.62,False,0.6137598514556885
16494,3,Lost / One-time buyers,113,1,826.53,113,47,0.0,554.99,True,0.5609864950180053
16492,3,Lost / One-time buyers,357,1,385.56,357,23,0.0,111.88,True,0.7474616885185241
16491,3,Lost / One-time buyers,230,1,801.66,230,48,0.0,330.03,False,0.6359565734863282
16490,3,Lost / One-time buyers,253,1,205.41,253,13,0.0,78.6,True,0.7704907298088074
16489,3,Lost / One-time buyers,197,2,303.7,253,4,0.0,146.32,True,0.6706136584281921
16486,3,Lost / One-time buyers,354,1,134.36,354,7,0.0,39.26,True,0.9490982174873352
13666,3,Lost / One-time buyers,104,4,106.45,552,14,0.0,36.66,False,0.5856201887130738
16509,3,Lost / One-time buyers,113,1,363.7,113,13,0.0,244.21,True,0.6609565734863281
16544,3,Lost / One-time buyers,336,4,376.7,479,8,0.0,51.54,True,0.6726304650306701
16545,3,Lost / One-time buyers,192,1,350.52,192,5,0.0,165.01,False,0.6850515246391297
16547,3,Lost / One-time buyers,363,1,111.71,363,25,0.0,31.97,True,0.9490982174873352
13581,3,Lost / One-time buyers,126,2,280.53,231,32,0.0,113.53,True,0.6407037734985351
16606,3,Lost / One-time buyers,221,2,357.66,251,16,0.0,84.37,True,0.6570159435272217
16602,3,Lost / One-time buyers,205,1,235.25,205,11,0.0,105.56,False,0.7395287156105042
13582,3,Lost / One-time buyers,206,2,241.68,434,10,0.0,92.75,True,0.695357871055603
13586,3,Lost / One-time buyers,358,1,131.53,358,20,0.0,38.08,True,0.9490982174873352
16599,3,Lost / One-time buyers,202,1,172.8,202,12,0.0,78.39,True,0.7810959815979004
16598,3,Lost / One-time buyers,102,1,145.05,102,10,0.0,103.56,True,0.7159578323364257
16590,3,Lost / One-time buyers,217,2,605.9,231,26,0.0,192.08,True,0.6079378128051758
16589,3,Lost / One-time buyers,267,1,153.12,267,11,0.0,56.18,False,0.8177626490592956
13597,3,Lost / One-time buyers,217,2,396.71,219,17,0.0,17.31,True,0.6355547189712525
16579,3,Lost / One-time buyers,242,1,295.05,242,14,0.0,116.84,True,0.7364726781845092
16576,3,Lost / One-time buyers,237,2,540.87,338,32,0.0,190.08,True,0.6319721579551697
16573,3,Lost / One-time buyers,107,1,292.63,107,16,0.0,203.08,False,0.6537670254707336
16572,3,Lost / One-time buyers,92,1,342.58,92,21,0.0,259.53,False,0.599583625793457
13607,3,Lost / One-time buyers,219,1,400.3,219,24,0.0,171.01,False,0.6726304650306701
13608,3,Lost / One-time buyers,357,1,236.2,357,31,0.0,68.54,True,0.8131573915481567
16562,3,Lost / One-time buyers,293,1,223.86,293,34,0.0,76.3,True,0.8131573915481567
16559,3,Lost / One-time buyers,214,1,185.2,214,17,0.0,80.5,True,0.8177626490592956
13619,3,Lost / One-time buyers,361,2,230.19,491,38,0.0,55.98,True,0.7129017949104309
13620,3,Lost / One-time buyers,345,1,112.34,345,5,0.0,33.53,True,0.9490982174873352
13624,3,Lost / One-time buyers,205,1,462.08,205,22,0.0,207.35,True,0.643980085849762
16476,3,Lost / One-time buyers,248,1,350.35,248,24,0.0,136.15,True,0.7240516185760498
13746,3,Lost / One-time buyers,230,1,176.69,230,9,0.0,72.74,True,0.8637783765792847
16475,3,Lost / One-time buyers,90,1,310.0,90,20,0.0,237.75,False,0.6189089059829712
13669,3,Lost / One-time buyers,224,1,195.0,224,5,0.0,81.9,False,0.7497851252555847
16405,3,Lost / One-time buyers,119,2,167.25,127,3,0.0,201.12,True,0.6527320265769958
16403,3,Lost / One-time buyers,129,1,177.5,129,10,0.0,109.7,True,0.7205630898475647
16396,3,Lost / One-time buyers,293,1,137.8,293,8,0.0,46.97,True,0.9490982174873352
13721,3,Lost / One-time buyers,212,1,217.4,212,14,0.0,95.16,False,0.726948869228363
16386,3,Lost / One-time buyers,70,2,846.49,204,55,0.0722,73.62,False,0.4284809172153473
16382,3,Lost / One-time buyers,225,2,353.1,367,42,0.0,97.22,True,0.6662777781486511
16381,3,Lost / One-time buyers,212,2,258.7,235,60,0.0,36.81,True,0.6189089059829712
16375,3,Lost / One-time buyers,287,2,104.0,287,11,0.0,36.04,True,0.8177626490592956
16373,3,Lost / One-time buyers,199,2,309.49,228,25,0.0,90.5,True,0.6407037734985351
13714,3,Lost / One-time buyers,282,1,161.35,282,30,0.0,56.7,True,0.9428604006767272
16371,3,Lost / One-time buyers,265,1,157.2,265,11,0.0,58.02,True,0.7810959815979004
13738,3,Lost / One-time buyers,213,1,440.93,213,88,0.0,192.32,True,0.643980085849762
16362,3,Lost / One-time buyers,254,1,212.17,254,13,0.0,80.94,False,0.7607741355895996
13739,3,Lost / One-time buyers,344,1,75.3,344,3,0.0,22.53,False,0.9490982174873352
16355,3,Lost / One-time buyers,192,1,416.35,192,47,0.0,196.0,True,0.6726304650306701
16349,3,Lost / One-time buyers,107,1,53.5,107,9,0.0,37.13,True,0.7205630898475647
13744,3,Lost / One-time buyers,109,1,893.16,109,44,0.0,612.99,False,0.4797847986221313
16346,3,Lost / One-time buyers,202,1,224.51,202,15,0.0,101.84,True,0.7125973105430603
16345,3,Lost / One-time buyers,300,1,623.33,300,68,0.0,208.48,False,0.6726304650306701
13745,3,Lost / One-time buyers,363,1,477.32,363,31,0.0,136.61,False,0.6850515246391297
16368,3,Lost / One-time buyers,252,1,142.78,252,20,0.0,54.8,False,0.8838452577590943
16413,3,Lost / One-time buyers,192,1,266.78,192,32,0.0,125.59,False,0.6726304650306701
13710,3,Lost / One-time buyers,240,2,329.04,429,7,0.0,58.04,False,0.6678120851516723
16417,3,Lost / One-time buyers,309,1,35.7,309,1,0.0,11.66,True,0.9490982174873352
13671,3,Lost / One-time buyers,211,1,194.95,211,61,0.0,85.63,True,0.7253228545188903
13674,3,Lost / One-time buyers,249,1,240.68,249,14,0.0,93.24,True,0.7607741355895996
13675,3,Lost / One-time buyers,101,1,308.44,101,15,0.0,221.49,False,0.6189089059829712
13676,3,Lost / One-time buyers,356,2,243.9,436,13,0.0,50.82,True,0.7231582045555115
16465,3,Lost / One-time buyers,237,2,746.24,261,45,0.0,177.4,True,0.6105547189712525
13683,3,Lost / One-time buyers,274,1,258.6,274,10,0.0,92.97,True,0.7521763443946838
13686,3,Lost / One-time buyers,197,2,337.04,218,23,0.0,88.74,False,0.6137598514556885
16453,3,Lost / One-time buyers,347,2,251.71,365,15,0.0,39.7,True,0.7129017949104309
16446,3,Lost / One-time buyers,22,1,2.9,22,2,1.0,3.85,False,0.5822765588760376
13689,3,Lost / One-time buyers,261,1,349.5,261,3,0.0,130.53,False,0.7253228545188903
13691,3,Lost / One-time buyers,213,1,210.78,213,53,0.0,91.94,True,0.7253228545188903
16443,3,Lost / One-time buyers,337,1,162.24,337,1,0.0,49.37,True,0.9490982174873352
16437,3,Lost / One-time buyers,198,2,301.25,246,17,0.0,140.07,True,0.6455424785614013
16433,3,Lost / One-time buyers,225,1,200.26,225,17,0.0,83.83,False,0.7402613162994385
13701,3,Lost / One-time buyers,263,1,161.0,263,9,0.0,59.77,True,0.8271117091178894
13702,3,Lost / One-time buyers,262,1,135.18,262,5,0.0,50.34,True,0.8900830745697021
16426,3,Lost / One-time buyers,93,1,328.37,93,11,0.0,247.25,False,0.6189089059829712
16425,3,Lost / One-time buyers,119,1,302.7,119,21,0.0,196.87,True,0.6585854053497314
13703,3,Lost / One-time buyers,135,2,425.56,232,36,0.0,95.79,True,0.606226897239685
16421,3,Lost / One-time buyers,193,3,526.27,286,35,0.0,118.97,True,0.5245869994163513
16420,3,Lost / One-time buyers,213,1,75.0,213,2,0.0,32.71,True,0.8233170986175538
16473,3,Lost / One-time buyers,104,3,372.53,191,21,0.0,186.58,False,0.4907220959663391
15316,3,Lost / One-time buyers,143,1,165.0,143,1,0.0,95.34,True,0.7329841494560242
