customer_id,churn_probability,is_churned,frequency,recency,T,monetary_value,expected_purchases,expected_value_per_purchase,value_source,clv,retention_priority_score,segment
12346,0.37360774278640746,True,2.0,322.0,464.0,38662.955,0.8404024671561433,38872.16819398015,gamma_gamma_conditional_expectation,32668.27,12205.12,Low risk / High value
15749,0.22118866741657256,True,1.0,97.0,149.0,21535.9,1.2535608511946983,21775.46183544074,gamma_gamma_conditional_expectation,27296.87,6037.76,Low risk / High value
13687,0.5743089079856872,True,0.0,0.0,255.0,0.0,0.38031578651790554,11880.84,own_observed_transaction (Gamma-Gamma unstable at frequency=0),4518.47,2595.0,High risk / High value
12590,0.22118866741657256,True,0.0,0.0,28.0,0.0,1.247341050555118,9341.26,own_observed_transaction (Gamma-Gamma unstable at frequency=0),11651.74,2577.23,Low risk / High value
12357,0.4871299505233765,False,0.0,0.0,205.0,0.0,0.44872689457073395,11229.99,own_observed_transaction (Gamma-Gamma unstable at frequency=0),5039.2,2454.75,High risk / High value
18102,0.015555194392800332,False,50.0,555.0,555.0,8780.1548,14.70818503449989,8782.227350403733,gamma_gamma_conditional_expectation,129170.62,2009.27,Low risk / High value
18251,0.4115120112895966,False,6.0,272.0,534.0,3113.2100000000005,1.2430335007105924,3120.6093444136677,gamma_gamma_conditional_expectation,3879.02,1596.26,Low risk / High value
12454,0.4138260543346405,False,2.0,26.0,238.0,4098.96,0.8254151058067933,4126.419390605954,gamma_gamma_conditional_expectation,3406.01,1409.5,Low risk / High value
12939,0.17990920096635818,False,12.0,423.0,513.0,1701.36,3.7343222448012594,1703.8244801497167,gamma_gamma_conditional_expectation,6362.63,1144.7,Low risk / High value
14646,0.010793289542198181,False,65.0,546.0,554.0,5499.698153846154,19.06612571433308,5500.764262794658,gamma_gamma_conditional_expectation,104878.26,1131.98,Low risk / High value
12433,0.27304708063602445,False,4.0,110.0,293.0,2710.0275,1.5067174574586892,2720.0789363042313,gamma_gamma_conditional_expectation,4098.39,1119.05,Low risk / High value
13093,0.17990920096635818,True,42.0,460.0,552.0,1284.5280952380951,4.275394224941437,1285.1279378023557,gamma_gamma_conditional_expectation,5494.43,988.5,Low risk / High value
13734,0.5219449400901794,True,2.0,94.0,419.0,3211.02,0.5778226319318109,3233.8101828894246,gamma_gamma_conditional_expectation,1868.57,975.29,High risk / High value
12497,0.47978479862213136,False,1.0,244.0,461.0,3993.64,0.4953490332867611,4047.735596835446,gamma_gamma_conditional_expectation,2005.04,961.99,High risk / High value
12753,0.11275306567549706,False,3.0,114.0,179.0,3116.64,2.4742809176454523,3131.476586270094,gamma_gamma_conditional_expectation,7748.15,873.63,Low risk / High value
12409,0.44074244499206544,False,3.0,145.0,382.0,1848.0466666666669,1.0484466473117515,1858.4437927628094,gamma_gamma_conditional_expectation,1948.48,858.78,Low risk / High value
14088,0.07326689809560775,False,3.0,231.0,238.0,5401.5633333333335,2.10419921263225,5424.396040875964,gamma_gamma_conditional_expectation,11414.01,836.27,Low risk / High value
15769,0.04562543779611587,False,29.0,531.0,545.0,2012.4593103448276,8.718396356426029,2013.5908453779118,gamma_gamma_conditional_expectation,17555.28,800.97,Low risk / High value
14277,0.16482502669095994,False,4.0,514.0,543.0,3514.7925,1.3543703933544113,3526.954304797114,gamma_gamma_conditional_expectation,4776.8,787.34,Low risk / High value
17450,0.019258898124098776,False,13.0,246.0,255.0,5303.473846153846,7.550981381334507,5308.649784103223,gamma_gamma_conditional_expectation,40085.52,772.0,Low risk / High value
15808,0.19324253499507904,True,20.0,432.0,555.0,875.6695,4.308606657287955,876.7155302752145,gamma_gamma_conditional_expectation,3777.42,729.96,Low risk / High value
14156,0.010793289542198181,False,88.0,552.0,555.0,2619.290340909091,25.741251528323083,2619.7352949661595,gamma_gamma_conditional_expectation,67435.27,727.85,Low risk / High value
12931,0.04562543779611587,False,35.0,535.0,555.0,1515.7737142857143,10.293973607672998,1516.5627040606516,gamma_gamma_conditional_expectation,15611.46,712.28,Low risk / High value
18087,0.17990920096635818,False,12.0,448.0,555.0,1126.165,3.4297179474107358,1128.1275717326241,gamma_gamma_conditional_expectation,3869.16,696.1,Low risk / High value
13340,0.20361290574073793,False,4.0,379.0,472.0,2249.1425,1.4971669086905894,2257.9853385361343,gamma_gamma_conditional_expectation,3380.58,688.33,Low risk / High value
17940,0.09305609539151191,False,7.0,518.0,553.0,3350.2114285714283,2.2007737543546497,3356.906884987494,gamma_gamma_conditional_expectation,7387.79,687.48,Low risk / High value
12511,0.5609864950180053,True,0.0,0.0,245.0,0.0,0.39227158447725324,3084.02,own_observed_transaction (Gamma-Gamma unstable at frequency=0),1209.77,678.66,High risk / High value
15332,0.3106977939605713,True,3.0,147.0,330.0,1615.8366666666668,1.3336735263879997,1625.4211706088804,gamma_gamma_conditional_expectation,2167.78,673.52,Low risk / High value
13205,0.6391617059707642,True,0.0,0.0,260.0,0.0,0.3746078478714057,2803.2,own_observed_transaction (Gamma-Gamma unstable at frequency=0),1050.1,671.18,High risk / High value
14439,0.27710674703121185,True,4.0,368.0,504.0,1733.995,1.3843117915225782,1741.4869459734764,gamma_gamma_conditional_expectation,2410.76,668.04,Low risk / High value
17044,0.27710674703121185,False,9.0,358.0,549.0,1113.7044444444446,2.136738946671415,1116.3074666304701,gamma_gamma_conditional_expectation,2385.26,660.97,Low risk / High value
14134,0.2965662062168121,True,10.0,347.0,546.0,1046.219,2.042173742721435,1048.4907706118433,gamma_gamma_conditional_expectation,2141.2,635.01,Low risk / High value
16152,0.43575791716575624,True,0.0,0.0,85.0,0.0,0.7914400340471993,1829.04,own_observed_transaction (Gamma-Gamma unstable at frequency=0),1447.58,630.79,Low risk / High value
14855,0.42152072191238404,False,2.0,136.0,427.0,2125.425,0.6975358517707231,2142.5066118699574,gamma_gamma_conditional_expectation,1494.48,629.95,Low risk / High value
12557,0.19324253499507904,False,5.0,466.0,539.0,1925.432,1.6409793590107669,1931.8238149952074,gamma_gamma_conditional_expectation,3170.08,612.59,Low risk / High value
12477,0.15696212500333787,False,4.0,384.0,440.0,2403.0924999999997,1.6116718027440644,2412.3390479786162,gamma_gamma_conditional_expectation,3887.9,610.25,Low risk / High value
13680,0.23286690413951874,False,9.0,398.0,552.0,1053.7355555555555,2.4709735880767423,1056.2687865755927,gamma_gamma_conditional_expectation,2610.01,607.78,Low risk / High value
16029,0.030810622870922087,False,51.0,545.0,548.0,1297.6276470588234,15.160901439437323,1298.1243010734772,gamma_gamma_conditional_expectation,19680.73,606.38,Low risk / High value
13135,0.2535876214504242,True,1.0,295.0,308.0,3096.0,0.7534936185254177,3140.6052623847168,gamma_gamma_conditional_expectation,2366.43,600.1,Low risk / High value
13437,0.2535876214504242,False,0.0,0.0,7.0,0.0,1.5868044228458593,1440.9,own_observed_transaction (Gamma-Gamma unstable at frequency=0),2286.43,579.81,Low risk / High value
15523,0.2965662062168121,False,13.0,349.0,554.0,1234.6292307692308,1.576663185825037,1236.5280722528155,gamma_gamma_conditional_expectation,1949.59,578.18,Low risk / High value
13344,0.4557848036289215,False,0.0,0.0,94.0,0.0,0.7484262546508726,1656.15,own_observed_transaction (Gamma-Gamma unstable at frequency=0),1239.51,564.95,High risk / High value
14911,0.010793289542198181,False,165.0,555.0,555.0,1079.1551515151516,48.13712405753778,1079.2947877309243,gamma_gamma_conditional_expectation,51954.15,560.76,Low risk / High value
12755,0.19324253499507904,True,9.0,413.0,510.0,1003.0788888888887,2.8772401672092407,1005.5531662098122,gamma_gamma_conditional_expectation,2893.22,559.09,Low risk / High value
15333,0.41965731978416443,True,0.0,0.0,25.0,0.0,1.286558623037214,1028.56,own_observed_transaction (Gamma-Gamma unstable at frequency=0),1323.3,555.33,Low risk / High value
13572,0.30141122341156007,True,0.0,0.0,22.0,0.0,1.328355566004496,1384.25,own_observed_transaction (Gamma-Gamma unstable at frequency=0),1838.78,554.23,Low risk / High value
12435,0.18490920066833497,False,4.0,470.0,554.0,2266.7574999999997,1.3125275862699408,2275.6465310780586,gamma_gamma_conditional_expectation,2986.85,552.3,Low risk / High value
17230,0.19324253499507904,True,13.0,467.0,548.0,740.0576923076923,3.8540640933256767,741.5581999166816,gamma_gamma_conditional_expectation,2858.01,552.29,Low risk / High value
16333,0.04562543779611587,False,7.0,117.0,126.0,1728.24,6.955020457886147,1732.5076919375513,gamma_gamma_conditional_expectation,12049.63,549.77,Low risk / High value
12764,0.5355163812637329,True,0.0,0.0,133.0,0.0,0.6059728710968453,1693.88,own_observed_transaction (Gamma-Gamma unstable at frequency=0),1026.45,549.68,High risk / High value
16772,0.5319321513175964,True,2.0,298.0,538.0,1413.35,0.7009192338554298,1426.687185349305,gamma_gamma_conditional_expectation,999.99,531.93,High risk / High value
14045,0.20361290574073793,False,12.0,363.0,517.0,875.7525,2.944492702833869,877.496564719359,gamma_gamma_conditional_expectation,2583.78,526.09,Low risk / High value
14842,0.2535876214504242,False,1.0,117.0,125.0,1378.48,1.4514882006360479,1404.9267141629161,gamma_gamma_conditional_expectation,2039.23,517.12,Low risk / High value
17084,0.518360710144043,False,0.0,0.0,213.0,0.0,0.43616761792830905,2253.22,own_observed_transaction (Gamma-Gamma unstable at frequency=0),982.78,509.43,High risk / High value
13694,0.010793289542198181,False,68.0,552.0,552.0,2354.9994117647057,20.036312803331352,2355.534586876386,gamma_gamma_conditional_expectation,47196.23,509.4,Low risk / High value
12967,0.30619765222072604,True,2.0,25.0,200.0,1514.65,1.0855173987546836,1528.5198685730415,gamma_gamma_conditional_expectation,1659.23,508.05,Low risk / High value
12501,0.4531506597995758,True,0.0,0.0,153.0,0.0,0.552168924840869,2025.39,own_observed_transaction (Gamma-Gamma unstable at frequency=0),1118.36,506.79,High risk / High value
16698,0.31475060284137724,True,1.0,27.0,70.0,816.0,1.9194447931893441,836.4998720860856,gamma_gamma_conditional_expectation,1605.62,505.37,Low risk / High value
15032,0.12829545736312867,True,6.0,473.0,546.0,2045.875,1.9112292569420564,2051.4100296056295,gamma_gamma_conditional_expectation,3920.71,503.01,Low risk / High value
15786,0.47978479862213136,False,1.0,119.0,353.0,1795.91,0.5715548627115452,1826.7700093700905,gamma_gamma_conditional_expectation,1044.1,500.94,High risk / High value
16532,0.3596030592918396,False,2.0,282.0,437.0,1528.3200000000002,0.8736553867875332,1542.2617518866496,gamma_gamma_conditional_expectation,1347.41,484.53,Low risk / High value
17584,0.4531506597995758,False,3.0,216.0,500.0,1201.6899999999998,0.8802071232877607,1209.825191869912,gamma_gamma_conditional_expectation,1064.9,482.56,High risk / High value
12769,0.4284809172153473,True,0.0,0.0,55.0,0.0,0.9794744156757992,1143.6,own_observed_transaction (Gamma-Gamma unstable at frequency=0),1120.13,479.95,Low risk / High value
15481,0.5609864950180053,True,0.0,0.0,218.0,0.0,0.4286701512326433,1993.34,own_observed_transaction (Gamma-Gamma unstable at frequency=0),854.49,479.36,High risk / High value
17949,0.027106919139623643,False,52.0,548.0,554.0,1151.5961538461538,15.297630709534277,1152.053868770126,gamma_gamma_conditional_expectation,17623.69,477.72,Low risk / High value
16191,0.12013942822813987,False,11.0,466.0,545.0,1161.3254545454545,3.3266041681838585,1163.500084141407,gamma_gamma_conditional_expectation,3870.5,465.0,Low risk / High value
13235,0.3642070949077606,True,0.0,0.0,29.0,0.0,1.2348005832680258,1031.07,own_observed_transaction (Gamma-Gamma unstable at frequency=0),1273.17,463.7,Low risk / High value
12758,0.23286690413951874,False,5.0,462.0,555.0,1245.432,1.5884953186575885,1250.3980091202384,gamma_gamma_conditional_expectation,1986.25,462.53,Low risk / High value
18079,0.37696678638458253,False,1.0,253.0,308.0,1612.83,0.7422283464645287,1641.7543888192688,gamma_gamma_conditional_expectation,1218.56,459.36,Low risk / High value
14426,0.15696212500333787,False,8.0,369.0,462.0,1038.07625,2.8100672197113763,1040.9060444050654,gamma_gamma_conditional_expectation,2925.02,459.12,Low risk / High value
12354,0.4115120112895966,True,0.0,0.0,49.0,0.0,1.0284613855299178,1079.4,own_observed_transaction (Gamma-Gamma unstable at frequency=0),1110.12,456.83,Low risk / High value
16766,0.518360710144043,True,0.0,0.0,90.0,0.0,0.7669476912541688,1145.6,own_observed_transaction (Gamma-Gamma unstable at frequency=0),878.62,455.44,High risk / High value
15497,0.18490920066833497,False,7.0,402.0,538.0,1156.2557142857142,2.1221880907708117,1159.6672609751654,gamma_gamma_conditional_expectation,2461.03,455.07,Low risk / High value
14935,0.4571237683296204,True,1.0,322.0,436.0,1784.71,0.5477403317818987,1815.4515969265183,gamma_gamma_conditional_expectation,994.4,454.56,High risk / High value
12385,0.5867422580718994,True,0.0,0.0,196.0,0.0,0.463753113914243,1668.4,own_observed_transaction (Gamma-Gamma unstable at frequency=0),773.73,453.98,High risk / High value
15480,0.5355163812637329,False,1.0,207.0,493.0,1868.56,0.44461158680357,1900.1881043723693,gamma_gamma_conditional_expectation,844.85,452.43,High risk / High value
13802,0.05633901432156563,False,16.0,407.0,478.0,1524.1243749999999,5.249580517748785,1525.856366986111,gamma_gamma_conditional_expectation,8010.11,451.28,Low risk / High value
16732,0.42311506271362304,False,2.0,328.0,548.0,1495.525,0.7033312134714588,1509.2943002941279,gamma_gamma_conditional_expectation,1061.53,449.15,Low risk / High value
12818,0.4557848036289215,True,0.0,0.0,78.0,0.0,0.8285029730804067,1182.08,own_observed_transaction (Gamma-Gamma unstable at frequency=0),979.36,446.38,High risk / High value
13174,0.18490920066833497,False,8.0,419.0,552.0,1016.59875,2.341981240707808,1019.4004206125668,gamma_gamma_conditional_expectation,2387.42,441.46,Low risk / High value
16398,0.4284809172153473,False,0.0,0.0,70.0,0.0,0.87539114251235,1169.95,own_observed_transaction (Gamma-Gamma unstable at frequency=0),1024.16,438.83,Low risk / High value
17876,0.4284809172153473,True,2.0,276.0,492.0,1323.31,0.7622047131302112,1336.1737125214154,gamma_gamma_conditional_expectation,1018.44,436.38,Low risk / High value
13715,0.17990920096635818,True,15.0,357.0,455.0,509.01733333333334,4.742078847650665,510.15637927785116,gamma_gamma_conditional_expectation,2419.2,435.24,Low risk / High value
12901,0.04562543779611587,False,8.0,86.0,87.0,964.0,9.857701617074158,966.7327949831551,gamma_gamma_conditional_expectation,9529.76,434.8,Low risk / High value
13370,0.5990371108055115,True,0.0,0.0,188.0,0.0,0.4779841048340019,1509.74,own_observed_transaction (Gamma-Gamma unstable at frequency=0),721.63,432.28,High risk / High value
14930,0.3256571114063263,False,3.0,332.0,423.0,1017.0266666666666,1.285206217775922,1024.515626609939,gamma_gamma_conditional_expectation,1316.71,428.8,Low risk / High value
15171,0.588066017627716,True,0.0,0.0,148.0,0.0,0.5646992935114857,1289.5,own_observed_transaction (Gamma-Gamma unstable at frequency=0),728.18,428.22,High risk / High value
14936,0.20361290574073793,False,3.0,308.0,400.0,1551.89,1.344030174062849,1561.2507216847605,gamma_gamma_conditional_expectation,2098.37,427.26,Low risk / High value
13461,0.42259215116500853,False,2.0,190.0,414.0,1189.2,0.8385188327617393,1201.358498828076,gamma_gamma_conditional_expectation,1007.36,425.7,Low risk / High value
18133,0.3699213802814484,True,0.0,0.0,29.0,0.0,1.2348005832680258,931.5,own_observed_transaction (Gamma-Gamma unstable at frequency=0),1150.22,425.49,Low risk / High value
13328,0.5355163812637329,True,0.0,0.0,133.0,0.0,0.6059728710968453,1308.48,own_observed_transaction (Gamma-Gamma unstable at frequency=0),792.9,424.61,High risk / High value
15502,0.20361290574073793,False,4.0,279.0,371.0,1140.6475,1.8177433838850012,1146.58348632149,gamma_gamma_conditional_expectation,2084.19,424.37,Low risk / High value
13934,0.5574022650718689,True,0.0,0.0,80.0,0.0,0.8175612810623328,922.1,own_observed_transaction (Gamma-Gamma unstable at frequency=0),753.87,420.21,High risk / High value
13339,0.3458887755870819,True,0.0,0.0,17.0,0.0,1.40448671681897,860.12,own_observed_transaction (Gamma-Gamma unstable at frequency=0),1208.03,417.84,Low risk / High value
16984,0.36691595911979674,False,6.0,238.0,459.0,742.745,1.5155440872162362,746.0038515024119,gamma_gamma_conditional_expectation,1130.6,414.84,Low risk / High value
12754,0.12013942822813987,True,2.0,73.0,125.0,1482.585,2.282166419574571,1496.286255665153,gamma_gamma_conditional_expectation,3414.77,410.25,Low risk / High value
15978,0.5269871115684509,False,1.0,212.0,461.0,1581.52,0.4818556635771918,1610.113362604247,gamma_gamma_conditional_expectation,775.84,408.86,High risk / High value
13373,0.2619578093290329,False,3.0,457.0,550.0,1504.74,1.0309210428194675,1513.9357195980383,gamma_gamma_conditional_expectation,1560.75,408.85,Low risk / High value
15372,0.4272350072860718,False,4.0,213.0,480.0,894.355,1.0630071882184189,899.6451233279039,gamma_gamma_conditional_expectation,956.33,408.58,Low risk / High value
14411,0.6157037734985351,True,0.0,0.0,127.0,0.0,0.624232772353115,1063.0,own_observed_transaction (Gamma-Gamma unstable at frequency=0),663.56,408.56,High risk / High value
12700,0.3458887755870819,False,0.0,0.0,32.0,0.0,1.1986642714302873,984.43,own_observed_transaction (Gamma-Gamma unstable at frequency=0),1180.0,408.15,Low risk / High value
16216,0.5574022650718689,True,0.0,0.0,84.0,0.0,0.7965288790177549,914.93,own_observed_transaction (Gamma-Gamma unstable at frequency=0),728.77,406.22,High risk / High value
14299,0.20361290574073793,False,19.0,419.0,554.0,528.8257894736843,3.712084995570825,529.7358172571466,gamma_gamma_conditional_expectation,1966.42,400.39,Low risk / High value
16107,0.4284809172153473,False,0.0,0.0,0.0,0.0,1.7459591651198856,532.9,own_observed_transaction (Gamma-Gamma unstable at frequency=0),930.42,398.67,Low risk / High value
12451,0.11275306567549706,False,3.0,311.0,346.0,2263.6366666666668,1.5496388924717828,2275.488155800367,gamma_gamma_conditional_expectation,3526.18,397.59,Low risk / High value
13329,0.2965662062168121,False,4.0,369.0,552.0,1073.38,1.2417817030513059,1079.1395879783774,gamma_gamma_conditional_expectation,1340.06,397.42,Low risk / High value
14921,0.31679787039756774,False,0.0,0.0,18.0,0.0,1.3885611299365885,903.01,own_observed_transaction (Gamma-Gamma unstable at frequency=0),1253.88,397.23,Low risk / High value
12744,0.12653813362121583,False,3.0,343.0,408.0,2318.8766666666666,1.338719991239051,2330.9214689556275,gamma_gamma_conditional_expectation,3120.45,394.86,Low risk / High value
13941,0.17990920096635818,False,10.0,426.0,540.0,734.72,2.9583219710026154,736.665541226202,gamma_gamma_conditional_expectation,2179.29,392.07,Low risk / High value
16993,0.6260984539985657,True,1.0,113.0,393.0,1231.15,0.4984596373033194,1256.0390619029613,gamma_gamma_conditional_expectation,626.08,391.99,High risk / High value
15077,0.6073200702667236,True,1.0,236.0,547.0,1554.6,0.4069882068756282,1582.9087498380893,gamma_gamma_conditional_expectation,644.23,391.25,High risk / High value
12739,0.6157037734985351,False,0.0,0.0,211.0,0.0,0.43924082417396304,1445.69,own_observed_transaction (Gamma-Gamma unstable at frequency=0),635.01,390.98,High risk / High value
16546,0.19527957141399382,True,3.0,152.0,259.0,1087.2566666666664,1.822857919273975,1094.991397480575,gamma_gamma_conditional_expectation,1996.01,389.78,Low risk / High value
12517,0.31679787039756774,False,0.0,0.0,7.0,0.0,1.5868044228458593,766.95,own_observed_transaction (Gamma-Gamma unstable at frequency=0),1217.0,385.54,Low risk / High value
13505,0.2108182966709137,False,1.0,40.0,49.0,746.4,2.359553985331219,766.164023329601,gamma_gamma_conditional_expectation,1807.81,381.12,Low risk / High value
17088,0.4284809172153473,False,0.0,0.0,70.0,0.0,0.87539114251235,1015.83,own_observed_transaction (Gamma-Gamma unstable at frequency=0),889.25,381.03,Low risk / High value
12669,0.4284809172153473,False,0.0,0.0,73.0,0.0,0.8571940464203481,1028.3,own_observed_transaction (Gamma-Gamma unstable at frequency=0),881.45,377.68,Low risk / High value
17203,0.4168778657913208,False,0.0,0.0,205.0,0.0,0.44872689457073395,2012.03,own_observed_transaction (Gamma-Gamma unstable at frequency=0),902.85,376.38,Low risk / High value
15151,0.565748393535614,True,1.0,86.0,326.0,1116.26,0.5808233248705416,1139.9343828277815,gamma_gamma_conditional_expectation,662.1,374.58,High risk / High value
13501,0.3268102675676346,True,2.0,282.0,387.0,1144.97,0.9905082271597175,1156.8959166070904,gamma_gamma_conditional_expectation,1145.91,374.5,Low risk / High value
16120,0.5355163812637329,False,0.0,0.0,239.0,0.0,0.39981399447275634,1747.77,own_observed_transaction (Gamma-Gamma unstable at frequency=0),698.78,374.21,High risk / High value
15736,0.5355163812637329,True,0.0,0.0,252.0,0.0,0.3838250670037932,1815.72,own_observed_transaction (Gamma-Gamma unstable at frequency=0),696.92,373.21,High risk / High value
17511,0.010793289542198181,False,36.0,531.0,554.0,3255.0813888888893,10.582562860668475,3256.3540616186046,gamma_gamma_conditional_expectation,34460.57,371.94,Low risk / High value
14564,0.5319321513175964,True,1.0,301.0,552.0,1616.44,0.4242101886632187,1645.4025556872418,gamma_gamma_conditional_expectation,698.0,371.29,High risk / High value
14352,0.34859763979911806,False,1.0,39.0,90.0,614.02,1.676073460829472,632.3844305367357,gamma_gamma_conditional_expectation,1059.92,369.49,Low risk / High value
16636,0.4531506597995758,True,3.0,208.0,463.0,830.1966666666667,0.9733774219998292,837.0318124028914,gamma_gamma_conditional_expectation,814.75,369.2,High risk / High value
15649,0.4284809172153473,True,3.0,51.0,204.0,544.0,1.562199875938147,549.8335964846251,gamma_gamma_conditional_expectation,858.95,368.04,Low risk / High value
17828,0.31679787039756774,False,0.0,0.0,1.0,0.0,1.7212648985404786,673.16,own_observed_transaction (Gamma-Gamma unstable at frequency=0),1158.69,367.07,Low risk / High value
14145,0.23286690413951874,False,3.0,393.0,427.0,1200.95,1.3012476517342981,1209.0826022295266,gamma_gamma_conditional_expectation,1573.32,366.37,Low risk / High value
12473,0.38964034914970397,False,0.0,0.0,8.0,0.0,1.5664383487545646,600.19,own_observed_transaction (Gamma-Gamma unstable at frequency=0),940.16,366.32,Low risk / High value
17354,0.5319321513175964,False,0.0,0.0,245.0,0.0,0.39227158447725324,1750.4,own_observed_transaction (Gamma-Gamma unstable at frequency=0),686.63,365.24,High risk / High value
14918,0.36691595911979674,False,5.0,206.0,427.0,698.062,1.415929832301546,701.8802982940889,gamma_gamma_conditional_expectation,993.81,364.64,Low risk / High value
12652,0.5609864950180053,True,1.0,103.0,251.0,793.98,0.7965631047254446,814.2470647639909,gamma_gamma_conditional_expectation,648.6,363.86,High risk / High value
14899,0.5990371108055115,True,0.0,0.0,212.0,0.0,0.43769880727370053,1384.88,own_observed_transaction (Gamma-Gamma unstable at frequency=0),606.16,363.11,High risk / High value
15950,0.2231906145811081,False,6.0,323.0,499.0,881.2266666666666,1.8362789446314134,884.7274041953104,gamma_gamma_conditional_expectation,1624.61,362.6,Low risk / High value
13122,0.4138260543346405,False,0.0,0.0,57.0,0.0,0.9641754835206932,903.67,own_observed_transaction (Gamma-Gamma unstable at frequency=0),871.3,360.57,Low risk / High value
18074,0.5574022650718689,True,1.0,132.0,322.0,979.2,0.6453759334779772,1001.4253105495666,gamma_gamma_conditional_expectation,646.3,360.25,High risk / High value
12625,0.2108182966709137,True,3.0,385.0,413.0,1266.3966666666665,1.3404898625888928,1274.758300424698,gamma_gamma_conditional_expectation,1708.8,360.25,Low risk / High value
14407,0.31679787039756774,False,1.0,71.0,93.0,645.5,1.7117328844461537,664.1972540834906,gamma_gamma_conditional_expectation,1136.93,360.18,Low risk / High value
14566,0.4531506597995758,False,2.0,116.0,350.0,907.5,0.8647526401978969,918.1771872374886,gamma_gamma_conditional_expectation,794.0,359.8,High risk / High value
14249,0.3091788232326508,True,7.0,269.0,496.0,756.7871428571428,1.5295805587910623,759.6007655690727,gamma_gamma_conditional_expectation,1161.87,359.23,Low risk / High value
12578,0.2676178812980652,False,2.0,113.0,260.0,1068.3700000000001,1.2422656742181037,1079.8931176442259,gamma_gamma_conditional_expectation,1341.51,359.01,Low risk / High value
12798,0.5833041191101074,False,0.0,0.0,238.0,0.0,0.40109944258974356,1533.89,own_observed_transaction (Gamma-Gamma unstable at frequency=0),615.24,358.87,High risk / High value
17107,0.12829545736312867,False,5.0,469.0,494.0,1552.882,1.7927073868713557,1558.4926620853255,gamma_gamma_conditional_expectation,2793.92,358.45,Low risk / High value
12687,0.5715378522872925,True,0.0,0.0,297.0,0.0,0.3371732540665695,1858.91,own_observed_transaction (Gamma-Gamma unstable at frequency=0),626.77,358.22,High risk / High value
13270,0.6228933215141297,True,0.0,0.0,183.0,0.0,0.4873325790692348,1180.0,own_observed_transaction (Gamma-Gamma unstable at frequency=0),575.05,358.19,High risk / High value
15221,0.43575791716575624,True,3.0,271.0,454.0,714.0333333333333,1.1324972253295718,720.4619638542749,gamma_gamma_conditional_expectation,815.92,355.54,Low risk / High value
15104,0.31679787039756774,True,1.0,86.0,99.0,652.8,1.6652895965823573,671.5744336226046,gamma_gamma_conditional_expectation,1118.37,354.3,Low risk / High value
15299,0.19324253499507904,False,4.0,433.0,513.0,1297.005,1.4035828253781393,1303.351009050642,gamma_gamma_conditional_expectation,1829.36,353.51,Low risk / High value
15061,0.010793289542198181,False,55.0,554.0,555.0,2023.432909090909,16.159337549438582,2024.0315226472492,gamma_gamma_conditional_expectation,32707.01,353.02,Low risk / High value
14105,0.19324253499507904,True,4.0,482.0,538.0,1335.6325000000002,1.3571360533601289,1342.0798035390442,gamma_gamma_conditional_expectation,1821.38,351.97,Low risk / High value
15676,0.5427154898643494,False,0.0,0.0,100.0,0.0,0.7222734646261884,897.8,own_observed_transaction (Gamma-Gamma unstable at frequency=0),648.46,351.93,High risk / High value
13124,0.16362879127264024,False,2.0,133.0,202.0,1287.06,1.6471636294104663,1299.7330929077882,gamma_gamma_conditional_expectation,2140.87,350.31,Low risk / High value
13341,0.5405466914176941,True,0.0,0.0,77.0,0.0,0.8340852754935126,775.85,own_observed_transaction (Gamma-Gamma unstable at frequency=0),647.13,349.8,High risk / High value
16279,0.2965662062168121,False,5.0,211.0,413.0,742.1360000000001,1.5739155279632382,746.0467114825203,gamma_gamma_conditional_expectation,1174.21,348.23,Low risk / High value
13696,0.5319321513175964,True,2.0,245.0,483.0,857.2,0.7531507239266138,867.6126860908555,gamma_gamma_conditional_expectation,653.44,347.59,High risk / High value
15817,0.4331237733364105,True,2.0,123.0,360.0,930.0749999999999,0.8527053506493348,940.8708972451475,gamma_gamma_conditional_expectation,802.29,347.49,Low risk / High value
13334,0.20070673525333405,False,3.0,462.0,469.0,1422.3833333333332,1.2079264133678251,1431.2908446205447,gamma_gamma_conditional_expectation,1728.89,347.0,Low risk / High value
12424,0.5365681767463684,False,1.0,126.0,365.0,1132.53,0.5576132616973541,1156.3763980471495,gamma_gamma_conditional_expectation,644.81,345.98,High risk / High value
15108,0.3458887755870819,False,1.0,40.0,44.0,387.05,2.475086876280703,403.0147812226655,gamma_gamma_conditional_expectation,997.5,345.02,Low risk / High value
14544,0.4284809172153473,False,1.0,109.0,287.0,1121.92,0.7021980776470008,1145.654223401944,gamma_gamma_conditional_expectation,804.48,344.7,Low risk / High value
12666,0.6273078441619873,True,0.0,0.0,211.0,0.0,0.43924082417396304,1248.42,own_observed_transaction (Gamma-Gamma unstable at frequency=0),548.36,343.99,High risk / High value
16682,0.39552911520004275,False,0.0,0.0,4.0,0.0,1.6512608657716208,525.5,own_observed_transaction (Gamma-Gamma unstable at frequency=0),867.74,343.22,Low risk / High value
12615,0.4035755038261414,False,2.0,218.0,448.0,1057.155,0.795758561496741,1068.6191438796234,gamma_gamma_conditional_expectation,850.36,343.18,Low risk / High value
15050,0.5281712293624878,False,1.0,59.0,297.0,1070.21,0.5941418625157208,1093.3975173789868,gamma_gamma_conditional_expectation,649.63,343.12,High risk / High value
18080,0.4284809172153473,False,0.0,0.0,59.0,0.0,0.9493513652393183,841.5,own_observed_transaction (Gamma-Gamma unstable at frequency=0),798.88,342.3,Low risk / High value
16270,0.5833041191101074,True,0.0,0.0,170.0,0.0,0.5134499285791174,1141.24,own_observed_transaction (Gamma-Gamma unstable at frequency=0),585.97,341.8,High risk / High value
15310,0.6157037734985351,True,0.0,0.0,295.0,0.0,0.33900395783377174,1634.64,own_observed_transaction (Gamma-Gamma unstable at frequency=0),554.15,341.19,High risk / High value
16501,0.5990371108055115,True,0.0,0.0,200.0,0.0,0.456951908985628,1237.23,own_observed_transaction (Gamma-Gamma unstable at frequency=0),565.35,338.67,High risk / High value
16684,0.010793289542198181,False,26.0,527.0,549.0,4016.001153846154,7.765769421891829,4018.069816750309,gamma_gamma_conditional_expectation,31203.4,336.79,Low risk / High value
14014,0.49859818816185,False,1.0,200.0,393.0,1166.37,0.5655968671397587,1190.574172787371,gamma_gamma_conditional_expectation,673.39,335.75,High risk / High value
18248,0.40352911353111265,False,0.0,0.0,3.0,0.0,1.6739444560949142,496.46,own_observed_transaction (Gamma-Gamma unstable at frequency=0),831.05,335.35,Low risk / High value
15464,0.5815932035446167,True,0.0,0.0,155.0,0.0,0.5473118504086132,1048.85,own_observed_transaction (Gamma-Gamma unstable at frequency=0),574.05,333.86,High risk / High value
16951,0.4871299505233765,False,0.0,0.0,121.0,0.0,0.6436342034029915,1053.79,own_observed_transaction (Gamma-Gamma unstable at frequency=0),678.26,330.4,High risk / High value
12589,0.4331237733364105,False,2.0,268.0,506.0,1029.365,0.7315215717046868,1040.6830109399627,gamma_gamma_conditional_expectation,761.28,329.73,Low risk / High value
15813,0.27304708063602445,True,1.0,32.0,56.0,533.26,2.189048772032454,550.7705922382632,gamma_gamma_conditional_expectation,1205.66,329.2,Low risk / High value
12539,0.19324253499507904,False,4.0,454.0,533.0,1246.7575,1.358981534697315,1252.9717429563832,gamma_gamma_conditional_expectation,1702.77,329.05,Low risk / High value
12886,0.36788120269775393,False,0.0,0.0,36.0,0.0,1.1536828049960848,775.0,own_observed_transaction (Gamma-Gamma unstable at frequency=0),894.1,328.92,Low risk / High value
17829,0.2563860297203064,True,4.0,357.0,472.0,861.61,1.4791434360227103,866.8142547621742,gamma_gamma_conditional_expectation,1282.14,328.72,Low risk / High value
12597,0.2535876214504242,False,1.0,85.0,85.0,688.66,1.831136773668185,707.8135648928278,gamma_gamma_conditional_expectation,1296.1,328.67,Low risk / High value
16320,0.19324253499507904,False,4.0,468.0,498.0,1155.015,1.4601225436913157,1160.988662810057,gamma_gamma_conditional_expectation,1695.19,327.58,Low risk / High value
12878,0.3382697284221649,True,1.0,30.0,83.0,539.81,1.73709747813334,557.3898423726737,gamma_gamma_conditional_expectation,968.24,327.53,Low risk / High value
16253,0.20361290574073793,False,5.0,476.0,548.0,989.512,1.618316663006474,993.9414028856471,gamma_gamma_conditional_expectation,1608.51,327.51,Low risk / High value
16116,0.4284809172153473,True,0.0,0.0,28.0,0.0,1.247341050555118,612.78,own_observed_transaction (Gamma-Gamma unstable at frequency=0),764.35,327.51,Low risk / High value
13893,0.5971997261047364,True,0.0,0.0,114.0,0.0,0.6678608871637426,821.1,own_observed_transaction (Gamma-Gamma unstable at frequency=0),548.38,327.49,High risk / High value
13615,0.18490920066833497,True,7.0,362.0,497.0,780.6257142857143,2.2481547500522856,783.475018536735,gamma_gamma_conditional_expectation,1761.37,325.69,Low risk / High value
16389,0.34859763979911806,False,1.0,78.0,100.0,550.52,1.6432428367325498,568.2130742718397,gamma_gamma_conditional_expectation,933.71,325.49,Low risk / High value
14329,0.15696212500333787,False,9.0,450.0,540.0,746.37,2.7652330665682934,748.5455221996091,gamma_gamma_conditional_expectation,2069.9,324.9,Low risk / High value
14213,0.6411785125732422,True,0.0,0.0,221.0,0.0,0.4242945483943226,1192.2,own_observed_transaction (Gamma-Gamma unstable at frequency=0),505.84,324.33,High risk / High value
15828,0.6157037734985351,True,0.0,0.0,192.0,0.0,0.470760657470698,1108.82,own_observed_transaction (Gamma-Gamma unstable at frequency=0),521.99,321.39,High risk / High value
12770,0.28267852663993837,True,1.0,246.0,273.0,1351.45,0.825246251639074,1377.6109384174022,gamma_gamma_conditional_expectation,1136.87,321.37,Low risk / High value
12710,0.3571347057819366,False,0.0,0.0,18.0,0.0,1.3885611299365885,646.96,own_observed_transaction (Gamma-Gamma unstable at frequency=0),898.34,320.83,Low risk / High value
15782,0.588066017627716,False,0.0,0.0,247.0,0.0,0.3898204816649439,1399.36,own_observed_transaction (Gamma-Gamma unstable at frequency=0),545.5,320.79,High risk / High value
12371,0.47978479862213136,False,1.0,236.0,462.0,1331.74,0.4911213765333583,1357.6925536617941,gamma_gamma_conditional_expectation,666.79,319.92,High risk / High value
16003,0.27710674703121185,False,4.0,377.0,553.0,917.8975,1.2483989844904437,923.2493597978594,gamma_gamma_conditional_expectation,1152.58,319.39,Low risk / High value
15321,0.19324253499507904,False,5.0,383.0,491.0,941.8459999999999,1.7450758891762679,946.1754580873584,gamma_gamma_conditional_expectation,1651.15,319.07,Low risk / High value
13297,0.41116358041763307,False,2.0,157.0,359.0,811.1,0.938354076281134,821.2702705270426,gamma_gamma_conditional_expectation,770.64,316.86,Low risk / High value
14175,0.22118866741657256,False,5.0,298.0,444.0,785.4399999999999,1.811274541761114,789.4415101554756,gamma_gamma_conditional_expectation,1429.9,316.28,Low risk / High value
16754,0.27710674703121185,True,18.0,269.0,458.0,3617.137222222222,0.31475845108430545,3619.893863688214,gamma_gamma_conditional_expectation,1139.39,315.73,Low risk / High value
15485,0.27710674703121185,False,4.0,402.0,555.0,893.325,1.267798176617357,898.6124223163692,gamma_gamma_conditional_expectation,1139.26,315.7,Low risk / High value
14364,0.09123791381716728,False,2.0,24.0,28.0,721.35,4.720149419528554,731.048322656062,gamma_gamma_conditional_expectation,3450.66,314.83,Low risk / High value
18194,0.4331237733364105,False,4.0,242.0,497.0,639.47,1.127562468054315,644.0917278667339,gamma_gamma_conditional_expectation,726.25,314.56,Low risk / High value
17145,0.4557848036289215,True,2.0,146.0,475.0,1111.94,0.6139548118450445,1123.6922292736253,gamma_gamma_conditional_expectation,689.9,314.45,High risk / High value
15491,0.22118866741657256,False,1.0,17.0,52.0,622.47,2.2122297825228108,640.9237684963953,gamma_gamma_conditional_expectation,1417.87,313.62,Low risk / High value
18232,0.3382697284221649,False,1.0,5.0,14.0,263.13,3.3248485125606706,277.7846321148557,gamma_gamma_conditional_expectation,923.59,312.42,Low risk / High value
17353,0.5822765588760376,False,1.0,133.0,441.0,1160.0,0.4531094290894788,1184.1368257100894,gamma_gamma_conditional_expectation,536.54,312.41,High risk / High value
16336,0.4531506597995758,True,2.0,211.0,448.0,864.895,0.7873914643816837,875.3481500336654,gamma_gamma_conditional_expectation,689.24,312.33,High risk / High value
15832,0.4284809172153473,True,0.0,0.0,71.0,0.0,0.8692394899276716,836.79,own_observed_transaction (Gamma-Gamma unstable at frequency=0),727.37,311.66,Low risk / High value
16494,0.5609864950180053,True,0.0,0.0,113.0,0.0,0.6714724736790864,826.53,own_observed_transaction (Gamma-Gamma unstable at frequency=0),554.99,311.34,High risk / High value
14956,0.5833041191101074,True,0.0,0.0,238.0,0.0,0.40109944258974356,1325.0,own_observed_transaction (Gamma-Gamma unstable at frequency=0),531.46,310.0,High risk / High value
17970,0.42577205300331117,True,0.0,0.0,28.0,0.0,1.247341050555118,582.59,own_observed_transaction (Gamma-Gamma unstable at frequency=0),726.69,309.4,Low risk / High value
17838,0.1720462992787361,False,9.0,338.0,447.0,574.9311111111111,3.1157471778239003,576.9071145240133,gamma_gamma_conditional_expectation,1797.5,309.25,Low risk / High value
13631,0.16362879127264024,False,2.0,66.0,84.0,625.0,2.9795063423768164,634.191668869221,gamma_gamma_conditional_expectation,1889.58,309.19,Low risk / High value
15100,0.3656077444553375,True,6.0,368.0,518.0,446.25,1.881781768567133,448.9909634738088,gamma_gamma_conditional_expectation,844.9,308.9,Low risk / High value
16795,0.42089284062385557,True,2.0,318.0,500.0,937.21,0.7738532285163553,948.0434164435815,gamma_gamma_conditional_expectation,733.65,308.79,Low risk / High value
13206,0.2965662062168121,True,11.0,332.0,549.0,664.5909090909091,1.5622250803676165,666.2926523631379,gamma_gamma_conditional_expectation,1040.9,308.7,Low risk / High value
17977,0.5609864950180053,False,0.0,0.0,217.0,0.0,0.4301488806800971,1277.49,own_observed_transaction (Gamma-Gamma unstable at frequency=0),549.51,308.27,High risk / High value
13958,0.2563860297203064,True,4.0,355.0,551.0,974.4200000000001,1.2260764668804571,979.920081083749,gamma_gamma_conditional_expectation,1201.46,308.04,Low risk / High value
12674,0.4284809172153473,False,0.0,0.0,24.0,0.0,1.3001919490547593,550.74,own_observed_transaction (Gamma-Gamma unstable at frequency=0),716.07,306.82,Low risk / High value
14973,0.4284809172153473,False,0.0,0.0,42.0,0.0,1.0922630402549223,654.6,own_observed_transaction (Gamma-Gamma unstable at frequency=0),715.0,306.36,Low risk / High value
15442,0.5673132181167603,True,0.0,0.0,65.0,0.0,0.9075155073321886,594.0,own_observed_transaction (Gamma-Gamma unstable at frequency=0),539.06,305.82,High risk / High value
13316,0.12013942822813987,False,6.0,385.0,456.0,1136.4933333333333,2.2272540274696966,1140.4399453312537,gamma_gamma_conditional_expectation,2540.05,305.16,Low risk / High value
16718,0.3256571114063263,True,4.0,364.0,550.0,749.9275,1.2412275172169558,754.8388851304104,gamma_gamma_conditional_expectation,936.93,305.12,Low risk / High value
13365,0.3699213802814484,False,0.0,0.0,34.0,0.0,1.1757386201319502,700.6,own_observed_transaction (Gamma-Gamma unstable at frequency=0),823.72,304.71,Low risk / High value
15614,0.4284809172153473,True,2.0,189.0,443.0,909.69,0.7680551729970503,920.3787032913878,gamma_gamma_conditional_expectation,706.9,302.89,Low risk / High value
18026,0.6157037734985351,True,1.0,5.0,322.0,1328.65,0.3616888506790721,1354.569884514416,gamma_gamma_conditional_expectation,489.93,301.65,High risk / High value
14267,0.431115061044693,False,0.0,0.0,77.0,0.0,0.8340852754935126,836.36,own_observed_transaction (Gamma-Gamma unstable at frequency=0),697.6,300.75,Low risk / High value
16072,0.23286690413951874,True,2.0,261.0,366.0,1234.625,1.0349883986408377,1247.0223649232214,gamma_gamma_conditional_expectation,1290.65,300.55,Low risk / High value
14245,0.23286690413951874,True,1.0,44.0,80.0,688.35,1.8228210050649947,707.5002874055504,gamma_gamma_conditional_expectation,1289.65,300.32,Low risk / High value
13722,0.19324253499507904,False,4.0,364.0,463.0,1014.7325000000001,1.516449599038943,1020.3382942172344,gamma_gamma_conditional_expectation,1547.29,299.0,Low risk / High value
12377,0.33365710973739626,True,3.0,274.0,406.0,685.12,1.2928017246448853,691.4474479051602,gamma_gamma_conditional_expectation,893.9,298.26,Low risk / High value
17932,0.4057513356208801,False,0.0,0.0,28.0,0.0,1.247341050555118,589.01,own_observed_transaction (Gamma-Gamma unstable at frequency=0),734.7,298.11,Low risk / High value
14673,0.36691595911979674,False,2.0,42.0,226.0,747.12,1.070472346588881,756.9538334820807,gamma_gamma_conditional_expectation,810.3,297.31,Low risk / High value
18073,0.23601185977458955,False,2.0,12.0,14.0,220.62,5.517848451231975,227.68524792139777,gamma_gamma_conditional_expectation,1256.33,296.51,Low risk / High value
14290,0.42089284062385557,False,3.0,370.0,548.0,702.9466666666667,0.992931599994127,709.3364992420136,gamma_gamma_conditional_expectation,704.32,296.44,Low risk / High value
14081,0.2108182966709137,True,7.0,427.0,546.0,654.0114285714286,2.136368443415991,656.6712167434883,gamma_gamma_conditional_expectation,1402.89,295.75,Low risk / High value
12349,0.4671030640602112,False,1.0,182.0,406.0,1152.62,0.5365744644953506,1176.6788003678068,gamma_gamma_conditional_expectation,631.38,294.92,High risk / High value
17426,0.20361290574073793,False,3.0,378.0,477.0,1237.4766666666667,1.1600269984076228,1245.7370944788233,gamma_gamma_conditional_expectation,1445.09,294.24,Low risk / High value
13744,0.47978479862213136,False,0.0,0.0,109.0,0.0,0.6863206498837101,893.16,own_observed_transaction (Gamma-Gamma unstable at frequency=0),612.99,294.1,High risk / High value
13151,0.42089284062385557,True,2.0,332.0,444.0,779.685,0.8838450484458694,789.690075626019,gamma_gamma_conditional_expectation,697.96,293.77,Low risk / High value
13044,0.20219447314739228,True,10.0,409.0,517.0,467.65500000000003,3.081668321973178,469.3208470670673,gamma_gamma_conditional_expectation,1446.29,292.43,Low risk / High value
15067,0.28267852663993837,False,2.0,325.0,424.0,1108.2649999999999,0.9229935364878048,1119.9979043886574,gamma_gamma_conditional_expectation,1033.75,292.22,Low risk / High value
15165,0.6281152606010437,True,0.0,0.0,190.0,0.0,0.47434477237893985,975.5,own_observed_transaction (Gamma-Gamma unstable at frequency=0),462.72,290.64,High risk / High value
12456,0.4284809172153473,False,0.0,0.0,71.0,0.0,0.8692394899276716,780.17,own_observed_transaction (Gamma-Gamma unstable at frequency=0),678.15,290.57,Low risk / High value
15804,0.38392606377601624,False,0.0,0.0,15.0,0.0,1.4374749976254422,525.36,own_observed_transaction (Gamma-Gamma unstable at frequency=0),755.19,289.94,Low risk / High value
15228,0.23286690413951874,False,2.0,205.0,316.0,1069.0,1.152287876892619,1080.5264304816487,gamma_gamma_conditional_expectation,1245.08,289.94,Low risk / High value
13107,0.2321733444929123,False,5.0,340.0,490.0,736.3979999999999,1.683172457479342,740.2966801970634,gamma_gamma_conditional_expectation,1246.05,289.3,Low risk / High value
14286,0.19324253499507904,False,3.0,493.0,552.0,1430.1899999999998,1.037264291315448,1439.1248308267732,gamma_gamma_conditional_expectation,1492.75,288.46,Low risk / High value
12815,0.40352911353111265,False,0.0,0.0,15.0,0.0,1.4374749976254422,495.36,own_observed_transaction (Gamma-Gamma unstable at frequency=0),712.07,287.34,Low risk / High value
14603,0.5699817061424255,True,0.0,0.0,91.0,0.0,0.7622313006339315,660.0,own_observed_transaction (Gamma-Gamma unstable at frequency=0),503.07,286.74,High risk / High value
17870,0.5574022650718689,False,1.0,15.0,198.0,652.8,0.7652640534254918,671.5744336226046,gamma_gamma_conditional_expectation,513.93,286.47,High risk / High value
12406,0.2049207717180252,False,3.0,514.0,514.0,1238.37,1.1167188245070017,1246.633554044694,gamma_gamma_conditional_expectation,1392.14,285.28,Low risk / High value
16714,0.4907220959663391,True,1.0,353.0,487.0,1146.53,0.4963226220677102,1170.5244136016147,gamma_gamma_conditional_expectation,580.96,285.09,High risk / High value
15838,0.019258898124098776,False,20.0,534.0,541.0,2411.6899999999996,6.117151582398235,2413.5399377769995,gamma_gamma_conditional_expectation,14763.99,284.34,Low risk / High value
17920,0.04562543779611587,False,38.0,533.0,550.0,552.0447368421053,11.262132668617634,552.5060196884083,gamma_gamma_conditional_expectation,6222.4,283.9,Low risk / High value
15376,0.38621177673339846,False,0.0,0.0,39.0,0.0,1.1221240362490197,654.17,own_observed_transaction (Gamma-Gamma unstable at frequency=0),734.06,283.5,Low risk / High value
16022,0.540329098701477,True,0.0,0.0,77.0,0.0,0.8340852754935126,628.28,own_observed_transaction (Gamma-Gamma unstable at frequency=0),524.04,283.15,High risk / High value
15638,0.38892064094543455,True,4.0,232.0,427.0,509.45,1.4166696746898941,513.730771051459,gamma_gamma_conditional_expectation,727.79,283.05,Low risk / High value
14431,0.36854363679885865,True,3.0,385.0,504.0,692.3166666666666,1.0985392557542641,698.6692994078278,gamma_gamma_conditional_expectation,767.52,282.86,Low risk / High value
15973,0.5971997261047364,True,1.0,62.0,245.0,615.64,0.7464687560817275,634.0215580508954,gamma_gamma_conditional_expectation,473.28,282.64,High risk / High value
16644,0.31679787039756774,False,0.0,0.0,29.0,0.0,1.2348005832680258,722.41,own_observed_transaction (Gamma-Gamma unstable at frequency=0),892.03,282.59,Low risk / High value
14866,0.2965662062168121,False,5.0,78.0,261.0,813.3599999999999,1.1638183315238522,817.4200520672831,gamma_gamma_conditional_expectation,951.33,282.13,Low risk / High value
17015,0.31679787039756774,False,0.0,0.0,2.0,0.0,1.6972698393459487,524.5,own_observed_transaction (Gamma-Gamma unstable at frequency=0),890.22,282.02,Low risk / High value
17722,0.11275306567549706,False,3.0,186.0,192.0,1003.6733333333333,2.4706705980242156,1011.1155630991997,gamma_gamma_conditional_expectation,2498.13,281.67,Low risk / High value
12372,0.3726302444934845,False,1.0,84.0,113.0,479.7,1.5203681027583094,496.6443270170375,gamma_gamma_conditional_expectation,755.08,281.37,Low risk / High value
15476,0.3965087175369263,True,2.0,62.0,259.0,686.275,1.018426260032164,695.7888817471522,gamma_gamma_conditional_expectation,708.61,280.97,Low risk / High value
17937,0.17705247700214385,False,3.0,105.0,179.0,644.64,2.4369657687463153,650.8257875770475,gamma_gamma_conditional_expectation,1586.04,280.81,Low risk / High value
16521,0.5355163812637329,True,1.0,233.0,465.0,1052.89,0.48650311838886884,1075.8944009930342,gamma_gamma_conditional_expectation,523.43,280.31,High risk / High value
17272,0.19324253499507904,False,1.0,63.0,79.0,751.76,1.8790087735741166,771.5806921418821,gamma_gamma_conditional_expectation,1449.81,280.16,Low risk / High value
17850,0.27304708063602445,True,22.0,362.0,551.0,2468.0763636363636,0.41525303963639565,2469.7848720968154,gamma_gamma_conditional_expectation,1025.59,280.03,Low risk / High value
16871,0.12680609449744223,False,2.0,60.0,87.0,751.4,2.895134680484261,761.2563397426688,gamma_gamma_conditional_expectation,2203.94,279.47,Low risk / High value
15311,0.010793289542198181,False,149.0,553.0,555.0,594.7070469798658,43.47106915603268,594.8276611693184,gamma_gamma_conditional_expectation,25857.79,279.09,Low risk / High value
13493,0.5319321513175964,True,1.0,12.0,104.0,359.28,1.3982195511023754,374.95118179784396,gamma_gamma_conditional_expectation,524.26,278.87,High risk / High value
12767,0.6228933215141297,True,0.0,0.0,192.0,0.0,0.470760657470698,949.82,own_observed_transaction (Gamma-Gamma unstable at frequency=0),447.14,278.52,High risk / High value
13371,0.5609864950180053,True,1.0,127.0,449.0,1108.65,0.43759166135319877,1132.24392580139,gamma_gamma_conditional_expectation,495.46,277.95,High risk / High value
13815,0.23286690413951874,False,4.0,347.0,482.0,826.8824999999999,1.434569570336538,831.9956874048256,gamma_gamma_conditional_expectation,1193.56,277.94,Low risk / High value
17857,0.07509313225746155,False,9.0,435.0,458.0,1124.3377777777778,3.2831626425729032,1126.9531749259781,gamma_gamma_conditional_expectation,3699.97,277.84,Low risk / High value
13031,0.36691595911979674,True,4.0,147.0,371.0,610.2574999999999,1.2294036710567016,614.8026227216313,gamma_gamma_conditional_expectation,755.84,277.33,Low risk / High value
17133,0.07509313225746155,False,7.0,438.0,445.0,1370.7514285714285,2.673391974202043,1374.4840321344864,gamma_gamma_conditional_expectation,3674.53,275.93,Low risk / High value
12620,0.3656077444553375,False,0.0,0.0,21.0,0.0,1.3429059055287282,561.66,own_observed_transaction (Gamma-Gamma unstable at frequency=0),754.26,275.76,Low risk / High value
16555,0.5355163812637329,False,0.0,0.0,322.0,0.0,0.3158556932470465,1629.79,own_observed_transaction (Gamma-Gamma unstable at frequency=0),514.78,275.67,High risk / High value
17814,0.4531506597995758,True,1.0,47.0,239.0,814.2,0.7287936180935437,834.6808415147972,gamma_gamma_conditional_expectation,608.31,275.66,High risk / High value
16563,0.32836597561836245,False,4.0,338.0,555.0,701.64,1.187088301054734,706.4247588250913,gamma_gamma_conditional_expectation,838.59,275.36,Low risk / High value
13089,0.010793289542198181,False,101.0,552.0,554.0,862.1272277227723,29.570867754699805,862.3328726251539,gamma_gamma_conditional_expectation,25499.93,275.23,Low risk / High value
13464,0.3458887755870819,False,3.0,224.0,435.0,707.8733333333333,1.1105619741650339,714.280406847823,gamma_gamma_conditional_expectation,793.25,274.38,Low risk / High value
17341,0.4284809172153473,False,1.0,174.0,357.0,1027.2,0.6097978638222404,1049.9327924505903,gamma_gamma_conditional_expectation,640.25,274.33,Low risk / High value
15946,0.5305713415145874,True,1.0,131.0,450.0,1149.16,0.44023085770379783,1173.182219380775,gamma_gamma_conditional_expectation,516.47,274.02,High risk / High value
15147,0.4555921971797943,True,0.0,0.0,57.0,0.0,0.9641754835206932,623.5,own_observed_transaction (Gamma-Gamma unstable at frequency=0),601.16,273.88,High risk / High value
15116,0.42089284062385557,False,0.0,0.0,21.0,0.0,1.3429059055287282,479.65,own_observed_transaction (Gamma-Gamma unstable at frequency=0),644.12,271.11,Low risk / High value
17593,0.2307572156190872,False,6.0,383.0,552.0,664.725,1.754124218330766,667.8475739125988,gamma_gamma_conditional_expectation,1171.49,270.33,Low risk / High value
17553,0.5219449400901794,False,2.0,138.0,427.0,727.0,0.7028110248180941,736.7280330234273,gamma_gamma_conditional_expectation,517.78,270.25,High risk / High value
18202,0.20361290574073793,True,1.0,112.0,128.0,911.26,1.4225522649753306,932.7670122088257,gamma_gamma_conditional_expectation,1326.91,270.18,Low risk / High value
13337,0.5990371108055115,True,0.0,0.0,363.0,0.0,0.2861918475880832,1575.26,own_observed_transaction (Gamma-Gamma unstable at frequency=0),450.83,270.06,High risk / High value
12380,0.17649169266223907,False,3.0,477.0,479.0,1278.9133333333332,1.1871119607224458,1287.3187693420286,gamma_gamma_conditional_expectation,1528.19,269.71,Low risk / High value
14932,0.540329098701477,True,1.0,20.0,202.0,627.06,0.7723213824869879,645.5622964531806,gamma_gamma_conditional_expectation,498.58,269.4,High risk / High value
18204,0.31679787039756774,False,0.0,0.0,9.0,0.0,1.5465957038132596,549.43,own_observed_transaction (Gamma-Gamma unstable at frequency=0),849.75,269.2,Low risk / High value
13523,0.11275306567549706,False,2.0,203.0,219.0,1468.095,1.6088301879202038,1481.720060404423,gamma_gamma_conditional_expectation,2383.84,268.79,Low risk / High value
15980,0.18490920066833497,False,2.0,302.0,373.0,1388.68,1.036683000085639,1401.8874588425967,gamma_gamma_conditional_expectation,1453.31,268.73,Low risk / High value
14214,0.5609864950180053,False,0.0,0.0,94.0,0.0,0.7484262546508726,638.65,own_observed_transaction (Gamma-Gamma unstable at frequency=0),477.98,268.14,High risk / High value
14759,0.4551150560379028,False,0.0,0.0,49.0,0.0,1.0284613855299178,572.25,own_observed_transaction (Gamma-Gamma unstable at frequency=0),588.54,267.85,High risk / High value
17671,0.2535876214504242,False,2.0,164.0,192.0,590.455,1.7612521115476192,599.4650149505244,gamma_gamma_conditional_expectation,1055.81,267.74,Low risk / High value
16938,0.20361290574073793,False,5.0,352.0,477.0,740.9159999999999,1.7624757209351876,744.8241534190387,gamma_gamma_conditional_expectation,1312.73,267.29,Low risk / High value
14934,0.27710674703121185,False,2.0,159.0,258.0,705.5350000000001,1.347757507262655,715.1501599197996,gamma_gamma_conditional_expectation,963.85,267.09,Low risk / High value
15146,0.4631299555301666,False,0.0,0.0,108.0,0.0,0.6901365392136817,834.22,own_observed_transaction (Gamma-Gamma unstable at frequency=0),575.73,266.64,High risk / High value
14004,0.22296104729175567,False,2.0,147.0,252.0,867.3399999999999,1.3603244912241257,877.80600699795,gamma_gamma_conditional_expectation,1194.1,266.24,Low risk / High value
12684,0.2535876214504242,False,1.0,16.0,30.0,362.0,2.7793102117146575,377.69993910556866,gamma_gamma_conditional_expectation,1049.75,266.2,Low risk / High value
18093,0.22118866741657256,False,5.0,321.0,435.0,622.902,1.9106738019858844,626.562704809438,gamma_gamma_conditional_expectation,1197.16,264.8,Low risk / High value
12873,0.42089284062385557,True,2.0,399.0,498.0,767.45,0.8076936194538132,777.390738219875,gamma_gamma_conditional_expectation,627.89,264.27,Low risk / High value
17443,0.4284809172153473,True,0.0,0.0,36.0,0.0,1.1536828049960848,534.24,own_observed_transaction (Gamma-Gamma unstable at frequency=0),616.34,264.09,Low risk / High value
12631,0.4115120112895966,False,3.0,237.0,510.0,700.9633333333333,0.9061284611503271,707.3462252058453,gamma_gamma_conditional_expectation,640.95,263.76,Low risk / High value
14295,0.4771506547927856,False,2.0,292.0,547.0,798.9300000000001,0.6832022193312778,809.0362749215849,gamma_gamma_conditional_expectation,552.74,263.74,High risk / High value
17625,0.20026515424251556,False,4.0,467.0,541.0,973.84,1.3438391843029247,979.3385601257975,gamma_gamma_conditional_expectation,1316.07,263.56,Low risk / High value
14490,0.518360710144043,True,1.0,22.0,245.0,796.39,0.6223028780190292,816.6825445844381,gamma_gamma_conditional_expectation,508.22,263.44,High risk / High value
17822,0.4331237733364105,True,1.0,140.0,377.0,1079.16,0.5506091716572646,1102.4421416084485,gamma_gamma_conditional_expectation,607.01,262.91,Low risk / High value
12472,0.07326689809560775,False,14.0,458.0,542.0,862.9207142857142,4.143088380989181,864.4058444591185,gamma_gamma_conditional_expectation,3581.31,262.39,Low risk / High value
16527,0.6319721579551697,False,0.0,0.0,241.0,0.0,0.39726773535803417,1044.38,own_observed_transaction (Gamma-Gamma unstable at frequency=0),414.9,262.21,High risk / High value
14212,0.6287670254707336,False,0.0,0.0,262.0,0.0,0.37237249544261014,1119.66,own_observed_transaction (Gamma-Gamma unstable at frequency=0),416.93,262.15,High risk / High value
12535,0.42089284062385557,False,0.0,0.0,3.0,0.0,1.6739444560949142,371.45,own_observed_transaction (Gamma-Gamma unstable at frequency=0),621.79,261.71,Low risk / High value
12389,0.5196419596672058,True,2.0,253.0,472.0,634.24,0.7814057296437079,643.4802571514256,gamma_gamma_conditional_expectation,502.82,261.29,High risk / High value
12766,0.07160023152828217,False,5.0,167.0,224.0,1092.8,3.3136456462579806,1097.4459744109615,gamma_gamma_conditional_expectation,3636.55,260.38,Low risk / High value
12803,0.57945796251297,True,0.0,0.0,210.0,0.0,0.44079378421511184,1017.81,own_observed_transaction (Gamma-Gamma unstable at frequency=0),448.64,259.97,High risk / High value
13811,0.3699213802814484,True,1.0,56.0,56.0,297.0,2.2494468162622847,312.01272403126563,gamma_gamma_conditional_expectation,701.86,259.63,Low risk / High value
16013,0.027106919139623643,False,35.0,547.0,548.0,910.7474285714286,10.463038963998892,911.355514474546,gamma_gamma_conditional_expectation,9535.55,258.48,Low risk / High value
15876,0.5609864950180053,True,1.0,39.0,265.0,718.34,0.6242223183734427,737.8073578682943,gamma_gamma_conditional_expectation,460.56,258.37,High risk / High value
14226,0.2108182966709137,False,2.0,231.0,258.0,854.7,1.4141135609224922,865.0995399106054,gamma_gamma_conditional_expectation,1223.35,257.9,Low risk / High value
13108,0.4933562397956848,True,1.0,63.0,252.0,700.12,0.7262901910479382,719.3947261966972,gamma_gamma_conditional_expectation,522.49,257.77,High risk / High value
13030,0.6228933215141297,False,0.0,0.0,185.0,0.0,0.48354946947915173,855.48,own_observed_transaction (Gamma-Gamma unstable at frequency=0),413.67,257.67,High risk / High value
12585,0.3227506011724472,True,1.0,117.0,168.0,669.25,1.1599248331145484,688.1983518991013,gamma_gamma_conditional_expectation,798.26,257.64,Low risk / High value
18259,0.4092897891998291,False,4.0,365.0,548.0,499.875,1.2482930949521138,504.13066213355205,gamma_gamma_conditional_expectation,629.3,257.57,Low risk / High value
16991,0.6157037734985351,True,0.0,0.0,238.0,0.0,0.40109944258974356,1041.21,own_observed_transaction (Gamma-Gamma unstable at frequency=0),417.63,257.14,High risk / High value
16053,0.4168778657913208,False,2.0,197.0,427.0,745.115,0.8168051901891302,754.93829024552,gamma_gamma_conditional_expectation,616.64,257.06,Low risk / High value
13635,0.4871299505233765,False,2.0,296.0,555.0,772.88,0.6740476573473463,782.8492917233782,gamma_gamma_conditional_expectation,527.68,257.05,High risk / High value
14857,0.41116358041763307,False,2.0,192.0,451.0,817.63,0.7548136111821294,827.834608349856,gamma_gamma_conditional_expectation,624.86,256.92,Low risk / High value
14708,0.38892064094543455,False,2.0,87.0,272.0,599.78,1.084567102777369,608.8390502028574,gamma_gamma_conditional_expectation,660.33,256.82,Low risk / High value
14440,0.19324253499507904,False,8.0,421.0,554.0,566.46875,2.335875929021794,568.6809962048188,gamma_gamma_conditional_expectation,1328.37,256.7,Low risk / High value
13786,0.3256571114063263,True,5.0,369.0,553.0,527.17,1.4825357537603554,530.6299765035224,gamma_gamma_conditional_expectation,786.68,256.19,Low risk / High value
15363,0.5766869068145752,True,1.0,120.0,309.0,652.0,0.6618272060860149,670.7659755909209,gamma_gamma_conditional_expectation,443.93,256.01,High risk / High value
14036,0.5665988802909852,True,0.0,0.0,101.0,0.0,0.7180925102251418,626.65,own_observed_transaction (Gamma-Gamma unstable at frequency=0),449.99,254.96,High risk / High value
14469,0.4531506597995758,True,3.0,263.0,496.0,557.6866666666667,0.9980076385293648,563.5681598333761,gamma_gamma_conditional_expectation,562.45,254.87,High risk / High value
17924,0.4531506597995758,False,2.0,113.0,231.0,390.6,1.4095151511581403,398.5590830089664,gamma_gamma_conditional_expectation,561.78,254.57,High risk / High value
15903,0.168628790974617,False,6.0,467.0,511.0,735.82,2.042625411401147,739.066755599958,gamma_gamma_conditional_expectation,1509.64,254.57,Low risk / High value
14847,0.6047326803207398,False,1.0,157.0,381.0,734.75,0.5578041876216965,754.3908532432067,gamma_gamma_conditional_expectation,420.8,254.47,High risk / High value
15678,0.5052549123764039,False,1.0,127.0,339.0,809.71,0.6061377638015316,830.1433708119723,gamma_gamma_conditional_expectation,503.18,254.23,High risk / High value
12870,0.4062379777431488,True,2.0,249.0,441.0,733.825,0.8414630781986686,743.5889220955103,gamma_gamma_conditional_expectation,625.7,254.18,Low risk / High value
16858,0.23601185977458955,True,9.0,356.0,541.0,485.6022222222222,2.2071841956084715,487.47426560805883,gamma_gamma_conditional_expectation,1075.95,253.94,Low risk / High value
13849,0.4284809172153473,False,2.0,227.0,441.0,710.85,0.8208954893016067,720.4931086990114,gamma_gamma_conditional_expectation,591.45,253.43,Low risk / High value
14146,0.1168279267847538,False,6.0,441.0,512.0,1069.0200000000002,2.0206451248908652,1072.848756278319,gamma_gamma_conditional_expectation,2167.85,253.27,Low risk / High value
12514,0.4571237683296204,True,1.0,374.0,458.0,1017.68,0.5314683554063553,1040.3121418735539,gamma_gamma_conditional_expectation,552.89,252.74,High risk / High value
15655,0.477739417552948,True,0.0,0.0,60.0,0.0,0.9421104661848387,560.67,own_observed_transaction (Gamma-Gamma unstable at frequency=0),528.21,252.35,High risk / High value
13455,0.35659763813018797,False,4.0,364.0,547.0,561.2950000000001,1.2499279374875787,565.7117263359378,gamma_gamma_conditional_expectation,707.1,252.15,Low risk / High value
17787,0.3256571114063263,False,2.0,67.0,188.0,489.945,1.5533657815639141,498.42648591974705,gamma_gamma_conditional_expectation,774.24,252.14,Low risk / High value
16626,0.22118866741657256,False,1.0,82.0,83.0,596.13,1.8535842335578745,614.3052878032083,gamma_gamma_conditional_expectation,1138.67,251.86,Low risk / High value
13248,0.40034921169281007,False,0.0,0.0,6.0,0.0,1.6077151004019583,387.47,own_observed_transaction (Gamma-Gamma unstable at frequency=0),622.94,249.39,Low risk / High value
12917,0.34859763979911806,False,3.0,330.0,547.0,737.4333333333334,0.9613427349964003,743.9438524826801,gamma_gamma_conditional_expectation,715.19,249.31,Low risk / High value
12913,0.18490920066833497,False,10.0,456.0,555.0,454.566,2.951755208528286,456.2181391051519,gamma_gamma_conditional_expectation,1346.64,249.01,Low risk / High value
17597,0.17742064446210862,True,4.0,370.0,400.0,792.0675,1.7602346911541666,797.0893905926137,gamma_gamma_conditional_expectation,1403.06,248.93,Low risk / High value
15123,0.19324253499507904,False,3.0,427.0,450.0,1023.2233333333334,1.2476688714712065,1030.733978598572,gamma_gamma_conditional_expectation,1286.01,248.51,Low risk / High value
14744,0.18490920066833497,False,9.0,273.0,387.0,400.0211111111111,3.3443880307854807,401.79355609448146,gamma_gamma_conditional_expectation,1343.75,248.47,Low risk / High value
16624,0.40034921169281007,False,0.0,0.0,14.0,0.0,1.454565312118332,426.43,own_observed_transaction (Gamma-Gamma unstable at frequency=0),620.27,248.32,Low risk / High value
17406,0.20361290574073793,True,10.0,400.0,550.0,449.83500000000004,2.6978180474232225,451.48218438226854,gamma_gamma_conditional_expectation,1218.02,248.0,Low risk / High value
16621,0.4284809172153473,False,1.0,62.0,94.0,327.85,1.683859796222722,343.18888687806947,gamma_gamma_conditional_expectation,577.88,247.61,Low risk / High value
16940,0.22118866741657256,False,5.0,442.0,548.0,695.722,1.5961337163814777,699.5353918444603,gamma_gamma_conditional_expectation,1116.55,246.97,Low risk / High value
14154,0.12013942822813987,True,5.0,456.0,512.0,1186.072,1.7244560799253352,1190.913544654447,gamma_gamma_conditional_expectation,2053.68,246.73,Low risk / High value
15384,0.3825483202934265,False,2.0,233.0,409.0,706.225,0.9009581183556905,715.8437882655486,gamma_gamma_conditional_expectation,644.95,246.72,Low risk / High value
12749,0.16362879127264024,False,3.0,308.0,338.0,944.2266666666666,1.582098345121183,951.4608619882345,gamma_gamma_conditional_expectation,1505.3,246.31,Low risk / High value
17878,0.5439133286476135,False,0.0,0.0,212.0,0.0,0.43769880727370053,1032.88,own_observed_transaction (Gamma-Gamma unstable at frequency=0),452.09,245.9,High risk / High value
16131,0.11093488410115242,False,5.0,530.0,554.0,1359.4859999999999,1.622283644993802,1364.6911545073908,gamma_gamma_conditional_expectation,2213.92,245.6,Low risk / High value
15386,0.3713220298290253,True,0.0,0.0,3.0,0.0,1.6739444560949142,394.14,own_observed_transaction (Gamma-Gamma unstable at frequency=0),659.77,244.99,Low risk / High value
17092,0.19324253499507904,False,6.0,398.0,492.0,610.8033333333334,2.064719898193008,613.8317222321917,gamma_gamma_conditional_expectation,1267.39,244.91,Low risk / High value
14113,0.20361290574073793,False,11.0,377.0,548.0,464.0954545454546,2.571339857130816,465.6063281483783,gamma_gamma_conditional_expectation,1197.23,243.77,Low risk / High value
12545,0.532983946800232,False,0.0,0.0,76.0,0.0,0.8397439257356416,544.15,own_observed_transaction (Gamma-Gamma unstable at frequency=0),456.95,243.55,High risk / High value
12362,0.3458887755870819,False,1.0,70.0,112.0,450.24,1.5079442102385765,466.87286000028416,gamma_gamma_conditional_expectation,704.02,243.51,Low risk / High value
14933,0.5695945501327515,True,1.0,1.0,261.0,885.0,0.4716069357254709,906.2293773188073,gamma_gamma_conditional_expectation,427.38,243.43,High risk / High value
15270,0.11275306567549706,False,11.0,484.0,539.0,631.2654545454545,3.407804789831164,632.9354723179558,gamma_gamma_conditional_expectation,2156.92,243.2,Low risk / High value
15632,0.20361290574073793,False,2.0,49.0,91.0,423.935,2.7641203615488474,432.06937417642195,gamma_gamma_conditional_expectation,1194.29,243.17,Low risk / High value
13731,0.374429315328598,True,1.0,27.0,63.0,302.47,2.0390770595573713,317.5405558229031,gamma_gamma_conditional_expectation,647.49,242.44,Low risk / High value
12586,0.4571237683296204,False,2.0,349.0,540.0,721.69,0.7250748730608536,731.3901105365761,gamma_gamma_conditional_expectation,530.31,242.42,High risk / High value
16980,0.3083934962749481,True,2.0,173.0,245.0,539.48,1.4334410191226858,548.2219643352237,gamma_gamma_conditional_expectation,785.84,242.35,Low risk / High value
15891,0.4284809172153473,True,0.0,0.0,43.0,0.0,1.0826630360782759,521.97,own_observed_transaction (Gamma-Gamma unstable at frequency=0),565.12,242.14,Low risk / High value
12370,0.23286690413951874,False,4.0,394.0,485.0,704.5174999999999,1.4651150176450158,709.3098046121697,gamma_gamma_conditional_expectation,1039.22,242.0,Low risk / High value
13375,0.6391617059707642,False,0.0,0.0,261.0,0.0,0.3734868173812382,1013.58,own_observed_transaction (Gamma-Gamma unstable at frequency=0),378.56,241.96,High risk / High value
13707,0.182416670024395,True,3.0,269.0,353.0,881.7866666666667,1.4912546434292115,888.8023523319264,gamma_gamma_conditional_expectation,1325.43,241.78,Low risk / High value
15177,0.6411785125732422,True,0.0,0.0,242.0,0.0,0.3960067670704817,948.93,own_observed_transaction (Gamma-Gamma unstable at frequency=0),375.78,240.94,High risk / High value
12629,0.5448554754257202,True,1.0,38.0,240.0,613.86,0.6981331646093886,632.222738930399,gamma_gamma_conditional_expectation,441.38,240.49,High risk / High value
15265,0.28267852663993837,False,2.0,503.0,555.0,1128.81,0.7451368937835897,1140.6509396979534,gamma_gamma_conditional_expectation,849.94,240.26,Low risk / High value
14443,0.3458887755870819,False,2.0,69.0,196.0,455.95,1.4955892532115584,464.25272416070544,gamma_gamma_conditional_expectation,694.33,240.16,Low risk / High value
13979,0.3382697284221649,False,4.0,343.0,553.0,584.07,1.2016581302418954,588.5464501589487,gamma_gamma_conditional_expectation,707.23,239.23,Low risk / High value
16609,0.09972276166081429,False,2.0,55.0,69.0,715.0450000000001,3.306770400960402,724.7101679894712,gamma_gamma_conditional_expectation,2396.45,238.98,Low risk / High value
15468,0.5609864950180053,False,0.0,0.0,209.0,0.0,0.4423578046380255,962.97,own_observed_transaction (Gamma-Gamma unstable at frequency=0),425.98,238.97,High risk / High value
18085,0.4284809172153473,True,3.0,298.0,445.0,462.3333333333333,1.1914911380329518,467.88113617181546,gamma_gamma_conditional_expectation,557.48,238.87,Low risk / High value
17640,0.32836597561836245,False,4.0,247.0,443.0,518.3249999999999,1.3911307137703701,522.6290443304588,gamma_gamma_conditional_expectation,727.05,238.74,Low risk / High value
16969,0.3833294570446014,False,0.0,0.0,8.0,0.0,1.5664383487545646,397.36,own_observed_transaction (Gamma-Gamma unstable at frequency=0),622.44,238.6,Low risk / High value
13384,0.3825040340423584,False,3.0,110.0,317.0,517.23,1.1907278014131955,522.9699144939242,gamma_gamma_conditional_expectation,622.71,238.19,Low risk / High value
14612,0.6629733800888061,True,0.0,0.0,232.0,0.0,0.4089897094782953,877.7,own_observed_transaction (Gamma-Gamma unstable at frequency=0),358.97,237.99,High risk / High value
15750,0.1720462992787361,False,11.0,455.0,555.0,429.2872727272727,3.210849180049013,430.76500928892125,gamma_gamma_conditional_expectation,1383.12,237.96,Low risk / High value
16331,0.4557848036289215,True,3.0,210.0,459.0,520.1999999999999,0.9925351456443404,525.9503080506063,gamma_gamma_conditional_expectation,522.02,237.93,High risk / High value
15743,0.4284809172153473,False,0.0,0.0,1.0,0.0,1.7212648985404786,322.55,own_observed_transaction (Gamma-Gamma unstable at frequency=0),555.19,237.89,Low risk / High value
12725,0.4092897891998291,True,2.0,213.0,401.0,634.8050000000001,0.9008119442676168,644.0482281881622,gamma_gamma_conditional_expectation,580.17,237.46,Low risk / High value
12707,0.5695945501327515,True,0.0,0.0,108.0,0.0,0.6901365392136817,603.42,own_observed_transaction (Gamma-Gamma unstable at frequency=0),416.44,237.2,High risk / High value
14841,0.15696212500333787,False,10.0,463.0,554.0,505.169,2.9781636640851636,506.8741350557059,gamma_gamma_conditional_expectation,1509.55,236.94,Low risk / High value
12759,0.23286690413951874,False,5.0,460.0,552.0,633.568,1.5964831769940104,637.2510689939414,gamma_gamma_conditional_expectation,1017.36,236.91,Low risk / High value
15369,0.4284809172153473,True,7.0,239.0,548.0,848.3285714285714,0.6489871832765604,851.2792132178312,gamma_gamma_conditional_expectation,552.47,236.72,Low risk / High value
15211,0.630578625202179,False,0.0,0.0,182.0,0.0,0.48924651270246045,766.14,own_observed_transaction (Gamma-Gamma unstable at frequency=0),374.83,236.36,High risk / High value
15834,0.19527957141399382,False,2.0,147.0,241.0,840.7049999999999,1.4205658230831517,851.0309475935649,gamma_gamma_conditional_expectation,1208.95,236.08,Low risk / High value
12863,0.39685714840888975,False,4.0,210.0,406.0,409.75,1.4374591269147698,413.7693236242716,gamma_gamma_conditional_expectation,594.78,236.04,Low risk / High value
16314,0.4331237733364105,True,2.0,83.0,289.0,545.1,0.9814929356061505,553.871516948426,gamma_gamma_conditional_expectation,543.62,235.45,Low risk / High value
16957,0.4660523533821106,True,1.0,42.0,98.0,301.8,1.5900803571751456,316.863472221368,gamma_gamma_conditional_expectation,503.84,234.82,High risk / High value
14506,0.36854363679885865,False,3.0,316.0,416.0,484.61999999999995,1.2966916179856582,490.2457953412621,gamma_gamma_conditional_expectation,635.7,234.28,Low risk / High value
14967,0.5319321513175964,False,2.0,295.0,553.0,641.28,0.6763134807936189,650.55727679501,gamma_gamma_conditional_expectation,439.98,234.04,High risk / High value
13425,0.3538887739181519,False,2.0,285.0,396.0,672.215,0.9694580543737469,681.6549476294255,gamma_gamma_conditional_expectation,660.84,233.86,Low risk / High value
18183,0.4144762337207794,True,1.0,47.0,91.0,319.27,1.6862151998698056,334.5181744882614,gamma_gamma_conditional_expectation,564.07,233.79,Low risk / High value
17085,0.11093488410115242,False,23.0,483.0,550.0,319.63739130434783,6.578692744880275,320.29388525930096,gamma_gamma_conditional_expectation,2107.12,233.75,Low risk / High value
16004,0.4771506547927856,True,3.0,209.0,500.0,563.8833333333333,0.8593930956946302,569.7865118220092,gamma_gamma_conditional_expectation,489.67,233.65,High risk / High value
15494,0.4531506597995758,False,2.0,251.0,546.0,781.53,0.6508908421079056,791.5447775070437,gamma_gamma_conditional_expectation,515.21,233.47,High risk / High value
13478,0.4331237733364105,True,3.0,208.0,494.0,609.8633333333333,0.8744550789186193,615.9274194773111,gamma_gamma_conditional_expectation,538.6,233.28,Low risk / High value
15665,0.2120766520500183,False,3.0,392.0,452.0,885.9666666666667,1.2309657481933762,892.9969803005902,gamma_gamma_conditional_expectation,1099.25,233.13,Low risk / High value
16265,0.09282075390219688,False,6.0,147.0,224.0,670.9516666666667,3.721662663521202,674.0851167023866,gamma_gamma_conditional_expectation,2508.72,232.86,Low risk / High value
17537,0.5706221103668213,False,0.0,0.0,120.0,0.0,0.6469863466833776,630.7,own_observed_transaction (Gamma-Gamma unstable at frequency=0),408.05,232.84,High risk / High value
14691,0.4284809172153473,False,0.0,0.0,29.0,0.0,1.2348005832680258,439.6,own_observed_transaction (Gamma-Gamma unstable at frequency=0),542.82,232.59,Low risk / High value
15791,0.19324253499507904,False,3.0,437.0,458.0,970.52,1.2294903289620847,977.8462092105791,gamma_gamma_conditional_expectation,1202.25,232.33,Low risk / High value
15065,0.2108182966709137,False,2.0,183.0,227.0,703.2,1.5450720628168146,712.802881387446,gamma_gamma_conditional_expectation,1101.33,232.18,Low risk / High value
15525,0.4933562397956848,False,1.0,9.0,199.0,627.86,0.7280536267400565,646.3707544848644,gamma_gamma_conditional_expectation,470.59,232.17,High risk / High value
15797,0.28267852663993837,False,3.0,467.0,498.0,712.7333333333332,1.1414117569454776,719.1574144860301,gamma_gamma_conditional_expectation,820.85,232.04,Low risk / High value
15142,0.402223002910614,False,3.0,90.0,317.0,561.7199999999999,1.0152852291682326,567.6156078733147,gamma_gamma_conditional_expectation,576.29,231.8,Low risk / High value
17465,0.41116358041763307,True,5.0,311.0,553.0,426.884,1.3094242323289227,430.1336994917914,gamma_gamma_conditional_expectation,563.23,231.58,Low risk / High value
18060,0.5609864950180053,True,1.0,156.0,381.0,721.06,0.5570609412600148,740.5561151760188,gamma_gamma_conditional_expectation,412.53,231.42,High risk / High value
13253,0.42089284062385557,False,2.0,364.0,520.0,711.4000000000001,0.7614352292276102,721.0460008586665,gamma_gamma_conditional_expectation,549.03,231.08,Low risk / High value
14565,0.19324253499507904,False,2.0,268.0,290.0,913.7750000000001,1.292757026704718,924.4851841499166,gamma_gamma_conditional_expectation,1195.13,230.95,Low risk / High value
16303,0.22118866741657256,False,4.0,298.0,448.0,694.115,1.493546840261352,698.8800257068407,gamma_gamma_conditional_expectation,1043.81,230.88,Low risk / High value
14907,0.23286690413951874,False,7.0,242.0,419.0,475.8085714285715,2.0719923706306234,478.2016258228838,gamma_gamma_conditional_expectation,990.83,230.73,Low risk / High value
16329,0.5219449400901794,True,3.0,311.0,555.0,473.53666666666663,0.9221984551909712,479.1236757273808,gamma_gamma_conditional_expectation,441.85,230.62,High risk / High value
16696,0.2535876214504242,False,2.0,45.0,65.0,261.75,3.3783238516560257,269.03152887887336,gamma_gamma_conditional_expectation,908.88,230.48,Low risk / High value
14775,0.595190954208374,False,0.0,0.0,189.0,0.0,0.4761574567177378,813.12,own_observed_transaction (Gamma-Gamma unstable at frequency=0),387.17,230.44,High risk / High value
17152,0.17990920096635818,True,2.0,231.0,242.0,844.75,1.494535435626379,855.0972181132097,gamma_gamma_conditional_expectation,1277.97,229.92,Low risk / High value
15710,0.6287670254707336,True,0.0,0.0,234.0,0.0,0.4063252420277747,898.87,own_observed_transaction (Gamma-Gamma unstable at frequency=0),365.23,229.64,High risk / High value
14132,0.4284809172153473,False,0.0,0.0,0.0,0.0,1.7459591651198856,306.86,own_observed_transaction (Gamma-Gamma unstable at frequency=0),535.77,229.57,Low risk / High value
13970,0.5766869068145752,True,1.0,51.0,254.0,558.0,0.6912532385831303,575.7721568680826,gamma_gamma_conditional_expectation,398.0,229.52,High risk / High value
12735,0.5245869994163513,True,1.0,22.0,154.0,405.8,1.0354106487887116,421.9630163402529,gamma_gamma_conditional_expectation,436.91,229.2,High risk / High value
15154,0.6189089059829712,False,0.0,0.0,295.0,0.0,0.33900395783377174,1091.99,own_observed_transaction (Gamma-Gamma unstable at frequency=0),370.19,229.11,High risk / High value
12369,0.4771506547927856,True,2.0,228.0,458.0,601.415,0.7856328063251774,610.482647804741,gamma_gamma_conditional_expectation,479.62,228.85,High risk / High value
15187,0.4284809172153473,False,0.0,0.0,29.0,0.0,1.2348005832680258,431.6,own_observed_transaction (Gamma-Gamma unstable at frequency=0),532.94,228.35,Low risk / High value
13499,0.4085874676704407,False,1.0,44.0,86.0,305.56,1.7414872316176588,320.66322497028153,gamma_gamma_conditional_expectation,558.43,228.17,Low risk / High value
12486,0.6391617059707642,True,0.0,0.0,248.0,0.0,0.38860641598131573,917.28,own_observed_transaction (Gamma-Gamma unstable at frequency=0),356.46,227.84,High risk / High value
13043,0.5747436046600342,True,0.0,0.0,90.0,0.0,0.7669476912541688,516.42,own_observed_transaction (Gamma-Gamma unstable at frequency=0),396.07,227.64,High risk / High value
15111,0.4331237733364105,False,2.0,220.0,409.0,582.54,0.8882132101289598,591.5083941438523,gamma_gamma_conditional_expectation,525.39,227.56,Low risk / High value
15057,0.23286690413951874,True,4.0,459.0,551.0,737.965,1.3150496229972461,742.8450153726599,gamma_gamma_conditional_expectation,976.88,227.48,Low risk / High value
12425,0.6391617059707642,False,0.0,0.0,265.0,0.0,0.36906918274712197,964.21,own_observed_transaction (Gamma-Gamma unstable at frequency=0),355.86,227.45,High risk / High value
12813,0.5042856216430665,True,2.0,192.0,510.0,697.8,0.6371928567085453,707.3744856381055,gamma_gamma_conditional_expectation,450.73,227.3,High risk / High value
14377,0.3782117784023285,True,1.0,71.0,79.0,302.45,1.892568520628929,317.520344372111,gamma_gamma_conditional_expectation,600.93,227.28,Low risk / High value
12653,0.4284809172153473,False,1.0,230.0,343.0,779.1,0.6629685084540964,799.2097453746735,gamma_gamma_conditional_expectation,529.85,227.03,Low risk / High value
15983,0.23286690413951874,False,6.0,373.0,550.0,557.1283333333333,1.7355815214962667,560.0629680712942,gamma_gamma_conditional_expectation,972.03,226.35,Low risk / High value
12356,0.0734184131026268,False,4.0,179.0,241.0,1189.2224999999999,2.578867851081515,1195.2858665499314,gamma_gamma_conditional_expectation,3082.48,226.31,Low risk / High value
13476,0.4284809172153473,False,3.0,363.0,461.0,436.6000000000001,1.1937766990050325,442.0577486773302,gamma_gamma_conditional_expectation,527.72,226.12,Low risk / High value
12462,0.588066017627716,False,0.0,0.0,120.0,0.0,0.6469863466833776,594.11,own_observed_transaction (Gamma-Gamma unstable at frequency=0),384.38,226.04,High risk / High value
17242,0.4833690285682678,False,2.0,228.0,501.0,656.49,0.7022589614982425,665.847258155652,gamma_gamma_conditional_expectation,467.6,226.02,High risk / High value
16983,0.18374761641025544,False,6.0,175.0,263.0,371.9483333333333,3.2828299321846335,374.5595140328224,gamma_gamma_conditional_expectation,1229.62,225.94,Low risk / High value
14568,0.6391617059707642,True,0.0,0.0,252.0,0.0,0.3838250670037932,919.7,own_observed_transaction (Gamma-Gamma unstable at frequency=0),353.0,225.62,High risk / High value
16979,0.35968866348266604,False,3.0,153.0,267.0,349.74666666666667,1.7665417755958341,354.900470885062,gamma_gamma_conditional_expectation,626.95,225.51,Low risk / High value
17369,0.6359565734863282,True,0.0,0.0,272.0,0.0,0.36158535494520366,979.2,own_observed_transaction (Gamma-Gamma unstable at frequency=0),354.06,225.17,High risk / High value
14622,0.40793728828430176,True,0.0,0.0,1.0,0.0,1.7212648985404786,320.58,own_observed_transaction (Gamma-Gamma unstable at frequency=0),551.8,225.1,Low risk / High value
13376,0.27304708063602445,False,1.0,31.0,51.0,344.0,2.2893175814158386,359.50963339268475,gamma_gamma_conditional_expectation,823.03,224.73,Low risk / High value
17544,0.5245869994163513,True,0.0,0.0,207.0,0.0,0.44551950404626317,960.69,own_observed_transaction (Gamma-Gamma unstable at frequency=0),428.01,224.53,High risk / High value
17856,0.2535876214504242,False,2.0,48.0,98.0,329.91,2.6188430006638246,337.5499463372136,gamma_gamma_conditional_expectation,883.99,224.17,Low risk / High value
14288,0.4284809172153473,True,0.0,0.0,30.0,0.0,1.2225126510026103,426.6,own_observed_transaction (Gamma-Gamma unstable at frequency=0),521.52,223.46,Low risk / High value
16176,0.4820705235004425,True,3.0,199.0,437.0,441.43333333333334,1.0371159392995684,446.90799632849644,gamma_gamma_conditional_expectation,463.5,223.44,High risk / High value
17140,0.5245869994163513,True,0.0,0.0,64.0,0.0,0.9142279507184883,465.32,own_observed_transaction (Gamma-Gamma unstable at frequency=0),425.41,223.16,High risk / High value
16108,0.5355163812637329,False,2.0,197.0,448.0,533.115,0.7687594199587875,541.8234941603067,gamma_gamma_conditional_expectation,416.53,223.06,High risk / High value
17802,0.23286690413951874,False,6.0,354.0,543.0,557.555,1.7077305827412455,560.4903799969328,gamma_gamma_conditional_expectation,957.17,222.89,Low risk / High value
15944,0.4025745213031769,True,3.0,450.0,543.0,525.2800000000001,1.0422807189246541,531.0480855819012,gamma_gamma_conditional_expectation,553.5,222.82,Low risk / High value
14657,0.38621177673339846,False,3.0,153.0,252.0,301.37333333333333,1.8796107108319537,306.3578543928378,gamma_gamma_conditional_expectation,575.83,222.39,Low risk / High value
16222,0.5609864950180053,True,1.0,403.0,538.0,846.72,0.4566887363257028,867.5446605027408,gamma_gamma_conditional_expectation,396.2,222.26,High risk / High value
12469,0.5609864950180053,True,1.0,14.0,353.0,1113.7,0.3481131376895255,1137.3473171263936,gamma_gamma_conditional_expectation,395.93,222.11,High risk / High value
17291,0.6391617059707642,True,0.0,0.0,125.0,0.0,0.6305678790304864,550.8,own_observed_transaction (Gamma-Gamma unstable at frequency=0),347.32,221.99,High risk / High value
16142,0.45975791215896605,True,0.0,0.0,66.0,0.0,0.9009017555386254,535.34,own_observed_transaction (Gamma-Gamma unstable at frequency=0),482.29,221.74,High risk / High value
17706,0.07326689809560775,False,13.0,502.0,506.0,704.5146153846155,4.284283080562698,705.9864961713055,gamma_gamma_conditional_expectation,3024.65,221.61,Low risk / High value
15238,0.4284809172153473,False,0.0,0.0,1.0,0.0,1.7212648985404786,300.14,own_observed_transaction (Gamma-Gamma unstable at frequency=0),516.62,221.36,Low risk / High value
12781,0.5609864950180053,False,0.0,0.0,101.0,0.0,0.7180925102251418,549.26,own_observed_transaction (Gamma-Gamma unstable at frequency=0),394.42,221.26,High risk / High value
12415,0.007019704580307007,False,9.0,324.0,344.0,7519.555555555556,4.178678697834377,7529.613640299426,gamma_gamma_conditional_expectation,31463.84,220.87,Low risk / High value
13062,0.4062379777431488,True,0.0,0.0,8.0,0.0,1.5664383487545646,346.98,own_observed_transaction (Gamma-Gamma unstable at frequency=0),543.52,220.8,Low risk / High value
18286,0.6189089059829712,True,1.0,247.0,540.0,833.48,0.41734138269235804,854.1646800783751,gamma_gamma_conditional_expectation,356.48,220.63,High risk / High value
15922,0.6281152606010437,True,0.0,0.0,190.0,0.0,0.47434477237893985,739.0,own_observed_transaction (Gamma-Gamma unstable at frequency=0),350.54,220.18,High risk / High value
15609,0.4284809172153473,True,0.0,0.0,1.0,0.0,1.7212648985404786,298.48,own_observed_transaction (Gamma-Gamma unstable at frequency=0),513.76,220.14,Low risk / High value
17862,0.4284809172153473,True,3.0,240.0,380.0,376.08666666666664,1.3461786181937958,381.3326480847282,gamma_gamma_conditional_expectation,513.34,219.96,Low risk / High value
15377,0.5060705184936524,True,2.0,33.0,232.0,453.725,0.9406769052370854,462.01602406028286,gamma_gamma_conditional_expectation,434.61,219.94,High risk / High value
13308,0.4455625832080841,False,1.0,393.0,413.0,814.95,0.5902397052912025,835.4387709195007,gamma_gamma_conditional_expectation,493.11,219.71,Low risk / High value
12986,0.40034921169281007,True,6.0,259.0,504.0,404.3283333333333,1.3475629406647947,406.996072201986,gamma_gamma_conditional_expectation,548.45,219.57,Low risk / High value
16230,0.2965662062168121,True,1.0,31.0,37.0,266.1,2.6295319366669636,280.7860325574816,gamma_gamma_conditional_expectation,738.34,218.97,Low risk / High value
16262,0.6228933215141297,True,0.0,0.0,195.0,0.0,0.46548529177841397,755.15,own_observed_transaction (Gamma-Gamma unstable at frequency=0),351.51,218.95,High risk / High value
14246,0.5245869994163513,False,0.0,0.0,62.0,0.0,0.9279579371842133,449.64,own_observed_transaction (Gamma-Gamma unstable at frequency=0),417.25,218.88,High risk / High value
12418,0.5355163812637329,False,2.0,217.0,447.0,504.34000000000003,0.7967695466307466,512.8971816256276,gamma_gamma_conditional_expectation,408.66,218.84,High risk / High value
14493,0.2965662062168121,False,4.0,251.0,458.0,548.3025,1.3348012267198115,552.6851555666526,gamma_gamma_conditional_expectation,737.72,218.78,Low risk / High value
14149,0.4284809172153473,True,0.0,0.0,37.0,0.0,1.1429656569653117,446.62,own_observed_transaction (Gamma-Gamma unstable at frequency=0),510.47,218.73,Low risk / High value
13154,0.4771506547927856,True,2.0,336.0,552.0,643.87,0.7015544600898037,653.1608962377492,gamma_gamma_conditional_expectation,458.23,218.64,High risk / High value
15671,0.23286690413951874,False,2.0,28.0,87.0,338.47,2.7066277328007633,346.15495885839016,gamma_gamma_conditional_expectation,936.91,218.18,Low risk / High value
16860,0.5439133286476135,True,2.0,210.0,479.0,546.75,0.7218942353560964,555.530193427391,gamma_gamma_conditional_expectation,401.03,218.13,High risk / High value
15024,0.18368892520666122,False,6.0,128.0,241.0,389.9533333333334,3.023889248096813,392.59596337920266,gamma_gamma_conditional_expectation,1187.17,218.07,Low risk / High value
15002,0.18537963330745696,False,7.0,400.0,513.0,518.9414285714286,2.255810008360115,521.3990441636656,gamma_gamma_conditional_expectation,1176.18,218.04,Low risk / High value
15798,0.5609864950180053,True,2.0,189.0,498.0,584.545,0.6545027671739936,593.5239373804129,gamma_gamma_conditional_expectation,388.46,217.92,High risk / High value
15349,0.35989345908164977,False,0.0,0.0,4.0,0.0,1.6512608657716208,366.11,own_observed_transaction (Gamma-Gamma unstable at frequency=0),604.54,217.57,Low risk / High value
17124,0.4284809172153473,True,0.0,0.0,2.0,0.0,1.6972698393459487,298.89,own_observed_transaction (Gamma-Gamma unstable at frequency=0),507.3,217.37,Low risk / High value
12391,0.4531506597995758,False,3.0,198.0,479.0,533.38,0.889448663925671,539.1764316455798,gamma_gamma_conditional_expectation,479.57,217.32,High risk / High value
16245,0.5574022650718689,False,0.0,0.0,73.0,0.0,0.8571940464203481,453.98,own_observed_transaction (Gamma-Gamma unstable at frequency=0),389.15,216.91,High risk / High value
18235,0.4284809172153473,False,0.0,0.0,34.0,0.0,1.1757386201319502,430.46,own_observed_transaction (Gamma-Gamma unstable at frequency=0),506.11,216.86,Low risk / High value
12510,0.27710674703121185,False,5.0,410.0,552.0,499.526,1.5512784024842414,502.9280133011583,gamma_gamma_conditional_expectation,780.18,216.19,Low risk / High value
16250,0.42089284062385557,True,2.0,125.0,203.0,307.78999999999996,1.6254722955789591,315.31362893436017,gamma_gamma_conditional_expectation,512.53,215.72,Low risk / High value
17672,0.23286690413951874,False,3.0,332.0,458.0,776.38,1.1827187532535226,783.02681355594,gamma_gamma_conditional_expectation,926.1,215.66,Low risk / High value
17223,0.43025586009025574,True,2.0,65.0,192.0,324.81499999999994,1.5074117062358978,332.4281544218637,gamma_gamma_conditional_expectation,501.11,215.61,Low risk / High value
13951,0.45248091220855713,False,1.0,58.0,111.0,303.49,1.4941194551833397,318.57133981329986,gamma_gamma_conditional_expectation,475.98,215.37,Low risk / High value
12847,0.6228933215141297,False,0.0,0.0,204.0,0.0,0.45034803555681113,765.36,own_observed_transaction (Gamma-Gamma unstable at frequency=0),344.68,214.7,High risk / High value
16317,0.42089284062385557,False,2.0,287.0,401.0,523.56,0.9582882068627191,532.2182494593906,gamma_gamma_conditional_expectation,510.02,214.66,Low risk / High value
18159,0.6189089059829712,True,0.0,0.0,118.0,0.0,0.6537971298322067,530.15,own_observed_transaction (Gamma-Gamma unstable at frequency=0),346.61,214.52,High risk / High value
17621,0.27710674703121185,False,4.0,119.0,248.0,353.79499999999996,2.161145750773031,357.66759051706725,gamma_gamma_conditional_expectation,772.97,214.2,Low risk / High value
13823,0.33365710973739626,False,4.0,344.0,541.0,513.56,1.2397180784388822,517.8515488741846,gamma_gamma_conditional_expectation,641.99,214.2,Low risk / High value
14885,0.6105547189712525,False,1.0,38.0,282.0,591.6,0.5752640852306269,609.7273941987993,gamma_gamma_conditional_expectation,350.75,214.15,High risk / High value
14130,0.40658092498779297,True,3.0,409.0,545.0,508.1166666666666,1.0217571505239418,513.8246889226906,gamma_gamma_conditional_expectation,525.0,213.45,Low risk / High value
14869,0.3778878450393677,False,3.0,335.0,540.0,569.02,0.9817522004925289,574.9411543257659,gamma_gamma_conditional_expectation,564.45,213.3,Low risk / High value
17701,0.5788308262825013,True,0.0,0.0,69.0,0.0,0.8816312344429715,417.95,own_observed_transaction (Gamma-Gamma unstable at frequency=0),368.48,213.29,High risk / High value
14607,0.11707460209727287,False,7.0,463.0,541.0,820.4185714285715,2.2110070836176634,823.327437570368,gamma_gamma_conditional_expectation,1820.38,213.12,Low risk / High value
17377,0.12013942822813987,False,55.0,482.0,554.0,268.346,6.600574532416795,268.61070282008745,gamma_gamma_conditional_expectation,1772.98,213.0,Low risk / High value
15571,0.2685382694005966,False,8.0,347.0,550.0,410.3675,1.9201684327990072,412.37533884065743,gamma_gamma_conditional_expectation,791.83,212.64,Low risk / High value
14229,0.27710674703121185,False,4.0,180.0,288.0,354.83250000000004,2.1385529828803986,358.7078111961617,gamma_gamma_conditional_expectation,767.12,212.57,Low risk / High value
16283,0.23286690413951874,False,3.0,441.0,466.0,745.9000000000001,1.2102979240883416,752.4401483681714,gamma_gamma_conditional_expectation,910.68,212.07,Low risk / High value
15436,0.4284809172153473,False,0.0,0.0,51.0,0.0,1.0115916227040598,489.05,own_observed_transaction (Gamma-Gamma unstable at frequency=0),494.72,211.98,Low risk / High value
13300,0.6119222283363343,False,1.0,186.0,391.0,598.64,0.5610762280755082,616.8418248776161,gamma_gamma_conditional_expectation,346.1,211.79,High risk / High value
17508,0.1720462992787361,True,7.0,452.0,549.0,566.8971428571429,2.161837597223217,569.4265384928713,gamma_gamma_conditional_expectation,1231.01,211.79,Low risk / High value
16942,0.16362879127264024,False,2.0,38.0,44.0,311.6,4.053578761426191,319.14366371306147,gamma_gamma_conditional_expectation,1293.67,211.68,Low risk / High value
16128,0.22118866741657256,False,5.0,229.0,328.0,396.93,2.391169372420052,400.11689274299897,gamma_gamma_conditional_expectation,956.75,211.62,Low risk / High value
14332,0.5574381232261658,False,1.0,35.0,233.0,515.7,0.7120155839500438,533.0249384428054,gamma_gamma_conditional_expectation,379.52,211.56,High risk / High value
12988,0.57538400888443,True,0.0,0.0,109.0,0.0,0.6863206498837101,535.32,own_observed_transaction (Gamma-Gamma unstable at frequency=0),367.4,211.4,High risk / High value
12975,0.4531506597995758,True,4.0,297.0,550.0,414.615,1.112764707532351,418.64708131467546,gamma_gamma_conditional_expectation,465.86,211.1,High risk / High value
12865,0.4284809172153473,False,1.0,98.0,293.0,712.09,0.6730842470403098,731.4912794957651,gamma_gamma_conditional_expectation,492.36,210.97,Low risk / High value
15351,0.36691595911979674,False,3.0,63.0,249.0,457.68666666666667,1.2406027402361486,463.2182084299356,gamma_gamma_conditional_expectation,574.67,210.86,Low risk / High value
17976,0.6260984539985657,True,0.0,0.0,189.0,0.0,0.4761574567177378,706.38,own_observed_transaction (Gamma-Gamma unstable at frequency=0),336.35,210.59,High risk / High value
16019,0.04562543779611587,False,19.0,493.0,542.0,806.2252631578948,5.712965892899562,807.2881189872318,gamma_gamma_conditional_expectation,4612.01,210.42,Low risk / High value
12505,0.6379733800888061,True,0.0,0.0,225.0,0.0,0.41859795807927186,787.2,own_observed_transaction (Gamma-Gamma unstable at frequency=0),329.52,210.22,High risk / Low value
13402,0.4771506547927856,False,2.0,192.0,381.0,465.78999999999996,0.928970975641316,474.14446752617005,gamma_gamma_conditional_expectation,440.47,210.17,High risk / High value
16005,0.22118866741657256,False,6.0,180.0,267.0,288.7333333333333,3.2613458614528197,291.199162332793,gamma_gamma_conditional_expectation,949.7,210.06,Low risk / High value
16491,0.6359565734863282,False,0.0,0.0,230.0,0.0,0.41168946847343063,801.66,own_observed_transaction (Gamma-Gamma unstable at frequency=0),330.03,209.88,High risk / High value
16200,0.21529114246368408,False,6.0,355.0,554.0,586.5033333333333,1.652895990255921,589.4892774048083,gamma_gamma_conditional_expectation,974.36,209.77,Low risk / High value
13431,0.37533813118934634,False,4.0,253.0,476.0,438.4225,1.26142403643538,442.5170127050743,gamma_gamma_conditional_expectation,558.2,209.51,Low risk / High value
16972,0.5971997261047364,True,1.0,74.0,273.0,493.45,0.6868582720628508,510.5396994366016,gamma_gamma_conditional_expectation,350.67,209.42,High risk / High value
14481,0.3538887739181519,False,3.0,390.0,494.0,520.5066666666667,1.124364221727221,526.2580479015769,gamma_gamma_conditional_expectation,591.71,209.4,Low risk / High value
17381,0.019258898124098776,False,19.0,345.0,365.0,1337.0394736842106,8.11575283485557,1338.394771663635,gamma_gamma_conditional_expectation,10862.08,209.19,Low risk / High value
15215,0.4284809172153473,False,3.0,219.0,429.0,430.34,1.1202616558206002,435.7758417194747,gamma_gamma_conditional_expectation,488.18,209.18,Low risk / High value
14236,0.4138260543346405,False,3.0,133.0,322.0,380.45,1.3104172886059113,385.71125096429836,gamma_gamma_conditional_expectation,505.44,209.16,Low risk / High value
12903,0.6391617059707642,True,0.0,0.0,245.0,0.0,0.39227158447725324,833.53,own_observed_transaction (Gamma-Gamma unstable at frequency=0),326.97,208.99,High risk / Low value
13473,0.31679787039756774,False,5.0,392.0,541.0,417.52799999999996,1.5663611601283793,420.7580820803704,gamma_gamma_conditional_expectation,659.06,208.79,Low risk / High value
13665,0.38892064094543455,True,2.0,118.0,321.0,539.425,0.9779670146450243,548.1666751192581,gamma_gamma_conditional_expectation,536.09,208.5,Low risk / High value
13663,0.4284809172153473,False,3.0,266.0,463.0,437.53,1.0980108441608638,442.9910032253821,gamma_gamma_conditional_expectation,486.41,208.42,Low risk / High value
17308,0.4557848036289215,True,1.0,59.0,269.0,666.72,0.6668059687875393,685.6416033739016,gamma_gamma_conditional_expectation,457.19,208.38,High risk / High value
12429,0.11275306567549706,False,3.0,319.0,363.0,1234.5433333333333,1.4853983003361293,1242.7934959043223,gamma_gamma_conditional_expectation,1846.04,208.15,Low risk / High value
16633,0.45975791215896605,False,0.0,0.0,51.0,0.0,1.0115916227040598,447.52,own_observed_transaction (Gamma-Gamma unstable at frequency=0),452.71,208.14,High risk / High value
13819,0.3256571114063263,True,5.0,437.0,555.0,404.05,1.5693883998355955,407.25182176921925,gamma_gamma_conditional_expectation,639.14,208.14,Low risk / High value
13652,0.30213798582553864,False,3.0,396.0,469.0,573.35,1.1881788408225,579.2863072215349,gamma_gamma_conditional_expectation,688.3,207.96,Low risk / High value
15071,0.4571237683296204,False,2.0,295.0,387.0,447.96,0.9970166399468879,456.22070896862596,gamma_gamma_conditional_expectation,454.86,207.93,High risk / High value
14665,0.3458887755870819,False,3.0,296.0,409.0,455.33666666666664,1.304036157673129,460.8599845719547,gamma_gamma_conditional_expectation,600.98,207.87,Low risk / High value
17054,0.19527957141399382,False,2.0,38.0,62.0,302.375,3.4324819088679366,309.8701543079384,gamma_gamma_conditional_expectation,1063.62,207.7,Low risk / High value
12797,0.5882045149803161,True,1.0,59.0,241.0,452.06,0.7528670556526231,468.7121020223646,gamma_gamma_conditional_expectation,352.88,207.57,High risk / High value
18188,0.3538887739181519,False,3.0,333.0,440.0,468.8,1.2346979421027808,474.3704330292379,gamma_gamma_conditional_expectation,585.7,207.27,Low risk / High value
16101,0.4531506597995758,False,2.0,127.0,378.0,557.475,0.8074453556837538,566.3115905406643,gamma_gamma_conditional_expectation,457.27,207.21,High risk / High value
16319,0.43575791716575624,True,0.0,0.0,34.0,0.0,1.1757386201319502,404.4,own_observed_transaction (Gamma-Gamma unstable at frequency=0),475.47,207.19,Low risk / High value
15415,0.588066017627716,True,0.0,0.0,130.0,0.0,0.614966547265075,572.81,own_observed_transaction (Gamma-Gamma unstable at frequency=0),352.26,207.15,High risk / High value
17138,0.22118866741657256,True,6.0,398.0,490.0,448.115,2.074206868904902,450.85922107064295,gamma_gamma_conditional_expectation,935.18,206.85,Low risk / High value
16190,0.33015034198760984,False,6.0,331.0,542.0,385.2583333333334,1.6126199780706116,387.892762619344,gamma_gamma_conditional_expectation,625.52,206.52,Low risk / High value
16172,0.4092897891998291,False,3.0,272.0,330.0,310.92333333333335,1.595248890113039,315.9412747518664,gamma_gamma_conditional_expectation,504.0,206.28,Low risk / High value
16276,0.5609864950180053,False,1.0,128.0,424.0,761.43,0.47025140939712573,781.3529285998591,gamma_gamma_conditional_expectation,367.43,206.12,High risk / High value
17252,0.35989345908164977,False,0.0,0.0,3.0,0.0,1.6739444560949142,341.96,own_observed_transaction (Gamma-Gamma unstable at frequency=0),572.42,206.01,Low risk / High value
17198,0.5245869994163513,False,1.0,6.0,188.0,499.3,0.7595979515758319,516.4515487932889,gamma_gamma_conditional_expectation,392.3,205.8,High risk / High value
14225,0.46074793934822084,True,3.0,262.0,513.0,464.50666666666666,0.9500809149794913,470.0620751156502,gamma_gamma_conditional_expectation,446.6,205.77,High risk / High value
14888,0.4284809172153473,True,0.0,0.0,24.0,0.0,1.3001919490547593,369.2,own_observed_transaction (Gamma-Gamma unstable at frequency=0),480.03,205.68,Low risk / High value
15992,0.565748393535614,False,1.0,57.0,270.0,533.86,0.6593092369168039,551.376935762026,gamma_gamma_conditional_expectation,363.53,205.67,High risk / High value
14188,0.384233295917511,False,1.0,96.0,127.0,362.9,1.4135060644316675,378.60945439121286,gamma_gamma_conditional_expectation,535.17,205.63,Low risk / High value
16967,0.40034921169281007,True,0.0,0.0,6.0,0.0,1.6077151004019583,319.02,own_observed_transaction (Gamma-Gamma unstable at frequency=0),512.89,205.34,Low risk / High value
15190,0.6391617059707642,True,0.0,0.0,251.0,0.0,0.3850093066254072,834.44,own_observed_transaction (Gamma-Gamma unstable at frequency=0),321.27,205.34,High risk / Low value
12784,0.6657749533653259,False,0.0,0.0,346.0,0.0,0.297786479713064,1034.33,own_observed_transaction (Gamma-Gamma unstable at frequency=0),308.01,205.07,High risk / Low value
16797,0.4092897891998291,True,4.0,344.0,554.0,412.72249999999997,1.20029892191044,416.74961853377323,gamma_gamma_conditional_expectation,500.22,204.73,Low risk / High value
13495,0.16362879127264024,False,7.0,500.0,549.0,564.2371428571429,2.206738424856204,566.7625570087347,gamma_gamma_conditional_expectation,1250.7,204.65,Low risk / High value
13145,0.5110155582427979,False,3.0,227.0,416.0,332.6666666666667,1.1851667919626656,337.76069918535444,gamma_gamma_conditional_expectation,400.3,204.56,High risk / High value
17616,0.4062379777431488,False,2.0,197.0,268.0,367.2,1.3424909700013496,375.0360347618249,gamma_gamma_conditional_expectation,503.48,204.53,Low risk / High value
13166,0.5283558607101441,True,1.0,131.0,231.0,417.2,0.8930208585644872,433.48354329174606,gamma_gamma_conditional_expectation,387.11,204.53,High risk / High value
12449,0.29529114365577697,False,1.0,251.0,255.0,768.93,0.8775150908424686,788.932222646894,gamma_gamma_conditional_expectation,692.3,204.43,Low risk / High value
17161,0.6391617059707642,True,0.0,0.0,261.0,0.0,0.3734868173812382,856.01,own_observed_transaction (Gamma-Gamma unstable at frequency=0),319.71,204.35,High risk / Low value
15255,0.2965662062168121,False,6.0,340.0,553.0,429.68833333333333,1.5930714377977244,432.40036853212774,gamma_gamma_conditional_expectation,688.84,204.29,Low risk / High value
13800,0.4571237683296204,True,2.0,427.0,553.0,600.4300000000001,0.7326029948741564,609.4924682097226,gamma_gamma_conditional_expectation,446.52,204.11,High risk / High value
13299,0.42089284062385557,True,2.0,260.0,345.0,433.76,1.0963523995638313,441.94603866480503,gamma_gamma_conditional_expectation,484.53,203.94,Low risk / High value
15389,0.4284809172153473,False,3.0,281.0,498.0,459.6666666666667,1.0210419961578912,465.2051374677237,gamma_gamma_conditional_expectation,474.99,203.52,Low risk / High value
14639,0.22118866741657256,False,4.0,370.0,478.0,621.0325,1.4702279793020983,625.6058784490933,gamma_gamma_conditional_expectation,919.78,203.44,Low risk / High value
13027,0.04562543779611587,False,15.0,455.0,505.0,918.88,4.841679723443162,920.3051091097044,gamma_gamma_conditional_expectation,4455.82,203.3,Low risk / High value
13049,0.4331237733364105,False,2.0,83.0,218.0,328.89,1.393921324573148,336.5245826956715,gamma_gamma_conditional_expectation,469.09,203.17,Low risk / High value
15951,0.5269871115684509,False,1.0,96.0,198.0,375.17,0.9859580703734896,391.00917945216213,gamma_gamma_conditional_expectation,385.52,203.16,High risk / High value
12447,0.4996150732040405,True,0.0,0.0,60.0,0.0,0.9421104661848387,431.49,own_observed_transaction (Gamma-Gamma unstable at frequency=0),406.51,203.1,High risk / High value
16048,0.47978479862213136,True,2.0,176.0,366.0,437.115,0.9497213387541704,445.3186808387008,gamma_gamma_conditional_expectation,422.93,202.92,High risk / High value
12849,0.2108182966709137,False,4.0,323.0,408.0,563.56,1.6935555200021082,567.9826659389726,gamma_gamma_conditional_expectation,961.91,202.79,Low risk / High value
15128,0.4559836149215698,False,1.0,211.0,247.0,483.7,0.8880960874028231,500.68661717545615,gamma_gamma_conditional_expectation,444.66,202.76,High risk / High value
15365,0.2535876214504242,False,3.0,358.0,490.0,708.7666666666665,1.1165714362878012,715.1768664136937,gamma_gamma_conditional_expectation,798.55,202.5,Low risk / High value
17462,0.6081708192825317,False,0.0,0.0,101.0,0.0,0.7180925102251418,463.41,own_observed_transaction (Gamma-Gamma unstable at frequency=0),332.77,202.38,High risk / High value
15768,0.04562543779611587,False,31.0,533.0,553.0,482.40258064516127,9.169718706136017,482.9445484156901,gamma_gamma_conditional_expectation,4428.47,202.05,Low risk / High value
16223,0.5245869994163513,True,1.0,21.0,212.0,505.56,0.7353496170694013,522.7777328912141,gamma_gamma_conditional_expectation,384.42,201.66,High risk / High value
16147,0.4284809172153473,False,3.0,272.0,489.0,449.75666666666666,1.0321520521323602,455.2604572836428,gamma_gamma_conditional_expectation,469.9,201.34,Low risk / High value
16711,0.4284809172153473,False,5.0,435.0,554.0,295.21,1.5708268249784496,298.1836089582904,gamma_gamma_conditional_expectation,468.39,200.7,Low risk / High value
15471,0.5708974480628968,False,1.0,170.0,367.0,577.83,0.5898931120171367,595.8118103284431,gamma_gamma_conditional_expectation,351.47,200.65,High risk / High value
15157,0.4025745213031769,False,2.0,371.0,546.0,677.65,0.7251678443052135,687.1185274252892,gamma_gamma_conditional_expectation,498.28,200.59,Low risk / High value
12374,0.5609864950180053,False,1.0,167.0,405.0,657.75,0.528474318946328,676.5767676936478,gamma_gamma_conditional_expectation,357.55,200.58,High risk / High value
17175,0.5747436046600342,False,0.0,0.0,113.0,0.0,0.6714724736790864,519.08,own_observed_transaction (Gamma-Gamma unstable at frequency=0),348.55,200.33,High risk / High value
14824,0.2965662062168121,False,5.0,258.0,454.0,419.93999999999994,1.5961769258372773,423.1751394976798,gamma_gamma_conditional_expectation,675.46,200.32,Low risk / High value
18189,0.5609864950180053,False,1.0,358.0,442.0,633.1,0.5475141097384889,651.6661545923928,gamma_gamma_conditional_expectation,356.8,200.16,High risk / High value
13851,0.27710674703121185,False,4.0,391.0,496.0,500.505,1.42861814327388,504.76231420856834,gamma_gamma_conditional_expectation,721.11,199.82,Low risk / High value
13444,0.6043797969818115,True,1.0,132.0,323.0,496.39,0.6432701547591099,513.5107827030392,gamma_gamma_conditional_expectation,330.33,199.64,High risk / High value
16274,0.6228933215141297,True,0.0,0.0,190.0,0.0,0.47434477237893985,675.5,own_observed_transaction (Gamma-Gamma unstable at frequency=0),320.42,199.59,High risk / Low value
14496,0.28971936404705045,True,6.0,322.0,450.0,318.995,2.140823274554154,321.5136870742746,gamma_gamma_conditional_expectation,688.3,199.41,Low risk / High value
13155,0.3458887755870819,False,3.0,165.0,308.0,370.64000000000004,1.533514431298726,375.8669207316209,gamma_gamma_conditional_expectation,576.4,199.37,Low risk / High value
15648,0.3091788232326508,True,1.0,63.0,84.0,340.5,1.8105343312762514,355.97262950406844,gamma_gamma_conditional_expectation,644.5,199.27,Low risk / High value
14693,0.3995141386985779,True,6.0,261.0,342.0,177.26,2.7777095677626793,179.53111844838187,gamma_gamma_conditional_expectation,498.69,199.23,Low risk / High value
12605,0.4138260543346405,True,2.0,82.0,275.0,451.98,1.045726892624712,460.2618480264682,gamma_gamma_conditional_expectation,481.31,199.18,Low risk / High value
15996,0.29677882194519045,False,3.0,134.0,214.0,306.17333333333335,2.154069350706168,311.17465206020296,gamma_gamma_conditional_expectation,670.29,198.93,Low risk / High value
17366,0.57538400888443,True,1.0,24.0,273.0,610.25,0.549697684426219,628.5745720624262,gamma_gamma_conditional_expectation,345.53,198.81,High risk / High value
15125,0.052385063469409944,False,7.0,411.0,435.0,1392.9600000000003,2.7153702527581074,1396.7258453205163,gamma_gamma_conditional_expectation,3792.63,198.68,Low risk / High value
16958,0.6391617059707642,True,0.0,0.0,252.0,0.0,0.3838250670037932,809.44,own_observed_transaction (Gamma-Gamma unstable at frequency=0),310.68,198.57,High risk / Low value
16586,0.388569837808609,True,2.0,387.0,452.0,567.365,0.8860028536265336,576.2535968297339,gamma_gamma_conditional_expectation,510.56,198.39,Low risk / High value
14500,0.4331237733364105,False,0.0,0.0,6.0,0.0,1.6077151004019583,284.85,own_observed_transaction (Gamma-Gamma unstable at frequency=0),457.96,198.35,Low risk / High value
12543,0.6391617059707642,True,0.0,0.0,265.0,0.0,0.36906918274712197,840.25,own_observed_transaction (Gamma-Gamma unstable at frequency=0),310.11,198.21,High risk / Low value
17623,0.4284809172153473,False,5.0,316.0,542.0,331.91400000000004,1.3797474508440195,334.96456892716526,gamma_gamma_conditional_expectation,462.17,198.03,Low risk / High value
13737,0.41511607766151426,True,0.0,0.0,17.0,0.0,1.40448671681897,339.6,own_observed_transaction (Gamma-Gamma unstable at frequency=0),476.96,197.99,Low risk / High value
17423,0.42311506271362304,False,1.0,176.0,210.0,449.42,1.0032466854193411,466.0441905178083,gamma_gamma_conditional_expectation,467.56,197.83,Low risk / High value
16842,0.5842198610305787,False,0.0,0.0,119.0,0.0,0.6503738010331337,520.57,own_observed_transaction (Gamma-Gamma unstable at frequency=0),338.57,197.8,High risk / High value
17082,0.23286690413951874,False,3.0,406.0,541.0,818.9733333333334,1.0284654340744708,825.7692028570453,gamma_gamma_conditional_expectation,849.28,197.77,Low risk / High value
14348,0.5788308262825013,True,0.0,0.0,77.0,0.0,0.8340852754935126,409.57,own_observed_transaction (Gamma-Gamma unstable at frequency=0),341.62,197.74,High risk / High value
15392,0.3256571114063263,False,3.0,71.0,248.0,441.22,1.3591764644697735,446.6939164321691,gamma_gamma_conditional_expectation,607.14,197.72,Low risk / High value
15045,0.5971997261047364,False,0.0,0.0,74.0,0.0,0.8512966578638995,388.9,own_observed_transaction (Gamma-Gamma unstable at frequency=0),331.07,197.71,High risk / High value
13414,0.35989345908164977,False,3.0,307.0,420.0,424.5933333333333,1.2770585152425058,430.009064512157,gamma_gamma_conditional_expectation,549.15,197.64,Low risk / High value
15680,0.21529114246368408,False,7.0,371.0,554.0,477.32714285714286,1.9136506360051186,479.72247024696384,gamma_gamma_conditional_expectation,918.02,197.64,Low risk / High value
17018,0.4284809172153473,False,4.0,409.0,551.0,355.25,1.2842927975329714,359.12640602365263,gamma_gamma_conditional_expectation,461.22,197.62,Low risk / High value
13377,0.5635876297950745,True,1.0,249.0,462.0,687.56,0.4960428182909644,706.7019350992626,gamma_gamma_conditional_expectation,350.55,197.57,High risk / High value
15063,0.43575791716575624,True,0.0,0.0,30.0,0.0,1.2225126510026103,370.8,own_observed_transaction (Gamma-Gamma unstable at frequency=0),453.31,197.53,Low risk / High value
13741,0.3382697284221649,False,1.0,34.0,34.0,200.17,2.722920803166271,214.15898502134607,gamma_gamma_conditional_expectation,583.14,197.26,Low risk / High value
15880,0.5958393454551697,True,0.0,0.0,186.0,0.0,0.48167994489440313,686.56,own_observed_transaction (Gamma-Gamma unstable at frequency=0),330.7,197.04,High risk / High value
13937,0.6391617059707642,False,0.0,0.0,219.0,0.0,0.4272015889859949,721.28,own_observed_transaction (Gamma-Gamma unstable at frequency=0),308.13,196.94,High risk / Low value
12866,0.4284809172153473,True,2.0,219.0,319.0,389.76,1.1540203068932013,397.7146658924023,gamma_gamma_conditional_expectation,458.97,196.66,Low risk / High value
16394,0.4068881571292877,False,1.0,41.0,106.0,306.89,1.5006179047224515,322.0072864479557,gamma_gamma_conditional_expectation,483.21,196.61,Low risk / High value
15222,0.22118866741657256,True,10.0,405.0,540.0,311.43500000000006,2.840233786085064,312.9372396249089,gamma_gamma_conditional_expectation,888.81,196.59,Low risk / High value
17858,0.07160023152828217,False,21.0,472.0,550.0,463.2295238095238,5.916199425235721,464.02014357521466,gamma_gamma_conditional_expectation,2745.24,196.56,Low risk / High value
14909,0.49694046974182127,True,2.0,226.0,480.0,526.0899999999999,0.7393367682911365,534.7615533938038,gamma_gamma_conditional_expectation,395.37,196.48,High risk / High value
14176,0.38092064261436465,True,3.0,84.0,198.0,245.48333333333335,2.060886617301884,250.27226655345498,gamma_gamma_conditional_expectation,515.78,196.47,Low risk / High value
12564,0.5878254175186157,True,0.0,0.0,78.0,0.0,0.8285029730804067,402.9,own_observed_transaction (Gamma-Gamma unstable at frequency=0),333.8,196.22,High risk / High value
14062,0.03407371304929256,False,15.0,490.0,546.0,1273.358,4.513760092847984,1275.0305166120604,gamma_gamma_conditional_expectation,5755.18,196.1,Low risk / High value
12763,0.6359565734863282,False,0.0,0.0,186.0,0.0,0.48167994489440313,640.16,own_observed_transaction (Gamma-Gamma unstable at frequency=0),308.35,196.1,High risk / Low value
15225,0.4733293533325195,True,0.0,0.0,51.0,0.0,1.0115916227040598,409.4,own_observed_transaction (Gamma-Gamma unstable at frequency=0),414.15,196.03,High risk / High value
14702,0.1720462992787361,False,17.0,448.0,546.0,240.5135294117647,4.716002217422673,241.35314637915278,gamma_gamma_conditional_expectation,1138.22,195.83,Low risk / High value
13658,0.15696212500333787,False,4.0,468.0,489.0,834.3425,1.4861672403430577,839.475250070892,gamma_gamma_conditional_expectation,1247.6,195.83,Low risk / High value
14199,0.4284809172153473,True,3.0,312.0,347.0,290.34999999999997,1.5459902417788796,295.29594474979854,gamma_gamma_conditional_expectation,456.52,195.61,Low risk / High value
13798,0.010793289542198181,False,74.0,545.0,548.0,824.3343243243243,21.918339006369262,824.6096686162779,gamma_gamma_conditional_expectation,18074.07,195.08,Low risk / High value
16300,0.5355163812637329,True,2.0,245.0,492.0,486.08500000000004,0.7363946843284438,494.5461882174409,gamma_gamma_conditional_expectation,364.18,195.02,High risk / High value
13363,0.6391617059707642,False,0.0,0.0,226.0,0.0,0.41719771110259707,731.36,own_observed_transaction (Gamma-Gamma unstable at frequency=0),305.12,195.02,High risk / Low value
12857,0.15696212500333787,True,5.0,473.0,500.0,696.6800000000001,1.7732759907330762,700.4954005533253,gamma_gamma_conditional_expectation,1242.17,194.97,Low risk / High value
16692,0.2535876214504242,True,3.0,185.0,258.0,397.8333333333333,1.9069771327054177,403.1554175165964,gamma_gamma_conditional_expectation,768.81,194.96,Low risk / High value
14301,0.4833690285682678,False,2.0,250.0,483.0,522.395,0.7577526167133897,531.047123339394,gamma_gamma_conditional_expectation,402.4,194.51,High risk / High value
14555,0.30619765222072604,False,4.0,419.0,538.0,474.695,1.3264599588065633,478.8846315797248,gamma_gamma_conditional_expectation,635.22,194.5,Low risk / High value
17522,0.13496212363243104,False,2.0,35.0,35.0,317.77,4.42533102634709,325.3461084859188,gamma_gamma_conditional_expectation,1439.76,194.31,Low risk / High value
16484,0.4284809172153473,False,0.0,0.0,7.0,0.0,1.5868044228458593,285.7,own_observed_transaction (Gamma-Gamma unstable at frequency=0),453.35,194.25,Low risk / High value
13887,0.4138260543346405,True,0.0,0.0,21.0,0.0,1.3429059055287282,349.55,own_observed_transaction (Gamma-Gamma unstable at frequency=0),469.41,194.25,Low risk / High value
16643,0.4284809172153473,True,1.0,177.0,239.0,487.51,0.897857515639029,504.5368985513499,gamma_gamma_conditional_expectation,453.0,194.1,Low risk / High value
12502,0.168628790974617,False,2.0,92.0,126.0,486.7,2.322489137892261,495.16442217778234,gamma_gamma_conditional_expectation,1150.01,193.92,Low risk / High value
17978,0.4331237733364105,True,3.0,366.0,548.0,446.21999999999997,0.9900998467390312,451.7114140023411,gamma_gamma_conditional_expectation,447.24,193.71,Low risk / High value
16818,0.12680609449744223,False,3.0,22.0,22.0,212.91666666666666,7.013278743152766,217.59163237973453,gamma_gamma_conditional_expectation,1526.03,193.51,Low risk / High value
16340,0.5790708065032959,False,1.0,112.0,368.0,603.46,0.537379816760632,621.7127845185106,gamma_gamma_conditional_expectation,334.1,193.47,High risk / High value
14608,0.4284809172153473,False,6.0,371.0,550.0,258.3616666666667,1.7294925649270594,260.77444545423276,gamma_gamma_conditional_expectation,451.01,193.25,Low risk / High value
12455,0.15696212500333787,False,5.0,532.0,538.0,733.392,1.669781029235196,737.2843772963869,gamma_gamma_conditional_expectation,1231.1,193.24,Low risk / High value
15815,0.12680609449744223,False,2.0,47.0,76.0,483.54,3.0944158062836764,491.9878054059462,gamma_gamma_conditional_expectation,1522.41,193.05,Low risk / High value
17853,0.5319321513175964,True,2.0,329.0,553.0,511.91999999999996,0.6965794036609894,520.5170408441459,gamma_gamma_conditional_expectation,362.58,192.87,High risk / High value
14600,0.5103898763656616,True,1.0,88.0,210.0,393.33,0.9231098024725894,409.36117677138276,gamma_gamma_conditional_expectation,377.89,192.87,High risk / High value
13357,0.20361290574073793,True,3.0,370.0,444.0,755.0966666666667,1.243659994227142,761.6689988989077,gamma_gamma_conditional_expectation,947.26,192.87,Low risk / High value
13361,0.6260984539985657,True,1.0,145.0,434.0,633.25,0.47248932942890814,651.8177404733335,gamma_gamma_conditional_expectation,307.98,192.83,High risk / Low value
17694,0.5609864950180053,False,1.0,51.0,379.0,801.98,0.4179782206900595,822.3316450808283,gamma_gamma_conditional_expectation,343.72,192.82,High risk / High value
13931,0.19324253499507904,False,6.0,456.0,553.0,530.3933333333333,1.8708283636419532,533.2812700276689,gamma_gamma_conditional_expectation,997.68,192.79,Low risk / High value
17307,0.31679787039756774,True,10.0,294.0,506.0,384.725,1.5719791648336687,386.30399541440954,gamma_gamma_conditional_expectation,607.26,192.38,Low risk / High value
14338,0.4771506547927856,False,1.0,340.0,353.0,579.97,0.67417617875821,597.9744355631971,gamma_gamma_conditional_expectation,403.14,192.36,High risk / High value
16087,0.4284809172153473,True,4.0,300.0,506.0,348.39,1.2743931746888009,352.2484167623637,gamma_gamma_conditional_expectation,448.9,192.35,Low risk / High value
14220,0.33608393371105194,True,3.0,322.0,386.0,402.36666666666673,1.4017694868401782,407.70461531355244,gamma_gamma_conditional_expectation,571.51,192.08,Low risk / High value
13237,0.6629733800888061,True,0.0,0.0,204.0,0.0,0.45034803555681113,643.0,own_observed_transaction (Gamma-Gamma unstable at frequency=0),289.57,191.98,High risk / Low value
13864,0.6411785125732422,True,0.0,0.0,203.0,0.0,0.4519809768356928,662.4,own_observed_transaction (Gamma-Gamma unstable at frequency=0),299.39,191.96,High risk / Low value
17769,0.15696212500333787,False,8.0,411.0,506.0,464.8825,2.6098825957190446,466.96172371078023,gamma_gamma_conditional_expectation,1218.72,191.29,Low risk / High value
15084,0.6008865237236023,True,1.0,266.0,462.0,615.8,0.5018347222812806,634.1832496572321,gamma_gamma_conditional_expectation,318.26,191.24,High risk / Low value
14186,0.4771506547927856,True,4.0,217.0,461.0,336.5725,1.1770998650653723,340.39992724410104,gamma_gamma_conditional_expectation,400.68,191.18,High risk / High value
16781,0.6151273608207702,True,1.0,297.0,486.0,622.5,0.48474873344583447,640.9540856725833,gamma_gamma_conditional_expectation,310.7,191.12,High risk / Low value
13029,0.5110155582427979,False,2.0,170.0,340.0,357.3,1.0239213463799943,365.08397588803433,gamma_gamma_conditional_expectation,373.82,191.03,High risk / High value
16677,0.6189089059829712,True,1.0,241.0,469.0,617.39,0.4851656826015574,635.7900599952035,gamma_gamma_conditional_expectation,308.46,190.91,High risk / Low value
13838,0.3626023232936859,False,3.0,210.0,396.0,424.01,1.2245629367589783,429.42368979563696,gamma_gamma_conditional_expectation,525.86,190.68,Low risk / High value
12690,0.4284809172153473,True,0.0,0.0,22.0,0.0,1.328355566004496,335.01,own_observed_transaction (Gamma-Gamma unstable at frequency=0),445.01,190.68,Low risk / High value
16246,0.6189089059829712,True,1.0,210.0,486.0,660.35,0.4533630082315897,679.2042562966199,gamma_gamma_conditional_expectation,307.93,190.58,High risk / Low value
17602,0.20361290574073793,False,7.0,295.0,436.0,386.3742857142857,2.407179211275442,388.6334749996363,gamma_gamma_conditional_expectation,935.51,190.48,Low risk / High value
14044,0.23286690413951874,False,5.0,375.0,501.0,479.02,1.6950948250733886,482.37901686693453,gamma_gamma_conditional_expectation,817.68,190.41,Low risk / High value
17486,0.5788308262825013,True,0.0,0.0,78.0,0.0,0.8285029730804067,396.87,own_observed_transaction (Gamma-Gamma unstable at frequency=0),328.81,190.33,High risk / Low value
17974,0.24190938472747803,False,3.0,188.0,224.0,356.41333333333336,2.1744581624847483,361.5904676452914,gamma_gamma_conditional_expectation,786.26,190.2,Low risk / High value
14193,0.45248091220855713,False,1.0,127.0,213.0,422.54,0.9569550882620161,438.880000653235,gamma_gamma_conditional_expectation,419.99,190.04,Low risk / High value
12668,0.07190426886081695,False,7.0,418.0,494.0,1101.037142857143,2.3892736869019684,1104.36603846908,gamma_gamma_conditional_expectation,2638.63,189.73,Low risk / High value
16104,0.4284809172153473,False,6.0,315.0,550.0,297.72499999999997,1.47177839697752,300.20653475005867,gamma_gamma_conditional_expectation,441.84,189.32,Low risk / High value
16124,0.42089284062385557,True,3.0,415.0,549.0,436.49666666666667,1.0165441410704048,441.9540537275466,gamma_gamma_conditional_expectation,449.27,189.09,Low risk / High value
16717,0.21529114246368408,False,6.0,366.0,549.0,508.11833333333334,1.7185768539859803,510.9673622692341,gamma_gamma_conditional_expectation,878.14,189.06,Low risk / High value
12410,0.4933562397956848,True,1.0,194.0,319.0,533.33,0.6947844599164685,550.8413323160356,gamma_gamma_conditional_expectation,382.72,188.82,High risk / High value
17499,0.4771506547927856,True,1.0,272.0,378.0,622.88,0.6166727326254202,641.338103237633,gamma_gamma_conditional_expectation,395.5,188.71,High risk / High value
17282,0.3522744119167328,False,2.0,249.0,365.0,510.85,1.0300086413447718,519.4414142789989,gamma_gamma_conditional_expectation,535.03,188.48,Low risk / High value
12757,0.2535876214504242,False,1.0,26.0,28.0,243.2,2.882618956368818,257.64392140053474,gamma_gamma_conditional_expectation,742.69,188.34,Low risk / High value
13386,0.5829169631004334,True,1.0,23.0,254.0,521.76,0.5988674401472889,539.1490080328095,gamma_gamma_conditional_expectation,322.88,188.21,High risk / Low value
15704,0.18432483673095704,False,3.0,396.0,400.0,730.1633333333333,1.384764620480577,736.6484110156498,gamma_gamma_conditional_expectation,1020.08,188.03,Low risk / High value
13920,0.4531506597995758,True,3.0,131.0,379.0,417.01,0.9823726231679631,422.39919319739613,gamma_gamma_conditional_expectation,414.95,188.03,High risk / High value
16054,0.5245869994163513,False,2.0,199.0,434.0,437.75,0.8031712145027646,445.9570199684843,gamma_gamma_conditional_expectation,358.18,187.9,High risk / High value
16529,0.22118866741657256,True,3.0,340.0,347.0,539.1666666666666,1.558337611905795,544.9833488334589,gamma_gamma_conditional_expectation,849.27,187.85,Low risk / High value
15101,0.4284809172153473,False,4.0,231.0,407.0,284.93499999999995,1.5181912057377676,288.62701609544115,gamma_gamma_conditional_expectation,438.19,187.76,Low risk / High value
18055,0.04562543779611587,False,8.0,210.0,230.0,797.8,5.140631967007603,800.315163773132,gamma_gamma_conditional_expectation,4114.13,187.71,Low risk / High value
13385,0.6157037734985351,True,0.0,0.0,146.0,0.0,0.5698729632408321,534.57,own_observed_transaction (Gamma-Gamma unstable at frequency=0),304.64,187.57,High risk / Low value
17239,0.4284809172153473,True,3.0,214.0,343.0,293.6666666666667,1.4649015465187312,298.6242181380127,gamma_gamma_conditional_expectation,437.46,187.44,Low risk / High value
13081,0.014496993273496628,False,20.0,514.0,548.0,2152.2850000000003,5.999561359136263,2153.999172905698,gamma_gamma_conditional_expectation,12923.05,187.35,Low risk / High value
16282,0.4771506547927856,True,2.0,379.0,535.0,518.79,0.7440456697928451,527.4231665474733,gamma_gamma_conditional_expectation,392.43,187.25,High risk / High value
16129,0.4284809172153473,True,2.0,100.0,324.0,474.555,0.9039690149490788,482.95555803412714,gamma_gamma_conditional_expectation,436.58,187.07,Low risk / High value
17492,0.42089284062385557,True,2.0,270.0,335.0,383.90999999999997,1.1332083352633755,391.8339038306169,gamma_gamma_conditional_expectation,444.03,186.89,Low risk / High value
17456,0.5051007628440857,True,1.0,91.0,273.0,499.72,0.7152623378541646,516.8759892599228,gamma_gamma_conditional_expectation,369.7,186.74,High risk / High value
12980,0.04562543779611587,False,18.0,550.0,554.0,754.2033333333334,5.41144521001007,755.2950173636295,gamma_gamma_conditional_expectation,4087.24,186.48,Low risk / High value
12801,0.6677917599678039,True,0.0,0.0,317.0,0.0,0.31990030122955354,871.82,own_observed_transaction (Gamma-Gamma unstable at frequency=0),278.9,186.25,High risk / Low value
16588,0.4062379777431488,True,3.0,188.0,391.0,381.49333333333334,1.1851893921157652,386.7582354572742,gamma_gamma_conditional_expectation,458.38,186.21,Low risk / High value
17897,0.27304708063602445,False,6.0,209.0,393.0,364.2383333333333,1.8588593349608733,366.8360469703069,gamma_gamma_conditional_expectation,681.9,186.19,Low risk / High value
14729,0.5536271810531617,True,1.0,252.0,442.0,626.98,0.5208157895576403,645.4814506500122,gamma_gamma_conditional_expectation,336.18,186.12,High risk / High value
14449,0.1720462992787361,False,4.0,190.0,253.0,430.2975,2.4871158509787112,434.37070618204626,gamma_gamma_conditional_expectation,1080.33,185.87,Low risk / High value
15106,0.27304708063602445,False,1.0,58.0,86.0,367.75,1.7745706002164876,383.5107312082955,gamma_gamma_conditional_expectation,680.57,185.83,Low risk / High value
13753,0.37060232162475587,True,3.0,449.0,553.0,484.1233333333333,1.022440344034412,489.74739058262503,gamma_gamma_conditional_expectation,500.74,185.58,Low risk / High value
16036,0.3538887739181519,False,2.0,357.0,437.0,568.985,0.9070137201302251,577.882115554536,gamma_gamma_conditional_expectation,524.15,185.49,Low risk / High value
15990,0.3538887739181519,False,5.0,362.0,466.0,284.142,1.8249776823147423,287.09240187090194,gamma_gamma_conditional_expectation,523.94,185.42,Low risk / High value
14265,0.6319721579551697,False,1.0,148.0,429.0,590.65,0.48142195330452736,608.7673502861747,gamma_gamma_conditional_expectation,293.07,185.21,High risk / Low value
17311,0.23286690413951874,False,4.0,358.0,491.0,557.1775,1.4161171780176411,561.5834288456524,gamma_gamma_conditional_expectation,795.27,185.19,Low risk / High value
13169,0.5673132181167603,False,1.0,310.0,379.0,505.2,0.6248414894333861,522.4139267769564,gamma_gamma_conditional_expectation,326.43,185.19,High risk / Low value
14142,0.5735206723213195,True,1.0,273.0,463.0,623.62,0.5028941608645949,642.0859269169406,gamma_gamma_conditional_expectation,322.9,185.19,High risk / Low value
17674,0.6359565734863282,False,0.0,0.0,185.0,0.0,0.48354946947915173,601.32,own_observed_transaction (Gamma-Gamma unstable at frequency=0),290.77,184.92,High risk / Low value
15303,0.4907220959663391,True,2.0,393.0,500.0,460.99,0.8027519412145625,469.31922686008977,gamma_gamma_conditional_expectation,376.75,184.88,High risk / High value
17525,0.4331237733364105,True,2.0,69.0,245.0,364.79999999999995,1.14476533631143,372.6234144287847,gamma_gamma_conditional_expectation,426.57,184.76,Low risk / High value
16023,0.2965662062168121,False,1.0,74.0,83.0,322.85,1.8422768514732342,338.13602418004615,gamma_gamma_conditional_expectation,622.94,184.74,Low risk / High value
16372,0.518360710144043,False,2.0,198.0,424.0,423.615,0.8253285765761094,431.74769146534993,gamma_gamma_conditional_expectation,356.33,184.71,High risk / High value
16485,0.4531506597995758,False,3.0,301.0,550.0,437.2633333333333,0.9204557651001862,442.72340335497296,gamma_gamma_conditional_expectation,407.51,184.66,High risk / High value
17046,0.5269871115684509,False,2.0,176.0,437.0,452.30500000000006,0.7604585927656893,460.58855702990076,gamma_gamma_conditional_expectation,350.26,184.58,High risk / High value
13804,0.3538887739181519,False,2.0,147.0,253.0,376.815,1.3550257121722242,384.701594971067,gamma_gamma_conditional_expectation,521.28,184.48,Low risk / High value
16377,0.4771506547927856,True,1.0,350.0,434.0,676.2,0.5559032663290531,695.2218310493538,gamma_gamma_conditional_expectation,386.48,184.41,High risk / High value
12468,0.17649169266223907,True,4.0,495.0,499.0,708.3774999999999,1.46478669678979,713.1799268495714,gamma_gamma_conditional_expectation,1044.66,184.37,Low risk / High value
13398,0.4571237683296204,True,1.0,256.0,265.0,457.34,0.8501478101434545,474.04792503147723,gamma_gamma_conditional_expectation,403.01,184.23,High risk / High value
17404,0.019258898124098776,False,13.0,490.0,518.0,2284.7592307692307,4.1748748766966886,2287.5038596044906,gamma_gamma_conditional_expectation,9550.04,183.92,Low risk / High value
13908,0.3091788232326508,False,1.0,62.0,93.0,335.11,1.6956703658614183,350.5256435155993,gamma_gamma_conditional_expectation,594.38,183.77,Low risk / High value
15441,0.5355163812637329,True,2.0,334.0,547.0,476.32,0.7078311519562734,484.7298392373837,gamma_gamma_conditional_expectation,343.11,183.74,High risk / High value
15934,0.5355163812637329,True,1.0,12.0,246.0,579.9,0.5731753333353798,597.9036954854247,gamma_gamma_conditional_expectation,342.7,183.52,High risk / High value
15886,0.5882045149803161,False,1.0,182.0,415.0,577.41,0.5239152464542107,595.387369861809,gamma_gamma_conditional_expectation,311.93,183.48,High risk / Low value
15569,0.23286690413951874,False,5.0,317.0,466.0,447.988,1.7454601956502207,451.28194979647566,gamma_gamma_conditional_expectation,787.69,183.43,Low risk / High value
15530,0.4571237683296204,False,1.0,266.0,329.0,553.13,0.7020477223525247,570.8506686002079,gamma_gamma_conditional_expectation,400.76,183.2,High risk / High value
12862,0.6105547189712525,True,1.0,70.0,312.0,497.64,0.5827527975546218,514.7739983775451,gamma_gamma_conditional_expectation,299.99,183.16,High risk / Low value
15380,0.36231192350387575,False,6.0,373.0,555.0,292.58,1.7109694902607775,295.0525479748781,gamma_gamma_conditional_expectation,504.83,182.91,Low risk / High value
17277,0.38063024282455443,True,1.0,95.0,139.0,348.33,1.3202708197460518,363.88541248917295,gamma_gamma_conditional_expectation,480.43,182.87,Low risk / High value
17796,0.3256571114063263,False,5.0,108.0,238.0,228.76999999999998,2.423956278878484,231.60429933721258,gamma_gamma_conditional_expectation,561.4,182.82,Low risk / High value
12664,0.29529114365577697,False,3.0,494.0,543.0,580.8866666666667,1.0546303433148954,586.8493485589742,gamma_gamma_conditional_expectation,618.91,182.76,Low risk / High value
13157,0.11275306567549706,False,5.0,400.0,458.0,850.176,1.8950834012593845,854.3132468747727,gamma_gamma_conditional_expectation,1618.99,182.55,Low risk / High value
15506,0.40717245936393737,False,2.0,96.0,294.0,432.195,1.0156043119765434,440.37280915596847,gamma_gamma_conditional_expectation,447.24,182.1,Low risk / High value
12407,0.40640151500701904,False,1.0,29.0,81.0,239.66,1.7610310846321464,254.06649461033422,gamma_gamma_conditional_expectation,447.42,181.83,Low risk / High value
17164,0.31679787039756774,False,1.0,61.0,90.0,316.09,1.7300239687213486,331.3045538123186,gamma_gamma_conditional_expectation,573.16,181.58,Low risk / High value
14886,0.5642153978347778,True,0.0,0.0,69.0,0.0,0.8816312344429715,364.8,own_observed_transaction (Gamma-Gamma unstable at frequency=0),321.62,181.46,High risk / Low value
15608,0.6391617059707642,False,0.0,0.0,232.0,0.0,0.4089897094782953,692.3,own_observed_transaction (Gamma-Gamma unstable at frequency=0),283.14,180.97,High risk / Low value
15629,0.4557848036289215,True,2.0,82.0,349.0,532.3499999999999,0.7316759823717947,541.0544714291501,gamma_gamma_conditional_expectation,395.88,180.44,High risk / High value
13705,0.3626023232936859,False,4.0,251.0,441.0,347.78999999999996,1.413520112175476,351.6468433575862,gamma_gamma_conditional_expectation,497.06,180.24,Low risk / High value
12516,0.5732813477516174,False,1.0,169.0,416.0,593.1,0.5143240411063971,611.2432530082062,gamma_gamma_conditional_expectation,314.38,180.23,High risk / Low value
17083,0.1720462992787361,False,7.0,373.0,485.0,441.59000000000003,2.3580908061259023,443.9318360862975,gamma_gamma_conditional_expectation,1046.83,180.1,Low risk / High value
14442,0.11275306567549706,True,5.0,486.0,507.0,905.6539999999999,1.7541572387012365,909.9075716664365,gamma_gamma_conditional_expectation,1596.12,179.97,Low risk / High value
18072,0.4284809172153473,True,0.0,0.0,2.0,0.0,1.6972698393459487,247.44,own_observed_transaction (Gamma-Gamma unstable at frequency=0),419.97,179.95,Low risk / High value
15449,0.2965662062168121,False,1.0,76.0,78.0,301.78,1.914267000757173,316.84326077057585,gamma_gamma_conditional_expectation,606.52,179.87,Low risk / High value
14628,0.36854363679885865,False,3.0,441.0,500.0,426.16333333333336,1.1299010639421105,431.5845587491911,gamma_gamma_conditional_expectation,487.65,179.72,Low risk / High value
15995,0.6287670254707336,True,0.0,0.0,231.0,0.0,0.41033513373981223,696.19,own_observed_transaction (Gamma-Gamma unstable at frequency=0),285.67,179.62,High risk / Low value
16038,0.40793728828430176,False,0.0,0.0,18.0,0.0,1.3885611299365885,316.95,own_observed_transaction (Gamma-Gamma unstable at frequency=0),440.1,179.53,Low risk / High value
16571,0.1720462992787361,False,7.0,350.0,448.0,407.9742857142857,2.5434801593706764,410.2658058482642,gamma_gamma_conditional_expectation,1043.5,179.53,Low risk / High value
16205,0.4531506597995758,False,2.0,146.0,359.0,424.56,0.9154359114379638,432.6976607214845,gamma_gamma_conditional_expectation,396.11,179.5,High risk / High value
13333,0.5355163812637329,True,2.0,247.0,475.0,426.78000000000003,0.7702875085989562,434.9293345295467,gamma_gamma_conditional_expectation,335.02,179.41,High risk / High value
14510,0.4771506547927856,True,1.0,61.0,253.0,505.75,0.7187179332326651,522.9697416737389,gamma_gamma_conditional_expectation,375.87,179.35,High risk / High value
16135,0.5625513195991516,True,1.0,321.0,400.0,517.55,0.5956900734987228,534.8944976410739,gamma_gamma_conditional_expectation,318.63,179.25,High risk / Low value
17652,0.09790458008646966,False,3.0,98.0,98.0,469.03333333333336,3.8493913565376974,474.604582915846,gamma_gamma_conditional_expectation,1826.94,178.87,Low risk / High value
17101,0.5355163812637329,False,2.0,156.0,367.0,358.46,0.9112277127195826,366.25007571567033,gamma_gamma_conditional_expectation,333.74,178.72,High risk / High value
15803,0.5355163812637329,False,2.0,231.0,493.0,455.02,0.7202473628528185,463.3178337816524,gamma_gamma_conditional_expectation,333.7,178.7,High risk / High value
15425,0.4284809172153473,True,3.0,263.0,480.0,393.96000000000004,1.0432345957413276,399.2685293989032,gamma_gamma_conditional_expectation,416.53,178.48,Low risk / High value
12562,0.23286690413951874,False,2.0,237.0,252.0,521.0699999999999,1.4466180667463793,529.7151558638615,gamma_gamma_conditional_expectation,766.3,178.45,Low risk / High value
15093,0.04562543779611587,False,17.0,525.0,548.0,757.419411764706,5.149056628850579,758.5773324645631,gamma_gamma_conditional_expectation,3905.96,178.21,Low risk / High value
17704,0.4733293533325195,False,0.0,0.0,56.0,0.0,0.9717641745621651,387.29,own_observed_transaction (Gamma-Gamma unstable at frequency=0),376.35,178.14,High risk / High value
13889,0.4331237733364105,False,4.0,304.0,503.0,313.7375,1.2939066872810443,317.5050460806124,gamma_gamma_conditional_expectation,410.82,177.94,Low risk / High value
14270,0.6391617059707642,True,0.0,0.0,148.0,0.0,0.5646992935114857,492.65,own_observed_transaction (Gamma-Gamma unstable at frequency=0),278.2,177.81,High risk / Low value
17697,0.5269871115684509,True,0.0,0.0,53.0,0.0,0.9952714965684711,338.95,own_observed_transaction (Gamma-Gamma unstable at frequency=0),337.35,177.78,High risk / High value
14920,0.28267852663993837,True,1.0,353.0,382.0,977.77,0.6286983266519067,999.9801918179319,gamma_gamma_conditional_expectation,628.69,177.72,Low risk / High value
15589,0.4284809172153473,True,1.0,55.0,127.0,293.58,1.3441038198553046,308.5565659458176,gamma_gamma_conditional_expectation,414.73,177.7,Low risk / High value
17132,0.5609864950180053,True,1.0,36.0,305.0,596.63,0.5142467408953472,614.8105740730107,gamma_gamma_conditional_expectation,316.16,177.36,High risk / Low value
18196,0.4255356967449188,False,2.0,342.0,449.0,466.30499999999995,0.8777082842357343,474.66217563930155,gamma_gamma_conditional_expectation,416.61,177.28,Low risk / High value
13065,0.4331237733364105,True,4.0,174.0,364.0,268.33500000000004,1.504502185443429,271.9834852299316,gamma_gamma_conditional_expectation,409.2,177.23,Low risk / High value
12963,0.3195067346096039,False,4.0,154.0,336.0,348.67,1.5726386667947458,352.52915101792655,gamma_gamma_conditional_expectation,554.4,177.13,Low risk / High value
15532,0.2535876214504242,False,6.0,191.0,366.0,356.1716666666666,1.946109917726205,358.7552902512029,gamma_gamma_conditional_expectation,698.18,177.05,Low risk / High value
17478,0.6047326803207398,True,1.0,225.0,450.0,566.6,0.5006399507132516,584.4630807086827,gamma_gamma_conditional_expectation,292.61,176.95,High risk / Low value
12394,0.4284809172153473,False,0.0,0.0,34.0,0.0,1.1757386201319502,351.08,own_observed_transaction (Gamma-Gamma unstable at frequency=0),412.78,176.87,Low risk / High value
12978,0.3672969102859497,True,4.0,344.0,546.0,389.31,1.2244518302726954,393.27572296818624,gamma_gamma_conditional_expectation,481.55,176.87,Low risk / High value
16966,0.128669935464859,False,2.0,43.0,57.0,372.6,3.612207391156778,380.4644305111653,gamma_gamma_conditional_expectation,1374.32,176.83,Low risk / High value
16347,0.2965662062168121,False,7.0,249.0,454.0,342.86,1.7279645340244656,345.05405716569413,gamma_gamma_conditional_expectation,596.24,176.82,Low risk / High value
12463,0.2965662062168121,False,1.0,35.0,58.0,261.38,2.159384635094844,276.0161301705475,gamma_gamma_conditional_expectation,596.02,176.76,Low risk / High value
15590,0.4062379777431488,True,3.0,224.0,423.0,371.8666666666666,1.153279835746946,377.097880135503,gamma_gamma_conditional_expectation,434.9,176.67,Low risk / High value
12484,0.2535876214504242,False,5.0,345.0,498.0,416.16,1.6579082943458991,419.3872136944338,gamma_gamma_conditional_expectation,695.31,176.32,Low risk / High value
17782,0.565748393535614,True,0.0,0.0,199.0,0.0,0.4586333676953811,679.02,own_observed_transaction (Gamma-Gamma unstable at frequency=0),311.42,176.19,High risk / Low value
16777,0.40306767225265505,False,3.0,375.0,449.0,349.5933333333333,1.2320712622142518,354.7466009595767,gamma_gamma_conditional_expectation,437.07,176.17,Low risk / High value
17188,0.18490920066833497,False,8.0,416.0,548.0,401.89,2.3575207373588674,403.8867379466564,gamma_gamma_conditional_expectation,952.17,176.06,Low risk / High value
15416,0.18490920066833497,False,3.0,437.0,493.0,824.6333333333333,1.144572583805758,831.44901010648,gamma_gamma_conditional_expectation,951.65,175.97,Low risk / High value
16730,0.4284809172153473,False,1.0,85.0,136.0,293.92,1.3289432282337423,308.90016060928326,gamma_gamma_conditional_expectation,410.51,175.9,Low risk / High value
15620,0.2535876214504242,False,2.0,189.0,226.0,437.505,1.5561717027500463,445.7107316428198,gamma_gamma_conditional_expectation,693.6,175.89,Low risk / High value
16012,0.47978479862213136,False,1.0,128.0,346.0,599.17,0.5937481091057965,617.3774283236065,gamma_gamma_conditional_expectation,366.57,175.87,High risk / High value
14048,0.4331237733364105,True,1.0,77.0,199.0,409.93,0.9522827804890713,426.13668092882017,gamma_gamma_conditional_expectation,405.8,175.76,Low risk / High value
17342,0.5319321513175964,True,3.0,290.0,486.0,304.98333333333335,1.0654961604325504,309.98048763850204,gamma_gamma_conditional_expectation,330.28,175.69,High risk / High value
14897,0.31881026923656464,False,4.0,428.0,541.0,412.125,1.3241687930388413,416.150551684849,gamma_gamma_conditional_expectation,551.05,175.68,Low risk / High value
13276,0.4531506597995758,False,2.0,245.0,459.0,475.75,0.8002351111568758,484.1568419082867,gamma_gamma_conditional_expectation,387.44,175.57,High risk / High value
15257,0.5914102673530579,True,1.0,131.0,231.0,317.15,0.8930208585644872,332.3757607042995,gamma_gamma_conditional_expectation,296.82,175.54,High risk / Low value
14409,0.23286690413951874,False,4.0,249.0,384.0,440.6725,1.6943376640787142,444.7729129729898,gamma_gamma_conditional_expectation,753.6,175.49,Low risk / High value
14230,0.6189089059829712,True,1.0,113.0,365.0,504.3,0.5436561133255206,521.5044114913122,gamma_gamma_conditional_expectation,283.52,175.47,High risk / Low value
14375,0.39829052686691285,True,2.0,356.0,358.0,393.995,1.0953880372091689,401.9719355217461,gamma_gamma_conditional_expectation,440.32,175.38,Low risk / High value
13637,0.2535876214504242,False,1.0,39.0,43.0,262.25,2.496796858517326,276.8953282800036,gamma_gamma_conditional_expectation,691.35,175.32,Low risk / High value
16835,0.40846019983291626,False,4.0,196.0,386.0,284.42,1.4880403147784924,288.1106655896739,gamma_gamma_conditional_expectation,428.72,175.12,Low risk / High value
15210,0.3909714698791504,True,2.0,350.0,392.0,437.135,1.0052036641045878,445.3387860081428,gamma_gamma_conditional_expectation,447.66,175.02,Low risk / High value
13282,0.5069602251052856,False,1.0,186.0,223.0,344.7,0.958409981035762,360.217034170408,gamma_gamma_conditional_expectation,345.24,175.02,High risk / High value
17213,0.19324253499507904,False,8.0,408.0,541.0,379.165,2.3759137691274708,381.1319806106289,gamma_gamma_conditional_expectation,905.54,174.99,Low risk / High value
16463,0.40793728828430176,False,0.0,0.0,21.0,0.0,1.3429059055287282,319.37,own_observed_transaction (Gamma-Gamma unstable at frequency=0),428.88,174.96,Low risk / High value
16269,0.6391617059707642,True,0.0,0.0,254.0,0.0,0.38147837370149246,717.57,own_observed_transaction (Gamma-Gamma unstable at frequency=0),273.74,174.96,High risk / Low value
16584,0.23286690413951874,False,3.0,407.0,478.0,635.9366666666666,1.1699981259486012,642.0919968065681,gamma_gamma_conditional_expectation,751.25,174.94,Low risk / High value
12360,0.2049207717180252,False,3.0,455.0,472.0,705.4699999999999,1.1990113691259465,711.8686630157603,gamma_gamma_conditional_expectation,853.54,174.91,Low risk / High value
17235,0.38092064261436465,False,6.0,181.0,370.0,263.2316666666666,1.7283988752261252,265.65295188671655,gamma_gamma_conditional_expectation,459.15,174.9,Low risk / High value
16716,0.4284809172153473,True,2.0,364.0,447.0,450.6,0.8891383558968323,458.87459133497015,gamma_gamma_conditional_expectation,408.0,174.82,Low risk / High value
12915,0.4771506547927856,False,2.0,217.0,406.0,402.225,0.8925017979773396,410.24521274712964,gamma_gamma_conditional_expectation,366.14,174.7,High risk / High value
13152,0.42701311111450196,True,6.0,277.0,511.0,277.6516666666667,1.4601172749266578,280.09813931103224,gamma_gamma_conditional_expectation,408.98,174.64,Low risk / High value
13541,0.6609565734863281,True,1.0,143.0,387.0,474.9,0.5372546868348791,491.79357882693506,gamma_gamma_conditional_expectation,264.22,174.64,High risk / Low value
14838,0.6079378128051758,True,1.0,313.0,553.0,654.57,0.426467640783674,673.3631470177049,gamma_gamma_conditional_expectation,287.17,174.58,High risk / Low value
17866,0.6260984539985657,False,1.0,241.0,542.0,655.8,0.41329484882670686,674.6061512414185,gamma_gamma_conditional_expectation,278.81,174.56,High risk / Low value
13982,0.20361290574073793,False,6.0,362.0,505.0,440.355,1.9336442870178647,443.0856666730917,gamma_gamma_conditional_expectation,856.77,174.45,Low risk / High value
17259,0.3458887755870819,False,3.0,287.0,472.0,452.58,1.1005835939602668,458.0936709115999,gamma_gamma_conditional_expectation,504.17,174.39,Low risk / High value
17723,0.17990920096635818,False,3.0,184.0,192.0,387.26666666666665,2.4686756594116392,392.55177265163286,gamma_gamma_conditional_expectation,969.08,174.35,Low risk / High value
16208,0.1720462992787361,False,8.0,364.0,470.0,368.77875,2.73208712663055,370.7321302968196,gamma_gamma_conditional_expectation,1012.87,174.26,Low risk / High value
14821,0.4284809172153473,True,4.0,310.0,493.0,299.25,1.3419502389371407,302.97955491109,gamma_gamma_conditional_expectation,406.58,174.21,Low risk / High value
13358,0.565748393535614,True,0.0,0.0,85.0,0.0,0.7914400340471993,389.03,own_observed_transaction (Gamma-Gamma unstable at frequency=0),307.89,174.19,High risk / Low value
13743,0.41176736950874326,False,1.0,42.0,76.0,211.44,1.8752370643149294,225.54813754269063,gamma_gamma_conditional_expectation,422.96,174.16,Low risk / High value
17320,0.2108182966709137,False,4.0,451.0,504.0,570.3975,1.4370413419032468,574.8380961975824,gamma_gamma_conditional_expectation,826.07,174.15,Low risk / High value
17398,0.3779213786125183,False,1.0,45.0,72.0,222.77,1.944235454114582,236.99792441641148,gamma_gamma_conditional_expectation,460.78,174.14,Low risk / High value
13240,0.3382697284221649,False,4.0,395.0,469.0,335.395,1.5174862998924408,339.2193394372253,gamma_gamma_conditional_expectation,514.76,174.13,Low risk / High value
13085,0.3091788232326508,False,3.0,443.0,555.0,548.0666666666667,1.0164256326438423,553.9144945083651,gamma_gamma_conditional_expectation,563.01,174.07,Low risk / High value
13264,0.6411785125732422,True,0.0,0.0,259.0,0.0,0.375735647820242,722.56,own_observed_transaction (Gamma-Gamma unstable at frequency=0),271.49,174.07,High risk / Low value
15757,0.18537963330745696,False,4.0,330.0,364.0,489.5575,1.9015280765777263,493.78610612723304,gamma_gamma_conditional_expectation,938.95,174.06,Low risk / High value
12823,0.09972276166081429,False,12.0,425.0,496.0,443.3333333333333,3.920994227287014,444.7000741547757,gamma_gamma_conditional_expectation,1743.67,173.88,Low risk / High value
16212,0.4933562397956848,False,2.0,387.0,487.0,420.26,0.8227160554555148,428.3750492914542,gamma_gamma_conditional_expectation,352.43,173.87,High risk / High value
16008,0.09939394295215606,False,12.0,426.0,447.0,396.08750000000003,4.401678868405639,397.41301466088373,gamma_gamma_conditional_expectation,1749.28,173.87,Low risk / High value
13506,0.27710674703121185,True,4.0,144.0,277.0,302.97,2.0451800613672884,306.7093100207103,gamma_gamma_conditional_expectation,627.28,173.82,Low risk / High value
15197,0.3538887739181519,False,4.0,476.0,545.0,363.2975,1.3373055272586316,367.19500931523027,gamma_gamma_conditional_expectation,491.05,173.78,Low risk / High value
14049,0.04562543779611587,False,7.0,417.0,434.0,1392.9957142857143,2.725464556485568,1396.7616130633214,gamma_gamma_conditional_expectation,3806.82,173.69,Low risk / High value
17004,0.5609864950180053,False,1.0,32.0,241.0,442.59,0.674265777374283,459.14198007230846,gamma_gamma_conditional_expectation,309.58,173.67,High risk / Low value
16837,0.06869582533836364,False,5.0,48.0,62.0,333.2,7.516307693395198,336.25326537768757,gamma_gamma_conditional_expectation,2527.38,173.62,Low risk / High value
13221,0.4284809172153473,True,1.0,119.0,176.0,346.7,1.118551157985205,362.23817924961736,gamma_gamma_conditional_expectation,405.18,173.61,Low risk / High value
14644,0.4172262966632843,False,4.0,438.0,553.0,316.49,1.2989262652857483,320.26476407502895,gamma_gamma_conditional_expectation,416.0,173.57,Low risk / High value
17714,0.3458887755870819,True,4.0,193.0,330.0,266.64250000000004,1.8561670711780691,270.28654691728855,gamma_gamma_conditional_expectation,501.7,173.53,Low risk / High value
16001,0.64599689245224,True,0.0,0.0,198.0,0.0,0.4603272946577759,583.39,own_observed_transaction (Gamma-Gamma unstable at frequency=0),268.55,173.48,High risk / Low value
14316,0.5060705184936524,True,3.0,208.0,447.0,328.32,1.0279527380467792,333.3988212976849,gamma_gamma_conditional_expectation,342.72,173.44,High risk / High value
13562,0.17990920096635818,False,4.0,449.0,511.0,675.68,1.416491901130384,680.3966828450533,gamma_gamma_conditional_expectation,963.78,173.39,Low risk / High value
16468,0.6319721579551697,False,1.0,11.0,298.0,611.02,0.4354885462330741,629.3527129179217,gamma_gamma_conditional_expectation,274.08,173.21,High risk / Low value
18215,0.4531506597995758,False,3.0,186.0,440.0,383.2,0.9828306581337735,388.47087462789295,gamma_gamma_conditional_expectation,381.8,173.01,High risk / High value
17921,0.2108182966709137,False,6.0,246.0,329.0,285.325,2.8515494883437853,287.78487566118815,gamma_gamma_conditional_expectation,820.63,173.0,Low risk / High value
14987,0.4284809172153473,False,5.0,372.0,554.0,268.76,1.4847763675751626,271.6781493033008,gamma_gamma_conditional_expectation,403.38,172.84,Low risk / High value
15826,0.3739149749279022,False,1.0,358.0,385.0,720.0,0.6249559810814463,739.4849082840379,gamma_gamma_conditional_expectation,462.15,172.8,Low risk / High value
16672,0.04562543779611587,False,8.0,82.0,83.0,372.3625,10.113838138144224,374.3205730516266,gamma_gamma_conditional_expectation,3785.82,172.73,Low risk / High value
16084,0.5990371108055115,True,0.0,0.0,116.0,0.0,0.6607537250684666,436.18,own_observed_transaction (Gamma-Gamma unstable at frequency=0),288.21,172.65,High risk / Low value
14248,0.43052953481674194,True,2.0,197.0,332.0,360.485,1.087378776060796,368.285724121673,gamma_gamma_conditional_expectation,400.47,172.41,Low risk / High value
17284,0.22118866741657256,False,2.0,154.0,206.0,464.225,1.649075747702626,472.5712380173335,gamma_gamma_conditional_expectation,779.31,172.37,Low risk / High value
14816,0.43575791716575624,True,0.0,0.0,14.0,0.0,1.454565312118332,271.85,own_observed_transaction (Gamma-Gamma unstable at frequency=0),395.42,172.31,Low risk / High value
13434,0.5355163812637329,False,2.0,270.0,472.0,396.72,0.7948895793486698,404.7112648582188,gamma_gamma_conditional_expectation,321.7,172.28,High risk / Low value
16608,0.6047326803207398,True,1.0,210.0,480.0,601.32,0.45974755276540474,619.5501592837567,gamma_gamma_conditional_expectation,284.84,172.25,High risk / Low value
13338,0.5219449400901794,False,2.0,162.0,520.0,575.75,0.563934432058703,584.682689118293,gamma_gamma_conditional_expectation,329.72,172.1,High risk / High value
15824,0.6391617059707642,True,1.0,79.0,349.0,496.14,0.5244724543771032,513.2581395681381,gamma_gamma_conditional_expectation,269.19,172.06,High risk / Low value
13255,0.5766869068145752,False,1.0,139.0,329.0,451.4,0.6371686724416488,468.04512414622553,gamma_gamma_conditional_expectation,298.22,171.98,High risk / Low value
13863,0.4068881571292877,True,3.0,346.0,410.0,311.6766666666667,1.3338134580513705,316.6972443857723,gamma_gamma_conditional_expectation,422.42,171.88,Low risk / High value
16177,0.4571237683296204,False,5.0,211.0,464.0,314.726,1.1829556939895542,317.740529586902,gamma_gamma_conditional_expectation,375.87,171.82,High risk / High value
13874,0.28971936404705045,True,6.0,315.0,490.0,316.4666666666667,1.8573709147579711,318.9809374992993,gamma_gamma_conditional_expectation,592.47,171.65,Low risk / High value
15339,0.3458887755870819,False,4.0,351.0,486.0,344.0675,1.4253803371427487,347.9145816921128,gamma_gamma_conditional_expectation,495.91,171.53,Low risk / High value
14711,0.0895712472498417,False,5.0,77.0,79.0,280.694,6.750769910977756,283.63717219640654,gamma_gamma_conditional_expectation,1914.77,171.51,Low risk / High value
14984,0.47978479862213136,False,2.0,309.0,514.0,470.57,0.745670655643277,478.94960302280833,gamma_gamma_conditional_expectation,357.14,171.35,High risk / High value
12388,0.27710674703121185,False,4.0,307.0,399.0,356.27,1.7167440416508513,360.1490808117743,gamma_gamma_conditional_expectation,618.28,171.33,Low risk / High value
13559,0.6391617059707642,True,1.0,31.0,360.0,660.0,0.3947743214899259,678.8505559077582,gamma_gamma_conditional_expectation,267.99,171.29,High risk / Low value
15145,0.27304708063602445,False,1.0,21.0,65.0,301.8,1.978988260109735,316.863472221368,gamma_gamma_conditional_expectation,627.07,171.22,Low risk / High value
13196,0.2535876214504242,False,3.0,355.0,434.0,527.74,1.2650157341771018,533.5166943864258,gamma_gamma_conditional_expectation,674.91,171.15,Low risk / High value
14747,0.5788308262825013,True,0.0,0.0,66.0,0.0,0.9009017555386254,328.2,own_observed_transaction (Gamma-Gamma unstable at frequency=0),295.68,171.15,High risk / Low value
14417,0.6287670254707336,True,0.0,0.0,204.0,0.0,0.45034803555681113,604.2,own_observed_transaction (Gamma-Gamma unstable at frequency=0),272.1,171.09,High risk / Low value
15326,0.3825483202934265,True,4.0,405.0,555.0,348.18,1.270367735413631,352.0378660706916,gamma_gamma_conditional_expectation,447.22,171.08,Low risk / High value
16568,0.6260984539985657,True,1.0,214.0,458.0,543.6,0.4862716397795092,561.2199122977755,gamma_gamma_conditional_expectation,272.91,170.87,High risk / Low value
16244,0.3256571114063263,True,1.0,161.0,189.0,466.12,1.0859666584269843,482.9207519292062,gamma_gamma_conditional_expectation,524.44,170.79,Low risk / High value
17062,0.3458887755870819,True,5.0,126.0,256.0,200.494,2.4287126036477122,203.26901097409404,gamma_gamma_conditional_expectation,493.68,170.76,Low risk / High value
15150,0.11275306567549706,False,3.0,357.0,360.0,993.54,1.512974321140168,1000.946768023651,gamma_gamma_conditional_expectation,1514.41,170.75,Low risk / High value
12458,0.38203089237213134,False,2.0,203.0,304.0,365.70000000000005,1.195453910999498,373.52814705367484,gamma_gamma_conditional_expectation,446.54,170.59,Low risk / High value
15051,0.2965662062168121,False,5.0,359.0,555.0,392.706,1.4529552701885686,395.88403597238744,gamma_gamma_conditional_expectation,575.2,170.58,Low risk / High value
12805,0.47978479862213136,True,3.0,293.0,491.0,331.48333333333335,1.0557723319547887,336.5732247604137,gamma_gamma_conditional_expectation,355.34,170.49,High risk / High value
14880,0.42311506271362304,False,1.0,103.0,105.0,234.07,1.621396582095955,248.41739411394414,gamma_gamma_conditional_expectation,402.78,170.42,Low risk / High value
14382,0.6157037734985351,False,0.0,0.0,207.0,0.0,0.44551950404626317,620.73,own_observed_transaction (Gamma-Gamma unstable at frequency=0),276.55,170.27,High risk / Low value
15587,0.4531506597995758,False,3.0,140.0,308.0,257.04,1.4348929706385887,261.8693759373126,gamma_gamma_conditional_expectation,375.75,170.27,High risk / High value
13840,0.6411785125732422,True,0.0,0.0,233.0,0.0,0.40765310781441233,651.4,own_observed_transaction (Gamma-Gamma unstable at frequency=0),265.55,170.26,High risk / Low value
12926,0.4557848036289215,True,3.0,314.0,542.0,385.8066666666667,0.9551318970684874,391.08666336114266,gamma_gamma_conditional_expectation,373.54,170.25,High risk / High value
17496,0.4531506597995758,True,3.0,336.0,511.0,352.74333333333334,1.0495154633594668,357.90762442878514,gamma_gamma_conditional_expectation,375.63,170.22,High risk / High value
17951,0.4138260543346405,False,2.0,46.0,221.0,352.5,1.1417345793303486,360.258735221954,gamma_gamma_conditional_expectation,411.32,170.21,Low risk / High value
14741,0.4331237733364105,False,2.0,56.0,234.0,339.9,1.1304349151807644,347.5924784734932,gamma_gamma_conditional_expectation,392.93,170.19,Low risk / High value
12872,0.1933664709329605,True,11.0,410.0,553.0,298.02454545454543,2.9383538901069692,299.3773212114544,gamma_gamma_conditional_expectation,879.68,170.1,Low risk / High value
16227,0.4284809172153473,True,2.0,310.0,352.0,353.51,1.098517774910365,361.2740462787751,gamma_gamma_conditional_expectation,396.87,170.05,Low risk / High value
12358,0.4284809172153473,False,2.0,356.0,548.0,544.59,0.7163772876364124,553.358835127655,gamma_gamma_conditional_expectation,396.41,169.85,Low risk / High value
16882,0.5790721774101257,False,1.0,78.0,134.0,205.8,1.3334084650887885,219.84850841932035,gamma_gamma_conditional_expectation,293.15,169.76,High risk / Low value
17658,0.4284809172153473,False,0.0,0.0,28.0,0.0,1.247341050555118,317.6,own_observed_transaction (Gamma-Gamma unstable at frequency=0),396.16,169.75,Low risk / High value
13797,0.5355163812637329,True,2.0,211.0,464.0,412.48,0.7534451134758053,420.55413837851574,gamma_gamma_conditional_expectation,316.86,169.68,High risk / Low value
17243,0.04562543779611587,False,50.0,502.0,555.0,290.61420000000004,12.783083246665331,290.91003898416795,gamma_gamma_conditional_expectation,3718.73,169.67,Low risk / High value
18277,0.47978479862213136,False,2.0,97.0,311.0,366.265,0.9450064645450375,374.0961180904113,gamma_gamma_conditional_expectation,353.52,169.61,High risk / High value
15652,0.4331237733364105,False,3.0,98.0,302.0,322.71999999999997,1.1943481293365008,327.77922401909217,gamma_gamma_conditional_expectation,391.48,169.56,Low risk / High value
17874,0.16362879127264024,True,2.0,70.0,72.0,309.15000000000003,3.271939778497986,316.6807804564163,gamma_gamma_conditional_expectation,1036.16,169.55,Low risk / High value
16281,0.6157037734985351,False,1.0,259.0,499.0,580.44,0.4600054848794454,598.4494046568112,gamma_gamma_conditional_expectation,275.29,169.5,High risk / Low value
13803,0.4025745213031769,True,2.0,363.0,435.0,452.68999999999994,0.9129814546677529,460.9755815416592,gamma_gamma_conditional_expectation,420.86,169.43,Low risk / High value
12480,0.11275306567549706,False,4.0,240.0,324.0,735.1475,2.0298410439380414,740.020126926059,gamma_gamma_conditional_expectation,1502.12,169.37,Low risk / High value
13032,0.36691595911979674,False,3.0,68.0,277.0,429.9666666666667,1.0595272199243244,435.4012019009019,gamma_gamma_conditional_expectation,461.32,169.27,Low risk / High value
13809,0.4771506547927856,True,2.0,155.0,277.0,276.32500000000005,1.249622041186016,283.6831711097318,gamma_gamma_conditional_expectation,354.5,169.15,High risk / High value
16307,0.5355163812637329,True,2.0,148.0,394.0,379.53499999999997,0.8145270200804788,387.43589801517913,gamma_gamma_conditional_expectation,315.58,169.0,High risk / Low value
16771,0.1720462992787361,False,7.0,455.0,547.0,449.27714285714285,2.1748189697786904,451.630485047704,gamma_gamma_conditional_expectation,982.21,168.99,Low risk / High value
12761,0.6726304650306701,True,0.0,0.0,281.0,0.0,0.3523990622343486,712.95,own_observed_transaction (Gamma-Gamma unstable at frequency=0),251.24,168.99,High risk / Low value
17507,0.45248091220855713,True,1.0,48.0,126.0,265.02,1.334723875925138,279.69461421470845,gamma_gamma_conditional_expectation,373.32,168.92,Low risk / High value
17713,0.4531506597995758,True,3.0,166.0,365.0,298.3866666666667,1.2276544925145054,303.3607358442551,gamma_gamma_conditional_expectation,372.42,168.76,High risk / High value
14068,0.4331237733364105,True,3.0,357.0,494.0,346.8666666666666,1.1061291724574143,352.0103922846429,gamma_gamma_conditional_expectation,389.37,168.65,Low risk / High value
12696,0.6359686732292176,True,1.0,74.0,325.0,454.76,0.5624650148984279,471.4406478792972,gamma_gamma_conditional_expectation,265.17,168.64,High risk / Low value
15919,0.643980085849762,False,0.0,0.0,185.0,0.0,0.48354946947915173,541.44,own_observed_transaction (Gamma-Gamma unstable at frequency=0),261.81,168.6,High risk / Low value
17815,0.64599689245224,True,0.0,0.0,210.0,0.0,0.44079378421511184,591.96,own_observed_transaction (Gamma-Gamma unstable at frequency=0),260.93,168.56,High risk / Low value
13052,0.1720462992787361,True,5.0,442.0,471.0,521.342,1.8663501067495412,524.7897565084646,gamma_gamma_conditional_expectation,979.44,168.51,Low risk / High value
13762,0.23286690413951874,True,4.0,480.0,515.0,506.28,1.4166637319206645,510.55245822955135,gamma_gamma_conditional_expectation,723.28,168.43,Low risk / High value
15364,0.5839798808097839,False,0.0,0.0,71.0,0.0,0.8692394899276716,331.8,own_observed_transaction (Gamma-Gamma unstable at frequency=0),288.41,168.43,High risk / Low value
16076,0.4284809172153473,False,0.0,0.0,25.0,0.0,1.286558623037214,305.45,own_observed_transaction (Gamma-Gamma unstable at frequency=0),392.98,168.38,Low risk / High value
15551,0.4284809172153473,False,3.0,156.0,367.0,328.96666666666664,1.1758592396407501,334.0477509834271,gamma_gamma_conditional_expectation,392.79,168.3,Low risk / High value
17482,0.6629733800888061,True,1.0,91.0,395.0,525.35,0.4671517505539636,542.7769634499904,gamma_gamma_conditional_expectation,253.56,168.1,High risk / Low value
13131,0.22210693359375,False,3.0,481.0,485.0,637.9866666666667,1.1739510406154376,644.1491708103387,gamma_gamma_conditional_expectation,756.2,167.96,Low risk / High value
16384,0.3966857552528381,False,2.0,327.0,407.0,431.9,0.961943955230105,440.0762579066989,gamma_gamma_conditional_expectation,423.33,167.93,Low risk / High value
17421,0.5016514778137207,True,2.0,349.0,552.0,464.305,0.7076228114106083,472.6516586951015,gamma_gamma_conditional_expectation,334.46,167.78,High risk / High value
14959,0.4284809172153473,False,1.0,81.0,113.0,243.72,1.5160865768876999,258.1694191211292,gamma_gamma_conditional_expectation,391.41,167.71,Low risk / High value
14633,0.606226897239685,True,0.0,0.0,83.0,0.0,0.8016840945414987,344.9,own_observed_transaction (Gamma-Gamma unstable at frequency=0),276.5,167.62,High risk / Low value
15747,0.39463492631912234,False,5.0,315.0,507.0,272.498,1.5401982058920025,275.4239870420664,gamma_gamma_conditional_expectation,424.21,167.41,Low risk / High value
14285,0.5376347422599792,False,3.0,218.0,548.0,407.7366666666667,0.7529395431658001,413.09340770391714,gamma_gamma_conditional_expectation,311.03,167.22,High risk / Low value
12639,0.42311506271362304,True,2.0,389.0,444.0,429.395,0.9020744355116815,437.5580854340883,gamma_gamma_conditional_expectation,394.71,167.01,Low risk / High value
12528,0.5110155582427979,False,1.0,36.0,129.0,242.13,1.2733326600674826,256.56260878315777,gamma_gamma_conditional_expectation,326.69,166.94,High risk / Low value
13929,0.18490920066833497,False,7.0,368.0,511.0,412.0857142857143,2.1782354698923303,414.383388400007,gamma_gamma_conditional_expectation,902.62,166.9,Low risk / High value
14350,0.39463492631912234,True,2.0,156.0,247.0,294.19,1.4010718565220524,301.64211371379935,gamma_gamma_conditional_expectation,422.62,166.78,Low risk / High value
14850,0.27710674703121185,True,3.0,257.0,385.0,440.23,1.3498140488906538,445.700451913275,gamma_gamma_conditional_expectation,601.61,166.71,Low risk / High value
12422,0.18490920066833497,False,9.0,397.0,538.0,346.5877777777778,2.58706875380578,348.29803760639436,gamma_gamma_conditional_expectation,901.07,166.62,Low risk / High value
14412,0.6391617059707642,False,0.0,0.0,241.0,0.0,0.39726773535803417,656.16,own_observed_transaction (Gamma-Gamma unstable at frequency=0),260.67,166.61,High risk / Low value
16037,0.3742579221725464,True,4.0,379.0,465.0,288.905,1.520763052623767,292.6074267903853,gamma_gamma_conditional_expectation,444.99,166.54,Low risk / High value
16256,0.32642931640148165,True,2.0,331.0,414.0,529.765,0.9474490452830091,538.4558782787716,gamma_gamma_conditional_expectation,510.16,166.53,Low risk / High value
15574,0.27710674703121185,False,3.0,106.0,281.0,417.8766666666666,1.418825837562514,423.2688927762259,gamma_gamma_conditional_expectation,600.54,166.41,Low risk / High value
13005,0.42311506271362304,False,2.0,211.0,274.0,288.95,1.326827091328144,296.374559319995,gamma_gamma_conditional_expectation,393.24,166.39,Low risk / High value
14653,0.34626972675323486,False,4.0,399.0,554.0,374.955,1.2678344301102682,378.8830792588856,gamma_gamma_conditional_expectation,480.36,166.33,Low risk / High value
14700,0.13496212363243104,False,3.0,296.0,302.0,699.0633333333334,1.745652113954513,705.43957612918,gamma_gamma_conditional_expectation,1231.45,166.2,Low risk / High value
16180,0.052385063469409944,False,6.0,324.0,351.0,1120.6000000000001,2.8188885483173696,1124.5188511012175,gamma_gamma_conditional_expectation,3169.89,166.05,Low risk / High value
13760,0.4035755038261414,False,3.0,337.0,410.0,304.54,1.3291124034839852,309.5356028539468,gamma_gamma_conditional_expectation,411.41,166.03,Low risk / High value
14883,0.4284809172153473,False,0.0,0.0,28.0,0.0,1.247341050555118,310.56,own_observed_transaction (Gamma-Gamma unstable at frequency=0),387.37,165.98,Low risk / High value
17134,0.5731026768684387,False,1.0,178.0,259.0,330.5,0.8359326197438971,345.8669041080218,gamma_gamma_conditional_expectation,289.12,165.7,High risk / Low value
15777,0.2139632523059845,True,5.0,327.0,385.0,350.662,2.189254782545415,353.7518792338474,gamma_gamma_conditional_expectation,774.45,165.7,Low risk / High value
15795,0.5060705184936524,False,5.0,260.0,507.0,251.382,1.285829780445172,254.263711576102,gamma_gamma_conditional_expectation,326.94,165.45,High risk / Low value
14403,0.3303696483373642,False,3.0,422.0,456.0,401.43666666666667,1.2305008039471657,406.7713607655004,gamma_gamma_conditional_expectation,500.53,165.36,Low risk / High value
14327,0.4092897891998291,False,4.0,318.0,517.0,313.66499999999996,1.2727098769888654,317.4323559608684,gamma_gamma_conditional_expectation,404.0,165.35,Low risk / High value
14687,0.6008865237236023,False,1.0,151.0,368.0,462.02,0.574626544939803,478.77740451682706,gamma_gamma_conditional_expectation,275.12,165.32,High risk / Low value
16625,0.2535876214504242,True,4.0,269.0,360.0,346.0075,1.8620308037115616,349.85966903422656,gamma_gamma_conditional_expectation,651.45,165.2,Low risk / High value
15074,0.6105547189712525,False,1.0,38.0,284.0,457.8,0.5701849285475354,474.5127883996954,gamma_gamma_conditional_expectation,270.56,165.19,High risk / Low value
15734,0.2535876214504242,False,2.0,347.0,364.0,595.925,1.076454979788522,604.9637787929116,gamma_gamma_conditional_expectation,651.22,165.14,Low risk / High value
13138,0.3458887755870819,False,2.0,156.0,213.0,290.03999999999996,1.6041897061745796,297.47029105458404,gamma_gamma_conditional_expectation,477.2,165.06,Low risk / High value
18233,0.64599689245224,True,0.0,0.0,142.0,0.0,0.5805115402078752,440.0,own_observed_transaction (Gamma-Gamma unstable at frequency=0),255.43,165.01,High risk / Low value
13870,0.16537963300943376,False,6.0,382.0,486.0,478.93833333333333,2.0709337836766157,481.7363935423596,gamma_gamma_conditional_expectation,997.64,164.99,Low risk / High value
17038,0.6391617059707642,False,0.0,0.0,232.0,0.0,0.4089897094782953,630.77,own_observed_transaction (Gamma-Gamma unstable at frequency=0),257.98,164.89,High risk / Low value
14275,0.4771506547927856,True,4.0,212.0,424.0,252.945,1.3455963020164194,256.5531273973898,gamma_gamma_conditional_expectation,345.22,164.72,High risk / High value
14022,0.4771506547927856,True,1.0,261.0,303.0,440.0,0.7558494120417661,456.5245971947324,gamma_gamma_conditional_expectation,345.06,164.65,High risk / High value
14379,0.3763166069984436,False,2.0,185.0,297.0,355.515,1.2042467777988985,363.28958951533565,gamma_gamma_conditional_expectation,437.49,164.63,Low risk / High value
16449,0.3195067346096039,True,1.0,83.0,97.0,291.0,1.6835190017264021,305.9492887936376,gamma_gamma_conditional_expectation,515.07,164.57,Low risk / High value
13280,0.2535876214504242,False,4.0,328.0,461.0,432.1575,1.487090606010539,436.23558373685637,gamma_gamma_conditional_expectation,648.72,164.51,Low risk / High value
15482,0.11093488410115242,False,8.0,487.0,554.0,599.245,2.460791370417557,601.500165187656,gamma_gamma_conditional_expectation,1480.17,164.2,Low risk / High value
16391,0.4531506597995758,True,3.0,161.0,378.0,311.57666666666665,1.1444020835345348,316.59689443436883,gamma_gamma_conditional_expectation,362.31,164.18,High risk / High value
12994,0.5882045149803161,False,0.0,0.0,85.0,0.0,0.7914400340471993,352.6,own_observed_transaction (Gamma-Gamma unstable at frequency=0),279.06,164.14,High risk / Low value
16431,0.3458887755870819,True,1.0,84.0,114.0,298.88,1.5110105126392397,313.91260040572234,gamma_gamma_conditional_expectation,474.33,164.07,Low risk / High value
15908,0.6609565734863281,True,1.0,22.0,329.0,575.2,0.41834952000944325,593.1540045492828,gamma_gamma_conditional_expectation,248.15,164.02,High risk / Low value
12537,0.6391617059707642,True,0.0,0.0,225.0,0.0,0.41859795807927186,612.94,own_observed_transaction (Gamma-Gamma unstable at frequency=0),256.58,164.0,High risk / Low value
14903,0.09151004329323768,False,2.0,78.0,95.0,633.5250000000001,2.7880406858512585,642.7614973438741,gamma_gamma_conditional_expectation,1792.05,163.99,Low risk / High value
12434,0.5366940498352051,False,1.0,121.0,198.0,286.25,1.0143985757443117,301.14906923051547,gamma_gamma_conditional_expectation,305.49,163.95,High risk / Low value
13139,0.19324253499507904,False,2.0,222.0,254.0,585.01,1.428234266202959,593.9913825699394,gamma_gamma_conditional_expectation,848.36,163.94,Low risk / High value
13693,0.34859763979911806,True,8.0,358.0,549.0,229.78375,2.03039041833761,231.55512277553706,gamma_gamma_conditional_expectation,470.15,163.89,Low risk / High value
13452,0.4284809172153473,True,2.0,213.0,289.0,295.0,1.2640784914521022,302.4563730762004,gamma_gamma_conditional_expectation,382.33,163.82,Low risk / High value
14561,0.4284809172153473,False,0.0,0.0,1.0,0.0,1.7212648985404786,222.07,own_observed_transaction (Gamma-Gamma unstable at frequency=0),382.24,163.78,Low risk / High value
16254,0.47978479862213136,True,2.0,254.0,449.0,403.85,0.8285917257050615,411.87875776429223,gamma_gamma_conditional_expectation,341.28,163.74,High risk / High value
14929,0.6659875512123108,False,0.0,0.0,238.0,0.0,0.40109944258974356,612.81,own_observed_transaction (Gamma-Gamma unstable at frequency=0),245.8,163.7,High risk / Low value
16228,0.5245869994163513,True,1.0,15.0,217.0,437.37,0.6872578885293569,453.8667914155721,gamma_gamma_conditional_expectation,311.92,163.63,High risk / Low value
13492,0.4284809172153473,False,0.0,0.0,31.0,0.0,1.2104696477820134,315.3,own_observed_transaction (Gamma-Gamma unstable at frequency=0),381.66,163.53,Low risk / High value
15279,0.38525718450546265,True,4.0,321.0,492.0,307.10249999999996,1.3646451225623095,310.85264684611496,gamma_gamma_conditional_expectation,424.2,163.43,Low risk / High value
14293,0.2563860297203064,False,5.0,424.0,546.0,398.338,1.5868145018314208,401.5278449998695,gamma_gamma_conditional_expectation,637.15,163.36,Low risk / High value
17630,0.4733293533325195,False,0.0,0.0,49.0,0.0,1.0284613855299178,335.5,own_observed_transaction (Gamma-Gamma unstable at frequency=0),345.05,163.32,High risk / High value
13369,0.64599689245224,True,0.0,0.0,182.0,0.0,0.48924651270246045,516.56,own_observed_transaction (Gamma-Gamma unstable at frequency=0),252.73,163.26,High risk / Low value
14038,0.2535876214504242,False,2.0,466.0,490.0,760.635,0.8352137928186482,770.5399017325129,gamma_gamma_conditional_expectation,643.57,163.2,Low risk / High value
15186,0.5732612848281861,False,2.0,222.0,513.0,414.195,0.6738150912468608,422.27815665816735,gamma_gamma_conditional_expectation,284.54,163.12,High risk / Low value
17526,0.1720462992787361,False,9.0,432.0,539.0,345.97999999999996,2.726405539630612,347.6895525031923,gamma_gamma_conditional_expectation,947.94,163.09,Low risk / High value
17165,0.3538887739181519,True,5.0,444.0,545.0,283.73199999999997,1.6073816839543633,286.68154219383024,gamma_gamma_conditional_expectation,460.81,163.08,Low risk / High value
13990,0.4284809172153473,True,0.0,0.0,30.0,0.0,1.2225126510026103,311.3,own_observed_transaction (Gamma-Gamma unstable at frequency=0),380.57,163.07,Low risk / High value
15322,0.6726304650306701,False,0.0,0.0,293.0,0.0,0.34085470037414717,711.18,own_observed_transaction (Gamma-Gamma unstable at frequency=0),242.41,163.05,High risk / Low value
16341,0.19324253499507904,False,3.0,408.0,426.0,638.0966666666667,1.3088456611632278,644.2595557568825,gamma_gamma_conditional_expectation,843.24,162.95,Low risk / High value
14206,0.31475060284137724,True,2.0,163.0,219.0,321.28,1.5737289594229018,328.87456572299004,gamma_gamma_conditional_expectation,517.56,162.9,Low risk / High value
17094,0.6189089059829712,True,1.0,101.0,240.0,302.0,0.8297318443204296,317.0655867292889,gamma_gamma_conditional_expectation,263.08,162.82,High risk / Low value
17925,0.7001762509346008,True,0.0,0.0,189.0,0.0,0.4761574567177378,488.16,own_observed_transaction (Gamma-Gamma unstable at frequency=0),232.44,162.75,High risk / Low value
16861,0.5196419596672058,False,2.0,118.0,325.0,317.71500000000003,0.9623880028667515,325.2908192699534,gamma_gamma_conditional_expectation,313.06,162.68,High risk / Low value
13140,0.4331237733364105,False,2.0,125.0,308.0,349.585,1.0504678938605825,357.3284067757823,gamma_gamma_conditional_expectation,375.36,162.58,Low risk / High value
17409,0.07326689809560775,True,7.0,544.0,545.0,984.8385714285714,2.2432292387852857,987.9935411875623,gamma_gamma_conditional_expectation,2216.3,162.38,Low risk / High value
14844,0.12013942822813987,False,4.0,365.0,423.0,806.6275,1.664586508872297,811.68757188188,gamma_gamma_conditional_expectation,1351.12,162.32,Low risk / High value
12591,0.42259215116500853,True,2.0,91.0,225.0,271.0,1.3782118422851672,278.3301697457989,gamma_gamma_conditional_expectation,383.6,162.11,Low risk / High value
17582,0.3458887755870819,True,4.0,387.0,440.0,286.78749999999997,1.613293479130092,290.4843739826916,gamma_gamma_conditional_expectation,468.64,162.1,Low risk / High value
15394,0.11832124665379525,False,7.0,520.0,541.0,606.0428571428572,2.2502244125745383,608.6308460268727,gamma_gamma_conditional_expectation,1369.56,162.05,Low risk / High value
17999,0.5355163812637329,False,1.0,12.0,195.0,380.68,0.7626610179615193,396.5774341453838,gamma_gamma_conditional_expectation,302.45,161.97,High risk / Low value
13648,0.4092897891998291,True,6.0,338.0,555.0,249.33,1.5719138423103376,251.7270031689385,gamma_gamma_conditional_expectation,395.69,161.95,Low risk / High value
14430,0.6189089059829712,True,1.0,96.0,424.0,585.4,0.4334925949000029,603.4618444532504,gamma_gamma_conditional_expectation,261.6,161.91,High risk / Low value
13848,0.20361290574073793,False,6.0,433.0,547.0,422.5,1.8690424389327371,425.1994793318188,gamma_gamma_conditional_expectation,794.72,161.82,Low risk / High value
17033,0.3195067346096039,False,2.0,183.0,214.0,304.05,1.6253090952378662,311.553962248706,gamma_gamma_conditional_expectation,506.37,161.79,Low risk / High value
15422,0.3538887739181519,True,5.0,347.0,487.0,264.196,1.7099472602577526,267.10457962975175,gamma_gamma_conditional_expectation,456.73,161.63,Low risk / High value
15353,0.17649169266223907,True,6.0,483.0,554.0,481.7266666666667,1.8888643477576772,484.52959725952104,gamma_gamma_conditional_expectation,915.21,161.53,Low risk / High value
16198,0.6726304650306701,False,0.0,0.0,254.0,0.0,0.38147837370149246,629.36,own_observed_transaction (Gamma-Gamma unstable at frequency=0),240.09,161.49,High risk / Low value
16383,0.2108182966709137,False,5.0,405.0,490.0,429.37,1.77046673340156,432.6249120703284,gamma_gamma_conditional_expectation,765.95,161.48,Low risk / High value
16509,0.6609565734863281,True,0.0,0.0,113.0,0.0,0.6714724736790864,363.7,own_observed_transaction (Gamma-Gamma unstable at frequency=0),244.21,161.41,High risk / Low value
18057,0.4771506547927856,True,2.0,297.0,507.0,442.535,0.7501851653935819,450.7671817574831,gamma_gamma_conditional_expectation,338.16,161.35,High risk / High value
16422,0.010793289542198181,False,67.0,511.0,513.0,709.6920895522388,21.051959504594585,709.9783016749021,gamma_gamma_conditional_expectation,14946.43,161.32,Low risk / High value
18106,0.38448527455329895,True,3.0,364.0,510.0,385.7166666666667,1.072590220131704,390.9963484048796,gamma_gamma_conditional_expectation,419.38,161.25,Low risk / High value
17635,0.5319321513175964,True,2.0,166.0,407.0,363.39,0.8165726749946168,371.20599998312366,gamma_gamma_conditional_expectation,303.12,161.24,High risk / Low value
12656,0.12789785414934157,False,4.0,359.0,379.0,677.815,1.846478617700752,682.5372815437198,gamma_gamma_conditional_expectation,1260.29,161.19,Low risk / High value
15600,0.5355163812637329,True,3.0,165.0,410.0,290.2766666666667,1.0184628624790306,295.2223547854361,gamma_gamma_conditional_expectation,300.67,161.01,High risk / Low value
13496,0.6411785125732422,False,0.0,0.0,176.0,0.0,0.5010548462222281,501.01,own_observed_transaction (Gamma-Gamma unstable at frequency=0),251.03,160.96,High risk / Low value
16110,0.4068881571292877,False,2.0,260.0,339.0,346.96500000000003,1.1151012533483577,354.6946295788802,gamma_gamma_conditional_expectation,395.52,160.93,Low risk / High value
15133,0.31679787039756774,False,3.0,263.0,337.0,321.2,1.555839514168732,326.2539047577599,gamma_gamma_conditional_expectation,507.6,160.81,Low risk / High value
12413,0.38885715007781985,False,2.0,166.0,219.0,254.95,1.577095124410524,262.1957712685929,gamma_gamma_conditional_expectation,413.51,160.8,Low risk / High value
12717,0.5161922097206115,False,1.0,345.0,407.0,509.74,0.5905986772033031,527.0019261067615,gamma_gamma_conditional_expectation,311.25,160.66,High risk / Low value
15879,0.47978479862213136,True,3.0,318.0,539.0,341.32,0.9665499905570687,346.4443149801321,gamma_gamma_conditional_expectation,334.86,160.66,High risk / High value
14597,0.1720462992787361,False,3.0,246.0,254.0,460.9966666666666,2.000601951456179,466.53979182138943,gamma_gamma_conditional_expectation,933.36,160.58,Low risk / High value
17964,0.643980085849762,False,0.0,0.0,189.0,0.0,0.4761574567177378,523.52,own_observed_transaction (Gamma-Gamma unstable at frequency=0),249.28,160.53,High risk / Low value
16229,0.19324253499507904,False,4.0,352.0,381.0,448.775,1.8338241783696325,452.89666049333863,gamma_gamma_conditional_expectation,830.53,160.49,Low risk / High value
16351,0.20361290574073793,True,12.0,403.0,552.0,259.45250000000004,3.0237970744710965,260.65878856091865,gamma_gamma_conditional_expectation,788.18,160.48,Low risk / High value
14228,0.5920506715774536,True,2.0,109.0,363.0,332.225,0.7972810839606962,339.87711970012526,gamma_gamma_conditional_expectation,270.98,160.43,High risk / Low value
16736,0.4331237733364105,True,4.0,231.0,553.0,432.645,0.8481428407178002,436.724362128238,gamma_gamma_conditional_expectation,370.4,160.43,Low risk / High value
13034,0.6105547189712525,False,1.0,32.0,218.0,331.72,0.7565707914942219,347.09980260633955,gamma_gamma_conditional_expectation,262.61,160.34,High risk / Low value
14075,0.3382697284221649,False,2.0,209.0,287.0,365.57000000000005,1.269117663482943,373.39746345230185,gamma_gamma_conditional_expectation,473.89,160.3,Low risk / High value
16679,0.5355163812637329,True,2.0,181.0,364.0,302.95500000000004,0.9633940654563606,310.45320422175644,gamma_gamma_conditional_expectation,299.09,160.17,High risk / Low value
12875,0.4531506597995758,False,3.0,335.0,514.0,334.08,1.0415147132736429,339.178978498523,gamma_gamma_conditional_expectation,353.26,160.08,High risk / High value
15599,0.4025745213031769,False,1.0,241.0,262.0,448.83,0.8540557816002016,465.44795271944156,gamma_gamma_conditional_expectation,397.52,160.03,Low risk / High value
16551,0.3678934574127197,False,4.0,390.0,543.0,333.2725,1.2897740188870999,337.091273517825,gamma_gamma_conditional_expectation,434.77,159.95,Low risk / High value
14136,0.4168778657913208,True,4.0,331.0,548.0,317.0075,1.1960058529788566,320.78362113664946,gamma_gamma_conditional_expectation,383.66,159.94,Low risk / High value
12427,0.6696965217590332,False,0.0,0.0,188.0,0.0,0.4779841048340019,499.0,own_observed_transaction (Gamma-Gamma unstable at frequency=0),238.51,159.73,High risk / Low value
16926,0.4138260543346405,True,4.0,155.0,343.0,249.825,1.5229813978106692,253.42494569254706,gamma_gamma_conditional_expectation,385.96,159.72,Low risk / High value
16646,0.6391617059707642,True,0.0,0.0,266.0,0.0,0.36798110037779325,678.8,own_observed_transaction (Gamma-Gamma unstable at frequency=0),249.79,159.66,High risk / Low value
17738,0.16284090429544448,False,6.0,348.0,447.0,438.54333333333335,2.221943240821781,441.2708355669624,gamma_gamma_conditional_expectation,980.48,159.66,Low risk / High value
17020,0.6319721579551697,True,1.0,104.0,463.0,618.76,0.39616092784992335,637.1745443744619,gamma_gamma_conditional_expectation,252.42,159.52,High risk / Low value
14695,0.6157037734985351,True,1.0,213.0,549.0,636.04,0.39515353568899264,654.6372378588304,gamma_gamma_conditional_expectation,258.68,159.27,High risk / Low value
13961,0.6677917599678039,True,0.0,0.0,209.0,0.0,0.4423578046380255,538.4,own_observed_transaction (Gamma-Gamma unstable at frequency=0),238.17,159.05,High risk / Low value
16096,0.388569837808609,True,3.0,381.0,462.0,336.0233333333333,1.1998981348535478,341.1291125541299,gamma_gamma_conditional_expectation,409.32,159.05,Low risk / High value
15258,0.4284809172153473,False,0.0,0.0,34.0,0.0,1.1757386201319502,315.66,own_observed_transaction (Gamma-Gamma unstable at frequency=0),371.13,159.02,Low risk / High value
16350,0.27710674703121185,False,4.0,95.0,245.0,300.53,1.8854906075033933,304.26291150794856,gamma_gamma_conditional_expectation,573.68,158.97,Low risk / High value
16552,0.50070139169693,True,1.0,131.0,190.0,284.44,1.0599170287552757,299.31993293383107,gamma_gamma_conditional_expectation,317.25,158.85,High risk / Low value
17150,0.4325327217578888,True,5.0,357.0,550.0,247.28000000000003,1.4679667649230752,250.15311061183863,gamma_gamma_conditional_expectation,367.22,158.83,Low risk / High value
16816,0.603021764755249,False,1.0,45.0,175.0,249.67,0.9969356182268949,264.18232573177687,gamma_gamma_conditional_expectation,263.37,158.82,High risk / Low value
13035,0.5261715054512024,False,1.0,171.0,248.0,333.0,0.8653619226207439,348.39333545703346,gamma_gamma_conditional_expectation,301.49,158.64,High risk / Low value
15623,0.3195067346096039,False,6.0,336.0,546.0,304.80333333333334,1.6139750953601104,307.297231813289,gamma_gamma_conditional_expectation,495.97,158.47,Low risk / High value
13614,0.4771506547927856,False,2.0,221.0,368.0,324.815,0.9987634602011658,332.4281544218638,gamma_gamma_conditional_expectation,332.02,158.42,High risk / High value
16063,0.565748393535614,True,0.0,0.0,77.0,0.0,0.8340852754935126,335.32,own_observed_transaction (Gamma-Gamma unstable at frequency=0),279.69,158.23,High risk / Low value
17552,0.2535876214504242,False,6.0,255.0,444.0,339.58,1.8236794382439827,342.13464290850044,gamma_gamma_conditional_expectation,623.94,158.22,Low risk / High value
16309,0.4907220959663391,False,0.0,0.0,57.0,0.0,0.9641754835206932,334.2,own_observed_transaction (Gamma-Gamma unstable at frequency=0),322.23,158.13,High risk / Low value
13846,0.29327874481678007,False,2.0,157.0,216.0,331.965,1.5857938411296055,339.61575249737916,gamma_gamma_conditional_expectation,538.56,157.95,Low risk / High value
13421,0.19027957171201706,False,4.0,373.0,480.0,561.7725,1.4660465944687358,566.1904785039065,gamma_gamma_conditional_expectation,830.06,157.94,Low risk / High value
16725,0.32642931640148165,True,11.0,424.0,543.0,151.52545454545455,3.164763306396121,152.73876463168926,gamma_gamma_conditional_expectation,483.38,157.79,Low risk / High value
12635,0.50070139169693,False,1.0,64.0,273.0,455.9,0.6668117801013055,472.5927005744465,gamma_gamma_conditional_expectation,315.13,157.79,High risk / Low value
17648,0.16362879127264024,False,2.0,193.0,202.0,553.6949999999999,1.7129326554840805,562.511713516126,gamma_gamma_conditional_expectation,963.54,157.66,Low risk / High value
15243,0.6726304650306701,False,0.0,0.0,252.0,0.0,0.3838250670037932,610.6,own_observed_transaction (Gamma-Gamma unstable at frequency=0),234.36,157.64,High risk / Low value
12793,0.4138260543346405,True,2.0,67.0,218.0,282.64,1.3134297595244913,290.0313783610436,gamma_gamma_conditional_expectation,380.94,157.64,Low risk / High value
13359,0.6677917599678039,False,0.0,0.0,220.0,0.0,0.4257430891554334,553.75,own_observed_transaction (Gamma-Gamma unstable at frequency=0),235.76,157.44,High risk / Low value
17725,0.11940119937062263,False,3.0,75.0,84.0,310.64000000000004,4.1703983841566705,315.65694988955664,gamma_gamma_conditional_expectation,1316.42,157.18,Low risk / High value
13771,0.11275306567549706,False,5.0,453.0,469.0,737.932,1.8785651616914927,741.8338966473756,gamma_gamma_conditional_expectation,1393.58,157.13,Low risk / High value
16210,0.019258898124098776,False,20.0,524.0,554.0,1367.1065,5.953246688743635,1368.4097338027423,gamma_gamma_conditional_expectation,8146.48,156.89,Low risk / High value
16656,0.04562543779611587,False,18.0,543.0,552.0,632.8394444444444,5.424158422020601,633.8605485322506,gamma_gamma_conditional_expectation,3438.16,156.87,Low risk / High value
12908,0.375367534160614,False,3.0,318.0,447.0,342.0,1.203365795738267,347.1266946496755,gamma_gamma_conditional_expectation,417.72,156.8,Low risk / High value
13149,0.5957374691963195,False,0.0,0.0,106.0,0.0,0.6978978914891943,376.74,own_observed_transaction (Gamma-Gamma unstable at frequency=0),262.93,156.64,High risk / Low value
18185,0.5714856743812561,True,0.0,0.0,66.0,0.0,0.9009017555386254,304.25,own_observed_transaction (Gamma-Gamma unstable at frequency=0),274.1,156.64,High risk / Low value
14254,0.6726304650306701,True,0.0,0.0,249.0,0.0,0.38739991182991984,601.03,own_observed_transaction (Gamma-Gamma unstable at frequency=0),232.84,156.62,High risk / Low value
15617,0.5196419596672058,True,2.0,111.0,324.0,311.7,0.9438335234071602,319.2441895602714,gamma_gamma_conditional_expectation,301.31,156.57,High risk / Low value
14163,0.30619765222072604,False,2.0,263.0,279.0,374.895,1.335605246219536,382.7714987046349,gamma_gamma_conditional_expectation,511.23,156.54,Low risk / High value
17127,0.5362750649452209,True,4.0,307.0,552.0,254.26999999999998,1.131883151850774,257.8816019996067,gamma_gamma_conditional_expectation,291.89,156.53,High risk / Low value
14540,0.18490920066833497,False,8.0,423.0,549.0,354.81,2.3727627347127394,356.74508886502053,gamma_gamma_conditional_expectation,846.47,156.52,Low risk / High value
17527,0.45975791215896605,False,0.0,0.0,35.0,0.0,1.1646051286376544,292.11,own_observed_transaction (Gamma-Gamma unstable at frequency=0),340.19,156.41,High risk / High value
16374,0.3538887739181519,False,3.0,326.0,405.0,324.9766666666667,1.3390890562790825,330.0437879224299,gamma_gamma_conditional_expectation,441.96,156.4,Low risk / High value
14594,0.64599689245224,False,0.0,0.0,190.0,0.0,0.47434477237893985,510.0,own_observed_transaction (Gamma-Gamma unstable at frequency=0),241.92,156.28,High risk / Low value
15643,0.27304708063602445,True,1.0,91.0,99.0,326.9,1.6715353339829764,342.228842965445,gamma_gamma_conditional_expectation,572.05,156.2,Low risk / High value
14737,0.4284809172153473,False,1.0,47.0,217.0,434.0,0.8091010897658593,450.4611619571044,gamma_gamma_conditional_expectation,364.47,156.17,Low risk / High value
13265,0.09123791381716728,False,2.0,90.0,90.0,579.11,2.9102112830176727,588.0603575845491,gamma_gamma_conditional_expectation,1711.38,156.14,Low risk / High value
13497,0.39463492631912234,True,5.0,387.0,486.0,220.67600000000002,1.7694483535266876,223.4933280537538,gamma_gamma_conditional_expectation,395.46,156.06,Low risk / High value
14734,0.5328366041183472,True,3.0,126.0,368.0,286.02000000000004,1.006062948743397,290.9507918540296,gamma_gamma_conditional_expectation,292.71,155.97,High risk / Low value
13060,0.5788308262825013,True,0.0,0.0,70.0,0.0,0.87539114251235,307.53,own_observed_transaction (Gamma-Gamma unstable at frequency=0),269.21,155.83,High risk / Low value
15329,0.3543119251728058,False,7.0,351.0,542.0,230.8957142857143,1.8873949532214818,232.9221834711696,gamma_gamma_conditional_expectation,439.62,155.76,Low risk / High value
17702,0.20361290574073793,False,2.0,194.0,217.0,465.145,1.6149485087670692,473.4960758116655,gamma_gamma_conditional_expectation,764.67,155.7,Low risk / High value
16572,0.599583625793457,False,0.0,0.0,92.0,0.0,0.757572973933522,342.58,own_observed_transaction (Gamma-Gamma unstable at frequency=0),259.53,155.61,High risk / Low value
12614,0.6585854053497314,True,0.0,0.0,94.0,0.0,0.7484262546508726,315.6,own_observed_transaction (Gamma-Gamma unstable at frequency=0),236.2,155.56,High risk / Low value
16163,0.23286690413951874,True,5.0,505.0,554.0,410.7200000000001,1.6136204507770135,413.93580724743407,gamma_gamma_conditional_expectation,667.94,155.54,Low risk / High value
12348,0.20361290574073793,False,3.0,190.0,255.0,389.08,1.936521874074518,394.37145177041526,gamma_gamma_conditional_expectation,763.71,155.5,Low risk / High value
17410,0.4284809172153473,False,0.0,0.0,32.0,0.0,1.1986642714302873,302.4,own_observed_transaction (Gamma-Gamma unstable at frequency=0),362.48,155.32,Low risk / High value
17432,0.4168778657913208,False,4.0,351.0,553.0,302.695,1.2142947712146392,306.4335888768539,gamma_gamma_conditional_expectation,372.1,155.12,Low risk / High value
12352,0.27304708063602445,False,5.0,130.0,209.0,168.31199999999998,3.3218682446704326,171.01953261428778,gamma_gamma_conditional_expectation,568.1,155.12,Low risk / High value
13396,0.6706136584281921,False,0.0,0.0,136.0,0.0,0.5972398468965967,387.27,own_observed_transaction (Gamma-Gamma unstable at frequency=0),231.29,155.11,High risk / Low value
12811,0.3458887755870819,True,3.0,166.0,244.0,222.3166666666667,1.9749307408130687,227.02452781165798,gamma_gamma_conditional_expectation,448.36,155.08,Low risk / High value
17269,0.6359565734863282,True,0.0,0.0,202.0,0.0,0.4536258481034158,537.46,own_observed_transaction (Gamma-Gamma unstable at frequency=0),243.81,155.05,High risk / Low value
15636,0.4771506547927856,False,2.0,287.0,386.0,318.78999999999996,0.995665628938483,326.37147212746083,gamma_gamma_conditional_expectation,324.96,155.05,High risk / Low value
14232,0.2535876214504242,False,1.0,78.0,81.0,310.79,1.875176417571656,325.94851935241394,gamma_gamma_conditional_expectation,611.21,155.0,Low risk / High value
16566,0.4933562397956848,False,1.0,100.0,109.0,185.22,1.5783317753594022,199.05092555425637,gamma_gamma_conditional_expectation,314.17,155.0,High risk / Low value
16833,0.22118866741657256,False,3.0,364.0,440.0,553.64,1.2521418737209207,559.5073317999168,gamma_gamma_conditional_expectation,700.58,154.96,Low risk / High value
16007,0.22128247022628783,False,3.0,328.0,360.0,460.78999999999996,1.5014861613739745,466.33240192182234,gamma_gamma_conditional_expectation,700.19,154.94,Low risk / High value
14533,0.27710674703121185,False,4.0,258.0,427.0,368.6725,1.4999644258323148,372.584104399695,gamma_gamma_conditional_expectation,558.86,154.86,Low risk / High value
15090,0.643980085849762,True,0.0,0.0,125.0,0.0,0.6305678790304864,381.32,own_observed_transaction (Gamma-Gamma unstable at frequency=0),240.45,154.85,High risk / Low value
13783,0.5355163812637329,True,3.0,186.0,490.0,351.07,0.8113608434597195,356.22843524196753,gamma_gamma_conditional_expectation,289.03,154.78,High risk / Low value
14470,0.5824150562286377,False,1.0,143.0,247.0,297.64,0.8494022177650759,312.65949045661256,gamma_gamma_conditional_expectation,265.57,154.67,High risk / Low value
14420,0.4771506547927856,False,2.0,295.0,508.0,425.425,0.7472519474797624,433.5672092998511,gamma_gamma_conditional_expectation,323.98,154.59,High risk / Low value
16961,0.6189089059829712,False,1.0,144.0,349.0,398.34,0.6026065925235636,414.4241451948021,gamma_gamma_conditional_expectation,249.73,154.56,High risk / Low value
15047,0.5715378522872925,True,0.0,0.0,86.0,0.0,0.7864162795299846,343.62,own_observed_transaction (Gamma-Gamma unstable at frequency=0),270.23,154.45,High risk / Low value
14731,0.4091103792190552,False,1.0,7.0,29.0,123.36,2.7647184443504638,136.53690825431195,gamma_gamma_conditional_expectation,377.49,154.44,Low risk / High value
13214,0.4138260543346405,True,6.0,229.0,463.0,269.43333333333334,1.3713017145837216,271.86545100898644,gamma_gamma_conditional_expectation,372.81,154.28,Low risk / High value
16125,0.23601185977458955,True,13.0,358.0,542.0,299.84153846153845,2.170287489162002,300.9874906774564,gamma_gamma_conditional_expectation,653.23,154.17,Low risk / High value
14482,0.13496212363243104,False,4.0,231.0,287.0,497.78999999999996,2.2752479276945468,502.0401945519503,gamma_gamma_conditional_expectation,1142.27,154.16,Low risk / High value
13750,0.17990920096635818,False,7.0,321.0,434.0,332.94571428571425,2.556090118920425,335.1249317629509,gamma_gamma_conditional_expectation,856.61,154.11,Low risk / High value
17193,0.6079378128051758,False,1.0,351.0,554.0,565.74,0.4341223357465459,583.5939883246227,gamma_gamma_conditional_expectation,253.35,154.02,High risk / Low value
14304,0.28267852663993837,True,2.0,348.0,387.0,526.52,1.0168911423948506,535.1938145368068,gamma_gamma_conditional_expectation,544.23,153.84,Low risk / High value
16395,0.23286690413951874,False,8.0,410.0,550.0,282.21250000000003,2.3239141362191695,284.05252579781444,gamma_gamma_conditional_expectation,660.11,153.72,Low risk / High value
15845,0.2108182966709137,False,5.0,472.0,499.0,407.12600000000003,1.7763580610587022,410.33427144403015,gamma_gamma_conditional_expectation,728.9,153.67,Low risk / High value
15572,0.17990920096635818,False,4.0,356.0,421.0,508.185,1.6666084428594805,512.4624537897198,gamma_gamma_conditional_expectation,854.07,153.66,Low risk / High value
18176,0.6411785125732422,True,0.0,0.0,175.0,0.0,0.5030787858747757,476.35,own_observed_transaction (Gamma-Gamma unstable at frequency=0),239.64,153.65,High risk / Low value
18098,0.6391617059707642,True,0.0,0.0,213.0,0.0,0.43616761792830905,550.84,own_observed_transaction (Gamma-Gamma unstable at frequency=0),240.26,153.56,High risk / Low value
13345,0.6407037734985351,True,0.0,0.0,104.0,0.0,0.7058369770281236,339.5,own_observed_transaction (Gamma-Gamma unstable at frequency=0),239.63,153.53,High risk / Low value
17431,0.6189089059829712,True,0.0,0.0,130.0,0.0,0.614966547265075,403.3,own_observed_transaction (Gamma-Gamma unstable at frequency=0),248.02,153.5,High risk / Low value
12699,0.6671713352203369,True,0.0,0.0,234.0,0.0,0.4063252420277747,566.11,own_observed_transaction (Gamma-Gamma unstable at frequency=0),230.02,153.46,High risk / Low value
17126,0.23286690413951874,False,5.0,166.0,282.0,258.28200000000004,2.5229259988508823,261.1781793121863,gamma_gamma_conditional_expectation,658.93,153.44,Low risk / High value
12817,0.5196419596672058,True,2.0,153.0,251.0,207.69,1.375210611057545,214.68725587714397,gamma_gamma_conditional_expectation,295.24,153.42,High risk / Low value
13227,0.4284809172153473,True,0.0,0.0,18.0,0.0,1.3885611299365885,257.7,own_observed_transaction (Gamma-Gamma unstable at frequency=0),357.83,153.32,Low risk / High value
16105,0.20361290574073793,True,4.0,356.0,421.0,447.66,1.6666084428594805,451.7787365827939,gamma_gamma_conditional_expectation,752.94,153.31,Low risk / High value
13216,0.5766869068145752,True,0.0,0.0,84.0,0.0,0.7965288790177549,333.74,own_observed_transaction (Gamma-Gamma unstable at frequency=0),265.83,153.3,High risk / Low value
17115,0.2535876214504242,False,4.0,501.0,551.0,449.965,1.331185423199708,454.0897810794806,gamma_gamma_conditional_expectation,604.48,153.29,Low risk / High value
13295,0.4531506597995758,True,3.0,217.0,393.0,265.1566666666667,1.252474734886837,270.01444699289186,gamma_gamma_conditional_expectation,338.19,153.25,High risk / High value
13606,0.5788308262825013,False,1.0,68.0,128.0,180.4,1.3633168459944436,194.1799659133619,gamma_gamma_conditional_expectation,264.73,153.23,High risk / Low value
14389,0.3538887739181519,False,3.0,400.0,407.0,312.43,1.363741401638105,317.4532140196782,gamma_gamma_conditional_expectation,432.92,153.21,Low risk / High value
13304,0.4531506597995758,True,3.0,318.0,486.0,303.38000000000005,1.0959082139983443,308.3715434176669,gamma_gamma_conditional_expectation,337.95,153.14,High risk / High value
15549,0.34626972675323486,False,5.0,381.0,514.0,264.71999999999997,1.6520746626297047,267.6296783389848,gamma_gamma_conditional_expectation,442.14,153.1,Low risk / High value
16812,0.3538887739181519,True,3.0,22.0,199.0,427.4166666666667,0.9993738464617175,432.8422781401142,gamma_gamma_conditional_expectation,432.57,153.08,Low risk / High value
16426,0.6189089059829712,False,0.0,0.0,93.0,0.0,0.752971640174993,328.37,own_observed_transaction (Gamma-Gamma unstable at frequency=0),247.25,153.03,High risk / Low value
17167,0.4771506547927856,True,2.0,66.0,262.0,304.71000000000004,1.0271605282849374,312.2174328402921,gamma_gamma_conditional_expectation,320.7,153.02,High risk / Low value
17407,0.6677917599678039,True,0.0,0.0,228.0,0.0,0.4144252267414075,552.9,own_observed_transaction (Gamma-Gamma unstable at frequency=0),229.14,153.02,High risk / Low value
13996,0.5355163812637329,True,1.0,13.0,216.0,403.38,0.6808633934543568,419.5174307944096,gamma_gamma_conditional_expectation,285.63,152.96,High risk / Low value
14756,0.43575791716575624,False,1.0,42.0,241.0,479.1,0.7074096120349956,496.03798349327474,gamma_gamma_conditional_expectation,350.9,152.91,Low risk / High value
14326,0.4284809172153473,True,2.0,290.0,349.0,316.765,1.09935443183238,324.33582372145827,gamma_gamma_conditional_expectation,356.56,152.78,Low risk / High value
15889,0.38892064094543455,False,6.0,360.0,546.0,226.79833333333332,1.713621132281058,229.15598042398668,gamma_gamma_conditional_expectation,392.69,152.73,Low risk / High value
16499,0.23601185977458955,True,7.0,186.0,363.0,336.34714285714284,1.9108624918553936,338.5314515877249,gamma_gamma_conditional_expectation,646.89,152.67,Low risk / High value
13718,0.5054632902145386,True,1.0,49.0,112.0,192.5,1.4630696954162603,206.40789364257833,gamma_gamma_conditional_expectation,301.99,152.64,High risk / Low value
16308,0.17430994659662247,False,4.0,507.0,541.0,640.0,1.3574009081952383,644.6231177076206,gamma_gamma_conditional_expectation,875.01,152.52,Low risk / High value
16560,0.2535876214504242,False,6.0,373.0,548.0,342.01,1.7454356257655486,344.5688873912388,gamma_gamma_conditional_expectation,601.42,152.51,Low risk / High value
14501,0.5574022650718689,True,1.0,136.0,136.0,184.28,1.3809789691214163,198.10098736702798,gamma_gamma_conditional_expectation,273.57,152.49,High risk / Low value
17968,0.4557848036289215,True,3.0,139.0,329.0,252.4666666666667,1.3003077326868984,257.28003815979525,gamma_gamma_conditional_expectation,334.54,152.48,High risk / High value
16275,0.23286690413951874,True,2.0,445.0,458.0,727.635,0.8872917320722312,737.3663721532109,gamma_gamma_conditional_expectation,654.26,152.36,Low risk / High value
14012,0.6189089059829712,True,0.0,0.0,94.0,0.0,0.7484262546508726,328.8,own_observed_transaction (Gamma-Gamma unstable at frequency=0),246.08,152.3,High risk / Low value
14643,0.4531506597995758,False,3.0,370.0,545.0,331.11333333333334,0.9992303440310405,336.20192994022096,gamma_gamma_conditional_expectation,335.94,152.23,High risk / High value
15152,0.4025745213031769,False,1.0,514.0,518.0,756.1,0.48732849023831326,775.9665769637663,gamma_gamma_conditional_expectation,378.15,152.23,Low risk / High value
16702,0.5355163812637329,True,3.0,317.0,549.0,296.00333333333333,0.94280265526721,300.96906200247304,gamma_gamma_conditional_expectation,283.75,151.95,High risk / Low value
17851,0.4557848036289215,True,5.0,314.0,553.0,249.26,1.3216347356486722,252.13726222306275,gamma_gamma_conditional_expectation,333.23,151.88,High risk / High value
15448,0.6008865237236023,True,1.0,362.0,491.0,494.64,0.49390678622284107,511.7422807587311,gamma_gamma_conditional_expectation,252.75,151.87,High risk / Low value
13239,0.22118866741657256,True,4.0,241.0,319.0,328.74,2.0644125642587263,332.546887755902,gamma_gamma_conditional_expectation,686.51,151.85,Low risk / High value
14679,0.4907220959663391,True,2.0,350.0,548.0,425.35,0.7138131712545285,433.4918149144436,gamma_gamma_conditional_expectation,309.43,151.84,High risk / Low value
14127,0.20361290574073793,False,4.0,169.0,242.0,289.87,2.5389925365916763,293.57495734973577,gamma_gamma_conditional_expectation,745.38,151.77,Low risk / High value
17742,0.29733841121196747,False,9.0,406.0,555.0,203.04333333333332,2.494388925293113,204.58653763808542,gamma_gamma_conditional_expectation,510.32,151.74,Low risk / High value
13579,0.47978479862213136,False,3.0,290.0,476.0,284.3833333333333,1.0930211439961042,289.30839764939327,gamma_gamma_conditional_expectation,316.22,151.72,High risk / Low value
12838,0.23601185977458955,False,8.0,219.0,409.0,359.76125,1.7766941044011817,361.70282229780406,gamma_gamma_conditional_expectation,642.64,151.67,Low risk / High value
17578,0.3382697284221649,True,4.0,311.0,346.0,222.725,1.9815995645431785,226.25388024343192,gamma_gamma_conditional_expectation,448.34,151.66,Low risk / High value
15722,0.12013942822813987,False,6.0,453.0,457.0,553.015,2.2699221592454886,555.942449975685,gamma_gamma_conditional_expectation,1261.95,151.61,Low risk / High value
14223,0.6113759517669678,False,0.0,0.0,81.0,0.0,0.81219892837582,304.9,own_observed_transaction (Gamma-Gamma unstable at frequency=0),247.64,151.4,High risk / Low value
15253,0.4771506547927856,False,2.0,183.0,403.0,362.715,0.8561582035926588,370.5274505144561,gamma_gamma_conditional_expectation,317.23,151.37,High risk / Low value
16583,0.6499101281166076,True,1.0,300.0,490.0,466.9,0.4814037393013067,483.7089985100978,gamma_gamma_conditional_expectation,232.86,151.34,High risk / Low value
14618,0.432915186882019,False,3.0,209.0,363.0,251.65,1.3626997740153461,256.46051355666714,gamma_gamma_conditional_expectation,349.48,151.3,Low risk / High value
17289,0.4272350072860718,False,5.0,265.0,458.0,217.43800000000002,1.606919330873925,220.24853870166092,gamma_gamma_conditional_expectation,353.92,151.21,Low risk / High value
17817,0.3849091291427612,False,3.0,145.0,239.0,195.24,1.9610991379756324,199.85310596998642,gamma_gamma_conditional_expectation,391.93,150.86,Low risk / High value
15251,0.03407371304929256,False,10.0,469.0,496.0,1306.539,3.380764973392938,1309.0834008086342,gamma_gamma_conditional_expectation,4425.7,150.8,Low risk / High value
12569,0.13425261676311492,False,4.0,69.0,69.0,185.44500000000002,5.945522308832319,188.876119359926,gamma_gamma_conditional_expectation,1122.97,150.76,Low risk / High value
12876,0.19324253499507904,False,2.0,394.0,407.0,784.8299999999999,0.9812811198981247,794.8621304649739,gamma_gamma_conditional_expectation,779.98,150.73,Low risk / High value
12874,0.6008865237236023,True,1.0,169.0,371.0,414.16,0.5825107324641011,430.4114027713479,gamma_gamma_conditional_expectation,250.72,150.65,High risk / Low value
12355,0.5052549123764039,True,1.0,353.0,384.0,459.4,0.6256232627431273,476.1297044630628,gamma_gamma_conditional_expectation,297.88,150.51,High risk / Low value
15858,0.16128181666135788,False,9.0,440.0,546.0,343.25,2.7019235123292136,344.95637535773113,gamma_gamma_conditional_expectation,932.05,150.32,Low risk / High value
12881,0.6657749533653259,True,0.0,0.0,92.0,0.0,0.757572973933522,298.0,own_observed_transaction (Gamma-Gamma unstable at frequency=0),225.76,150.31,High risk / Low value
13916,0.5451519966125489,True,3.0,212.0,492.0,303.77,0.8926332878803642,308.76290822814025,gamma_gamma_conditional_expectation,275.61,150.25,High risk / Low value
16637,0.45248091220855713,False,0.0,0.0,42.0,0.0,1.0922630402549223,303.62,own_observed_transaction (Gamma-Gamma unstable at frequency=0),331.63,150.06,Low risk / High value
14891,0.2535876214504242,False,2.0,249.0,253.0,400.365,1.447501388807524,408.37543198902347,gamma_gamma_conditional_expectation,591.12,149.9,Low risk / High value
15259,0.5402782797813416,True,2.0,170.0,499.0,439.915,0.6186619433543202,448.13340456058097,gamma_gamma_conditional_expectation,277.24,149.79,High risk / Low value
14742,0.6726304650306701,True,0.0,0.0,252.0,0.0,0.3838250670037932,579.85,own_observed_transaction (Gamma-Gamma unstable at frequency=0),222.56,149.7,High risk / Low value
13202,0.43782604932785035,True,6.0,336.0,547.0,210.01666666666665,1.6081779333751416,212.3450012081483,gamma_gamma_conditional_expectation,341.49,149.51,Low risk / High value
16416,0.348978590965271,False,4.0,264.0,471.0,321.01,1.3188420516460435,324.79661705768575,gamma_gamma_conditional_expectation,428.36,149.49,Low risk / High value
12730,0.7001762509346008,True,0.0,0.0,338.0,0.0,0.3035748835107493,703.25,own_observed_transaction (Gamma-Gamma unstable at frequency=0),213.49,149.48,High risk / Low value
13832,0.6657749533653259,False,0.0,0.0,239.0,0.0,0.39981399447275634,561.49,own_observed_transaction (Gamma-Gamma unstable at frequency=0),224.49,149.46,High risk / Low value
14320,0.3602744102478027,True,4.0,481.0,504.0,282.6325,1.4471226760890537,286.3184781546077,gamma_gamma_conditional_expectation,414.34,149.28,Low risk / High value
16119,0.46135895848274233,False,5.0,329.0,540.0,222.81,1.433427311452002,225.63180256807317,gamma_gamma_conditional_expectation,323.43,149.22,High risk / Low value
16182,0.07326689809560775,False,6.0,437.0,457.0,896.0,2.262633275499897,899.5265421205456,gamma_gamma_conditional_expectation,2035.3,149.12,Low risk / High value
14669,0.18490920066833497,True,4.0,496.0,554.0,604.9375,1.3223379428785054,609.468671865938,gamma_gamma_conditional_expectation,805.92,149.02,Low risk / High value
16231,0.4750394463539124,True,3.0,218.0,414.0,262.2233333333333,1.173095528064593,267.0708484183909,gamma_gamma_conditional_expectation,313.3,148.83,High risk / Low value
17827,0.20361290574073793,False,2.0,379.0,438.0,791.905,0.9114350798126624,801.9743341550819,gamma_gamma_conditional_expectation,730.95,148.83,Low risk / High value
13899,0.6537670254707336,False,0.0,0.0,91.0,0.0,0.7622313006339315,298.5,own_observed_transaction (Gamma-Gamma unstable at frequency=0),227.53,148.75,High risk / Low value
16785,0.6677917599678039,True,0.0,0.0,226.0,0.0,0.41719771110259707,533.78,own_observed_transaction (Gamma-Gamma unstable at frequency=0),222.69,148.71,High risk / Low value
15745,0.4933562397956848,False,0.0,0.0,53.0,0.0,0.9952714965684711,302.85,own_observed_transaction (Gamma-Gamma unstable at frequency=0),301.42,148.71,High risk / Low value
15582,0.4284809172153473,False,0.0,0.0,37.0,0.0,1.1429656569653117,303.61,own_observed_transaction (Gamma-Gamma unstable at frequency=0),347.02,148.69,Low risk / High value
16510,0.34097859263420105,True,5.0,319.0,508.0,278.77,1.5479129892917372,281.70913800448966,gamma_gamma_conditional_expectation,436.06,148.69,Low risk / High value
13156,0.4771506547927856,True,2.0,291.0,493.0,396.31,0.7705777066901208,404.29910888465776,gamma_gamma_conditional_expectation,311.54,148.65,High risk / Low value
16471,0.4284809172153473,True,3.0,378.0,469.0,288.8666666666667,1.1803496311518211,293.8074204706475,gamma_gamma_conditional_expectation,346.8,148.6,Low risk / High value
18071,0.3693560302257538,True,4.0,477.0,551.0,300.345,1.3227875347399136,304.0774263748089,gamma_gamma_conditional_expectation,402.23,148.57,Low risk / High value
14115,0.6609565734863281,True,1.0,165.0,483.0,504.87,0.43039461604802437,522.0804378388868,gamma_gamma_conditional_expectation,224.7,148.52,High risk / Low value
18035,0.5990371108055115,False,0.0,0.0,202.0,0.0,0.4536258481034158,546.34,own_observed_transaction (Gamma-Gamma unstable at frequency=0),247.83,148.46,High risk / Low value
15972,0.4619146525859833,True,3.0,144.0,417.0,357.74666666666667,0.8854448972382096,362.9284669973373,gamma_gamma_conditional_expectation,321.35,148.44,High risk / Low value
17120,0.4733293533325195,True,0.0,0.0,50.0,0.0,1.019956067433334,307.46,own_observed_transaction (Gamma-Gamma unstable at frequency=0),313.6,148.44,High risk / Low value
16111,0.6726304650306701,True,0.0,0.0,245.0,0.0,0.39227158447725324,562.48,own_observed_transaction (Gamma-Gamma unstable at frequency=0),220.64,148.41,High risk / Low value
12834,0.6537670254707336,True,0.0,0.0,99.0,0.0,0.7265037259997138,312.38,own_observed_transaction (Gamma-Gamma unstable at frequency=0),226.95,148.37,High risk / Low value
15730,0.2535876214504242,False,2.0,225.0,248.0,392.46500000000003,1.4601301256323242,400.433890059433,gamma_gamma_conditional_expectation,584.69,148.27,Low risk / High value
17666,0.5145997881889344,False,2.0,50.0,344.0,504.12,0.561975655802096,512.6760247617655,gamma_gamma_conditional_expectation,288.11,148.26,High risk / Low value
13855,0.5561647295951844,True,3.0,231.0,548.0,332.2966666666667,0.7894639042677302,337.3894043651617,gamma_gamma_conditional_expectation,266.36,148.14,High risk / Low value
15842,0.6260984539985657,True,1.0,134.0,344.0,376.25,0.6032191031524515,392.10059779493514,gamma_gamma_conditional_expectation,236.52,148.08,High risk / Low value
14343,0.5319321513175964,True,3.0,269.0,507.0,279.58666666666664,0.9783431044279243,284.49494498040826,gamma_gamma_conditional_expectation,278.33,148.05,High risk / Low value
14492,0.47978479862213136,True,6.0,189.0,436.0,284.6333333333333,1.0747088237032976,287.09200085986004,gamma_gamma_conditional_expectation,308.54,148.03,High risk / Low value
15443,0.22118866741657256,False,7.0,322.0,459.0,281.4942857142857,2.3595057114603075,283.5964907679653,gamma_gamma_conditional_expectation,669.15,148.01,Low risk / High value
15948,0.6726304650306701,False,0.0,0.0,241.0,0.0,0.39726773535803417,553.85,own_observed_transaction (Gamma-Gamma unstable at frequency=0),220.03,148.0,High risk / Low value
14916,0.27710674703121185,False,4.0,293.0,434.0,342.1375,1.5434575244300262,345.97952057341195,gamma_gamma_conditional_expectation,534.0,147.98,Low risk / High value
15138,0.6677917599678039,True,0.0,0.0,210.0,0.0,0.44079378421511184,502.52,own_observed_transaction (Gamma-Gamma unstable at frequency=0),221.51,147.92,High risk / Low value
17095,0.30619765222072604,False,5.0,425.0,541.0,298.03,1.6045575848271776,301.0095218591248,gamma_gamma_conditional_expectation,482.99,147.89,Low risk / High value
14873,0.5026207685470581,True,1.0,423.0,450.0,519.68,0.5478202250202513,537.0470171504319,gamma_gamma_conditional_expectation,294.21,147.88,High risk / Low value
17106,0.6726304650306701,True,0.0,0.0,206.0,0.0,0.4471174260588893,491.23,own_observed_transaction (Gamma-Gamma unstable at frequency=0),219.64,147.74,High risk / Low value
12644,0.5355163812637329,False,2.0,264.0,511.0,375.32500000000005,0.7196889916550051,383.20375984763797,gamma_gamma_conditional_expectation,275.79,147.69,High risk / Low value
14396,0.38525718450546265,False,4.0,366.0,554.0,307.33,1.232296651149208,311.0807434287598,gamma_gamma_conditional_expectation,383.34,147.68,Low risk / High value
14948,0.45975791215896605,False,0.0,0.0,36.0,0.0,1.1536828049960848,278.4,own_observed_transaction (Gamma-Gamma unstable at frequency=0),321.19,147.67,High risk / Low value
13285,0.23286690413951874,False,3.0,398.0,441.0,496.1466666666667,1.2631434466459035,501.8127997396988,gamma_gamma_conditional_expectation,633.86,147.61,Low risk / High value
15347,0.4138260543346405,True,3.0,71.0,254.0,269.25,1.3011845220052753,274.12210500367263,gamma_gamma_conditional_expectation,356.68,147.6,Low risk / High value
13439,0.37060232162475587,True,2.0,271.0,343.0,351.16499999999996,1.1085449775919478,358.9167151617004,gamma_gamma_conditional_expectation,397.88,147.46,Low risk / High value
16848,0.5196419596672058,False,1.0,56.0,249.0,378.25,0.719562755080792,394.12174287414445,gamma_gamma_conditional_expectation,283.6,147.37,High risk / Low value
16863,0.5609864950180053,False,1.0,43.0,226.0,328.5,0.7630510871742393,343.8457590288125,gamma_gamma_conditional_expectation,262.37,147.19,High risk / Low value
16475,0.6189089059829712,False,0.0,0.0,90.0,0.0,0.7669476912541688,310.0,own_observed_transaction (Gamma-Gamma unstable at frequency=0),237.75,147.15,High risk / Low value
15792,0.6008865237236023,True,1.0,219.0,435.0,457.0,0.516521020807489,473.70433036801165,gamma_gamma_conditional_expectation,244.68,147.02,High risk / Low value
16511,0.400999391078949,False,3.0,382.0,465.0,302.4533333333333,1.192522794140236,307.44163386799494,gamma_gamma_conditional_expectation,366.63,147.02,Low risk / High value
14355,0.4771506547927856,True,2.0,262.0,444.0,356.655,0.8453245070711105,364.4355841735297,gamma_gamma_conditional_expectation,308.07,147.0,High risk / Low value
17548,0.35160306096076965,True,3.0,163.0,213.0,182.45333333333335,2.2342101043271727,187.02169218386652,gamma_gamma_conditional_expectation,417.85,146.92,Low risk / High value
18022,0.4531506597995758,False,3.0,161.0,363.0,261.41333333333336,1.2174225880106564,266.258013812023,gamma_gamma_conditional_expectation,324.15,146.89,High risk / Low value
15932,0.12680609449744223,False,3.0,75.0,106.0,318.50666666666666,3.579367411731521,323.55114606662727,gamma_gamma_conditional_expectation,1158.11,146.86,Low risk / High value
13939,0.36298327445983886,False,4.0,301.0,429.0,252.8825,1.5774494638768817,256.49046350105885,gamma_gamma_conditional_expectation,404.6,146.86,Low risk / High value
16418,0.4092897891998291,False,2.0,196.0,239.0,234.015,1.4877944088736939,241.15068515517808,gamma_gamma_conditional_expectation,358.78,146.84,Low risk / High value
16130,0.5355163812637329,True,3.0,195.0,434.0,259.8433333333333,1.0356256590467936,264.682519574989,gamma_gamma_conditional_expectation,274.11,146.79,High risk / Low value
14429,0.6677917599678039,True,0.0,0.0,220.0,0.0,0.4257430891554334,516.28,own_observed_transaction (Gamma-Gamma unstable at frequency=0),219.8,146.78,High risk / Low value
13895,0.6157037734985351,False,1.0,221.0,553.0,584.45,0.3954813663559631,602.5018005406259,gamma_gamma_conditional_expectation,238.28,146.71,High risk / Low value
17438,0.32236965000629425,True,4.0,388.0,458.0,289.76,1.5504119587244196,293.46466889219323,gamma_gamma_conditional_expectation,454.99,146.67,Low risk / High value
13406,0.6678120851516723,True,1.0,204.0,448.0,428.76,0.4933008213326689,445.165761849576,gamma_gamma_conditional_expectation,219.6,146.65,High risk / Low value
17642,0.5042856216430665,False,2.0,305.0,551.0,415.59000000000003,0.6858013124532396,423.68049222674694,gamma_gamma_conditional_expectation,290.56,146.53,High risk / Low value
14497,0.6008865237236023,True,1.0,364.0,490.0,475.37,0.49528383290217204,492.2685479205493,gamma_gamma_conditional_expectation,243.81,146.5,High risk / Low value
15308,0.6189089059829712,True,0.0,0.0,91.0,0.0,0.7622313006339315,310.47,own_observed_transaction (Gamma-Gamma unstable at frequency=0),236.65,146.46,High risk / Low value
14401,0.19066892564296722,False,10.0,410.0,542.0,267.687,2.853829989281354,269.1434228384568,gamma_gamma_conditional_expectation,768.09,146.45,Low risk / High value
14233,0.19324253499507904,False,5.0,433.0,461.0,395.07,1.901520366488904,398.25299274457626,gamma_gamma_conditional_expectation,757.29,146.34,Low risk / High value
12840,0.14338859766721726,False,4.0,460.0,491.0,685.7925,1.4777972825160623,690.5357012714068,gamma_gamma_conditional_expectation,1020.47,146.32,Low risk / High value
13567,0.5174649357795715,True,2.0,113.0,358.0,333.9,0.8276587968475874,341.5609276408928,gamma_gamma_conditional_expectation,282.7,146.29,High risk / Low value
16290,0.518360710144043,True,3.0,101.0,382.0,370.6233333333334,0.7508750307719448,375.85019573972033,gamma_gamma_conditional_expectation,282.22,146.29,High risk / Low value
16623,0.4092897891998291,True,3.0,347.0,409.0,262.33,1.3375045861480577,267.17788836655455,gamma_gamma_conditional_expectation,357.35,146.26,Low risk / High value
12945,0.5933535695075989,True,1.0,368.0,473.0,462.95,0.5138121578084183,479.7172369786594,gamma_gamma_conditional_expectation,246.48,146.25,High risk / Low value
14180,0.06869582533836364,False,22.0,363.0,365.0,225.1159090909091,9.41683263447675,225.7572875297867,gamma_gamma_conditional_expectation,2125.92,146.04,Low risk / High value
17397,0.6671713352203369,False,0.0,0.0,233.0,0.0,0.40765310781441233,536.77,own_observed_transaction (Gamma-Gamma unstable at frequency=0),218.82,145.99,High risk / Low value
15969,0.3739149749279022,False,2.0,337.0,339.0,332.945,1.14590331278484,340.60090580003725,gamma_gamma_conditional_expectation,390.3,145.94,Low risk / High value
13106,0.6726304650306701,False,0.0,0.0,230.0,0.0,0.41168946847343063,526.96,own_observed_transaction (Gamma-Gamma unstable at frequency=0),216.94,145.92,High risk / Low value
17594,0.2535876214504242,False,2.0,350.0,421.0,604.0,0.9385283571179215,613.0812409551197,gamma_gamma_conditional_expectation,575.39,145.91,Low risk / High value
13074,0.5355163812637329,True,3.0,212.0,540.0,355.1466666666667,0.7556833773907339,360.31936826084785,gamma_gamma_conditional_expectation,272.29,145.82,High risk / Low value
14202,0.5609864950180053,True,2.0,243.0,441.0,303.28,0.8362879299195661,310.7799132251889,gamma_gamma_conditional_expectation,259.9,145.8,High risk / Low value
17950,0.41116358041763307,False,4.0,339.0,521.0,270.145,1.2948844852543189,273.7982316676769,gamma_gamma_conditional_expectation,354.54,145.77,Low risk / High value
17276,0.6726304650306701,True,0.0,0.0,219.0,0.0,0.4272015889859949,507.14,own_observed_transaction (Gamma-Gamma unstable at frequency=0),216.65,145.73,High risk / Low value
17003,0.47978479862213136,True,2.0,176.0,395.0,342.9,0.8663190006533968,350.6082538897934,gamma_gamma_conditional_expectation,303.74,145.73,High risk / Low value
13382,0.38525718450546265,True,4.0,451.0,548.0,283.135,1.318744227456208,286.8222958811088,gamma_gamma_conditional_expectation,378.25,145.72,Low risk / High value
15881,0.4771506547927856,True,2.0,52.0,181.0,193.47,1.5230157186285707,200.39248040388108,gamma_gamma_conditional_expectation,305.2,145.63,High risk / Low value
13245,0.6726304650306701,False,0.0,0.0,249.0,0.0,0.38739991182991984,558.72,own_observed_transaction (Gamma-Gamma unstable at frequency=0),216.45,145.59,High risk / Low value
16950,0.21529114246368408,False,7.0,317.0,501.0,339.3157142857143,1.979921873762741,341.50446636969906,gamma_gamma_conditional_expectation,676.15,145.57,Low risk / High value
16193,0.47069520950317384,True,1.0,174.0,227.0,314.45,0.9376095618993625,329.64721484736697,gamma_gamma_conditional_expectation,309.08,145.48,High risk / Low value
16400,0.2535876214504242,False,7.0,336.0,548.0,327.30428571428575,1.7405467830086445,329.47505910943033,gamma_gamma_conditional_expectation,573.47,145.42,Low risk / High value
14636,0.6113759517669678,False,0.0,0.0,85.0,0.0,0.7914400340471993,300.19,own_observed_transaction (Gamma-Gamma unstable at frequency=0),237.58,145.25,High risk / Low value
15105,0.6079378128051758,False,1.0,196.0,443.0,465.6,0.4952630931888078,482.3952542086118,gamma_gamma_conditional_expectation,238.91,145.24,High risk / Low value
13649,0.22118866741657256,True,5.0,271.0,344.0,273.694,2.3734002587472056,276.62249478298776,gamma_gamma_conditional_expectation,656.54,145.22,Low risk / High value
16159,0.4571237683296204,True,3.0,455.0,553.0,305.08,1.024493178097008,310.0774925915253,gamma_gamma_conditional_expectation,317.67,145.21,High risk / Low value
15272,0.5110155582427979,False,3.0,213.0,480.0,299.6566666666667,0.9327594350056828,304.63518022707876,gamma_gamma_conditional_expectation,284.15,145.21,High risk / Low value
16782,0.05202274471521377,False,29.0,526.0,547.0,321.4106896551724,8.669992283859198,321.9319482160212,gamma_gamma_conditional_expectation,2791.15,145.2,Low risk / High value
16031,0.5192521929740905,False,0.0,0.0,64.0,0.0,0.9142279507184883,305.63,own_observed_transaction (Gamma-Gamma unstable at frequency=0),279.42,145.09,High risk / Low value
18142,0.4284809172153473,False,0.0,0.0,32.0,0.0,1.1986642714302873,282.48,own_observed_transaction (Gamma-Gamma unstable at frequency=0),338.6,145.08,Low risk / High value
15508,0.11760155037045479,True,3.0,46.0,52.0,229.61666666666667,5.263658174449855,234.3500742641091,gamma_gamma_conditional_expectation,1233.54,145.07,Low risk / High value
17534,0.4871299505233765,False,3.0,201.0,469.0,314.42333333333335,0.9319994667171188,319.4535230509868,gamma_gamma_conditional_expectation,297.73,145.03,High risk / Low value
13764,0.34626972675323486,False,2.0,305.0,459.0,489.075,0.8417283091186365,497.55191104902,gamma_gamma_conditional_expectation,418.8,145.02,Low risk / High value
18066,0.540329098701477,False,1.0,29.0,232.0,371.1,0.693732484446726,386.89614921597115,gamma_gamma_conditional_expectation,268.4,145.02,High risk / Low value
13989,0.23286690413951874,False,3.0,324.0,380.0,431.6566666666667,1.4243772318713641,437.0971160796201,gamma_gamma_conditional_expectation,622.59,144.98,Low risk / High value
18095,0.27710674703121185,True,4.0,287.0,416.0,320.5125,1.6123763991317057,324.29781244289114,gamma_gamma_conditional_expectation,522.89,144.9,Low risk / High value
13977,0.6726304650306701,True,0.0,0.0,228.0,0.0,0.4144252267414075,519.81,own_observed_transaction (Gamma-Gamma unstable at frequency=0),215.42,144.9,High risk / Low value
17540,0.37060232162475587,False,4.0,283.0,416.0,239.8375,1.6055422533435513,243.41125505885566,gamma_gamma_conditional_expectation,390.81,144.84,Low risk / High value
16258,0.055979377776384356,False,8.0,420.0,456.0,877.065,2.941077194004253,879.6839576230869,gamma_gamma_conditional_expectation,2587.22,144.83,Low risk / High value
14400,0.5555531859397889,False,1.0,223.0,448.0,501.52,0.5021833113566082,518.6950198312112,gamma_gamma_conditional_expectation,260.48,144.71,High risk / Low value
14803,0.5196419596672058,False,1.0,17.0,109.0,188.64,1.3740818781821615,202.50708363970432,gamma_gamma_conditional_expectation,278.26,144.6,High risk / Low value
14894,0.6189089059829712,False,1.0,294.0,554.0,537.36,0.4206308707519916,554.9139396506423,gamma_gamma_conditional_expectation,233.41,144.46,High risk / Low value
14655,0.17990920096635818,False,3.0,374.0,413.0,594.7666666666667,1.3365504361459082,600.7779218137717,gamma_gamma_conditional_expectation,802.97,144.46,Low risk / High value
16045,0.13654545843601226,False,4.0,253.0,315.0,496.665,2.1087621880586807,500.91224441799267,gamma_gamma_conditional_expectation,1056.3,144.23,Low risk / High value
17158,0.31419765055179594,False,3.0,410.0,459.0,371.02666666666664,1.2189392430884811,376.2549405437141,gamma_gamma_conditional_expectation,458.63,144.1,Low risk / High value
16297,0.603021764755249,True,0.0,0.0,85.0,0.0,0.7914400340471993,301.9,own_observed_transaction (Gamma-Gamma unstable at frequency=0),238.94,144.09,High risk / Low value
18247,0.5420620322227478,True,2.0,217.0,448.0,326.865,0.7945991615748098,334.4889342896689,gamma_gamma_conditional_expectation,265.78,144.07,High risk / Low value
14346,0.27710674703121185,False,2.0,200.0,314.0,441.84000000000003,1.1546709898495167,450.0685271193736,gamma_gamma_conditional_expectation,519.68,144.01,Low risk / High value
18141,0.6047326803207398,True,1.0,188.0,406.0,424.2,0.5400558501249219,440.5575510689787,gamma_gamma_conditional_expectation,237.93,143.88,High risk / Low value
14901,0.3458887755870819,False,5.0,138.0,315.0,238.41,1.7240483623324827,241.26451223226363,gamma_gamma_conditional_expectation,415.95,143.87,Low risk / High value
16419,0.4571237683296204,False,3.0,393.0,485.0,269.24666666666667,1.1472688731681078,274.11876000529253,gamma_gamma_conditional_expectation,314.49,143.76,High risk / Low value
15865,0.3739149749279022,False,2.0,490.0,520.0,476.83500000000004,0.7922531174811344,485.2475473505153,gamma_gamma_conditional_expectation,384.44,143.75,Low risk / High value
18031,0.6677917599678039,True,0.0,0.0,195.0,0.0,0.46548529177841397,462.1,own_observed_transaction (Gamma-Gamma unstable at frequency=0),215.1,143.64,High risk / Low value
14339,0.50070139169693,True,1.0,186.0,245.0,309.52,0.8830779597790256,324.66509222711596,gamma_gamma_conditional_expectation,286.7,143.55,High risk / Low value
15897,0.4284809172153473,True,0.0,0.0,11.0,0.0,1.5084013803208163,222.05,own_observed_transaction (Gamma-Gamma unstable at frequency=0),334.94,143.52,Low risk / High value
13525,0.5589853644371032,False,0.0,0.0,65.0,0.0,0.9075155073321886,282.88,own_observed_transaction (Gamma-Gamma unstable at frequency=0),256.72,143.5,High risk / Low value
14298,0.007019704580307007,False,34.0,538.0,545.0,1999.6288235294119,10.207748061090637,2000.5899559281909,gamma_gamma_conditional_expectation,20421.52,143.35,Low risk / High value
14627,0.6677917599678039,True,0.0,0.0,196.0,0.0,0.463753113914243,462.75,own_observed_transaction (Gamma-Gamma unstable at frequency=0),214.6,143.31,High risk / Low value
16916,0.4331237733364105,False,2.0,43.0,232.0,310.865,1.0384387157282804,318.4047987360679,gamma_gamma_conditional_expectation,330.64,143.21,Low risk / High value
15965,0.2535876214504242,False,8.0,369.0,553.0,269.26750000000004,2.0821434795365326,271.09057491927206,gamma_gamma_conditional_expectation,564.45,143.14,Low risk / High value
15119,0.5788308262825013,True,0.0,0.0,62.0,0.0,0.9279579371842133,266.4,own_observed_transaction (Gamma-Gamma unstable at frequency=0),247.21,143.09,High risk / Low value
17142,0.3538887739181519,True,3.0,445.0,501.0,352.75,1.1288590682230408,357.91431442554534,gamma_gamma_conditional_expectation,404.03,142.98,Low risk / High value
12670,0.2535876214504242,False,3.0,467.0,483.0,473.6766666666667,1.1755968063731923,479.26416565934574,gamma_gamma_conditional_expectation,563.42,142.88,Low risk / High value
13717,0.3458887755870819,False,3.0,245.0,302.0,236.30333333333337,1.7117094277490663,241.06014101461918,gamma_gamma_conditional_expectation,412.62,142.72,Low risk / High value
15361,0.518360710144043,True,3.0,182.0,360.0,205.89000000000001,1.3074360027571605,210.5403757944528,gamma_gamma_conditional_expectation,275.27,142.69,High risk / Low value
13258,0.40225815773010254,False,2.0,195.0,217.0,212.51,1.615681144549888,219.53260171266626,gamma_gamma_conditional_expectation,354.69,142.68,Low risk / High value
14480,0.5439133286476135,False,2.0,316.0,535.0,358.31,0.7163551631839382,366.09928694485535,gamma_gamma_conditional_expectation,262.26,142.65,High risk / Low value
17146,0.09305609539151191,False,11.0,412.0,492.0,422.7945454545454,3.6114963045600765,424.266101004708,gamma_gamma_conditional_expectation,1532.24,142.58,Low risk / High value
17655,0.09305609539151191,False,5.0,206.0,233.0,460.52,3.3030007318618813,463.84022656004197,gamma_gamma_conditional_expectation,1532.06,142.57,Low risk / High value
12960,0.4531506597995758,True,3.0,248.0,478.0,302.8,1.022147247898264,307.7895136995269,gamma_gamma_conditional_expectation,314.61,142.57,High risk / Low value
14080,0.5355163812637329,False,3.0,324.0,554.0,278.40333333333336,0.9396314367723926,283.3074705554676,gamma_gamma_conditional_expectation,266.2,142.55,High risk / Low value
16721,0.5920506715774536,True,0.0,0.0,79.0,0.0,0.8229954754621179,292.47,own_observed_transaction (Gamma-Gamma unstable at frequency=0),240.7,142.51,High risk / Low value
13362,0.07160023152828217,False,4.0,180.0,242.0,769.1,2.571184668088815,774.0616619689033,gamma_gamma_conditional_expectation,1990.26,142.5,Low risk / High value
12933,0.41116358041763307,False,4.0,446.0,546.0,258.615,1.3213018510175925,262.23799607253676,gamma_gamma_conditional_expectation,346.5,142.47,Low risk / High value
16893,0.6105547189712525,True,1.0,10.0,193.0,291.86,0.7604784978783888,306.81838117769763,gamma_gamma_conditional_expectation,233.33,142.46,High risk / Low value
18243,0.6726304650306701,True,0.0,0.0,231.0,0.0,0.41033513373981223,515.78,own_observed_transaction (Gamma-Gamma unstable at frequency=0),211.64,142.36,High risk / Low value
17392,0.4771506547927856,True,2.0,144.0,267.0,225.955,1.2783213917009928,233.0483018700516,gamma_gamma_conditional_expectation,297.91,142.15,High risk / Low value
14479,0.4284809172153473,True,3.0,480.0,550.0,314.66,1.037717505250045,319.69101793597497,gamma_gamma_conditional_expectation,331.75,142.15,Low risk / High value
17545,0.5319321513175964,False,1.0,187.0,394.0,462.78,0.5571022401507353,479.5454396469266,gamma_gamma_conditional_expectation,267.16,142.11,High risk / Low value
12734,0.4945827126502991,True,2.0,40.0,209.0,236.64999999999998,1.178057563539117,243.79954122916175,gamma_gamma_conditional_expectation,287.21,142.05,High risk / Low value
12485,0.6726304650306701,True,0.0,0.0,346.0,0.0,0.297786479713064,708.1,own_observed_transaction (Gamma-Gamma unstable at frequency=0),210.86,141.83,High risk / Low value
12365,0.6407037734985351,True,0.0,0.0,108.0,0.0,0.6901365392136817,320.69,own_observed_transaction (Gamma-Gamma unstable at frequency=0),221.32,141.8,High risk / Low value
17676,0.2965662062168121,False,4.0,253.0,436.0,327.39,1.443230543252495,331.1933475951527,gamma_gamma_conditional_expectation,477.99,141.76,Low risk / High value
17884,0.19324253499507904,False,14.0,424.0,552.0,200.27857142857144,3.644812196078881,201.26815157275806,gamma_gamma_conditional_expectation,733.58,141.76,Low risk / High value
16595,0.4331237733364105,False,3.0,315.0,508.0,310.28,1.0370479433267974,315.2956900645042,gamma_gamma_conditional_expectation,326.98,141.62,Low risk / Low value
16057,0.17990920096635818,False,4.0,490.0,518.0,552.9975000000001,1.4116017837290118,557.3924674590362,gamma_gamma_conditional_expectation,786.82,141.56,Low risk / High value
14035,0.18537963330745696,False,5.0,345.0,429.0,382.99000000000007,1.9763353264513976,386.1476637225622,gamma_gamma_conditional_expectation,763.16,141.47,Low risk / High value
13884,0.2535876214504242,False,5.0,193.0,287.0,208.546,2.639550378631213,211.33789419307234,gamma_gamma_conditional_expectation,557.84,141.46,Low risk / High value
14499,0.23286690413951874,False,4.0,191.0,286.0,273.14,2.1945106093139786,276.80108557985767,gamma_gamma_conditional_expectation,607.44,141.45,Low risk / High value
18160,0.40846019983291626,False,1.0,186.0,203.0,318.55,1.0370825745272747,333.7905622597461,gamma_gamma_conditional_expectation,346.17,141.4,Low risk / High value
14739,0.052385063469409944,False,20.0,518.0,554.0,453.7205,5.93737082892514,454.54569470272656,gamma_gamma_conditional_expectation,2698.81,141.38,Low risk / High value
13959,0.3626023232936859,False,4.0,230.0,328.0,193.04250000000002,1.9838642491540037,196.49354259792054,gamma_gamma_conditional_expectation,389.82,141.35,Low risk / High value
13424,0.6706136584281921,True,0.0,0.0,266.0,0.0,0.36798110037779325,572.77,own_observed_transaction (Gamma-Gamma unstable at frequency=0),210.77,141.35,High risk / Low value
17501,0.4284809172153473,True,0.0,0.0,37.0,0.0,1.1429656569653117,288.6,own_observed_transaction (Gamma-Gamma unstable at frequency=0),329.86,141.34,Low risk / High value
15807,0.5609864950180053,False,1.0,258.0,483.0,511.68,0.47612478578731293,528.9624368335947,gamma_gamma_conditional_expectation,251.85,141.28,High risk / Low value
13956,0.45248091220855713,False,1.0,28.0,88.0,173.95,1.6632943182732294,187.6617730329118,gamma_gamma_conditional_expectation,312.14,141.24,Low risk / Low value
14147,0.18490920066833497,False,5.0,355.0,457.0,408.28000000000003,1.8562887589554389,411.4906911204709,gamma_gamma_conditional_expectation,763.85,141.24,Low risk / High value
13976,0.388569837808609,True,3.0,462.0,485.0,305.65000000000003,1.1697839182085639,310.64948731452495,gamma_gamma_conditional_expectation,363.39,141.2,Low risk / High value
17531,0.42089284062385557,True,2.0,428.0,435.0,353.34000000000003,0.9284877697942509,361.1031523385181,gamma_gamma_conditional_expectation,335.28,141.12,Low risk / High value
14478,0.4331237733364105,True,3.0,356.0,555.0,331.46,0.9677729637508703,336.5498097717529,gamma_gamma_conditional_expectation,325.7,141.07,Low risk / Low value
17058,0.2535876214504242,False,1.0,40.0,56.0,236.94,2.2128812004661067,251.31773730260954,gamma_gamma_conditional_expectation,556.14,141.03,Low risk / High value
15887,0.5333899140357972,True,2.0,149.0,372.0,292.5,0.8811990306098652,299.94322689595026,gamma_gamma_conditional_expectation,264.31,140.98,High risk / Low value
13165,0.4771506547927856,False,1.0,62.0,230.0,354.64,0.7979790514223108,370.26212521407837,gamma_gamma_conditional_expectation,295.46,140.98,High risk / Low value
15646,0.2535876214504242,False,3.0,164.0,227.0,258.53333333333336,2.1106984884162903,263.367935211604,gamma_gamma_conditional_expectation,555.89,140.97,Low risk / High value
15453,0.4331237733364105,False,0.0,0.0,4.0,0.0,1.6512608657716208,197.09,own_observed_transaction (Gamma-Gamma unstable at frequency=0),325.45,140.96,Low risk / Low value
12645,0.19324253499507904,False,5.0,449.0,485.0,398.274,1.8167741491781448,401.4637108063754,gamma_gamma_conditional_expectation,729.37,140.95,Low risk / High value
16752,0.7129017949104309,True,0.0,0.0,189.0,0.0,0.4761574567177378,415.0,own_observed_transaction (Gamma-Gamma unstable at frequency=0),197.61,140.88,High risk / Low value
17946,0.5319321513175964,True,1.0,26.0,76.0,132.03,1.8218414706718282,145.29857217268437,gamma_gamma_conditional_expectation,264.71,140.81,High risk / Low value
15961,0.6726304650306701,True,0.0,0.0,196.0,0.0,0.463753113914243,451.29,own_observed_transaction (Gamma-Gamma unstable at frequency=0),209.29,140.77,High risk / Low value
17374,0.3378250539302826,True,2.0,177.0,212.0,247.885,1.6330333631738285,255.09362016320597,gamma_gamma_conditional_expectation,416.58,140.73,Low risk / High value
14620,0.44798272252082827,True,1.0,78.0,100.0,177.43,1.6432428367325498,191.17856547073606,gamma_gamma_conditional_expectation,314.15,140.73,Low risk / Low value
12598,0.18490920066833497,False,4.0,428.0,465.0,487.84000000000003,1.5464182585497133,492.0641022560576,gamma_gamma_conditional_expectation,760.94,140.7,Low risk / High value
13890,0.4331237733364105,False,4.0,375.0,550.0,255.0675,1.254577970683188,258.6811933167901,gamma_gamma_conditional_expectation,324.54,140.57,Low risk / Low value
13232,0.13496212363243104,False,2.0,47.0,60.0,286.935,3.534662616407284,294.34896349871343,gamma_gamma_conditional_expectation,1040.42,140.42,Low risk / High value
18250,0.643980085849762,True,0.0,0.0,127.0,0.0,0.624232772353115,349.27,own_observed_transaction (Gamma-Gamma unstable at frequency=0),218.03,140.41,High risk / Low value
16021,0.6047326803207398,True,1.0,149.0,361.0,380.86,0.5850955136853148,396.75933720251265,gamma_gamma_conditional_expectation,232.14,140.38,High risk / Low value
13630,0.13496212363243104,False,2.0,101.0,102.0,376.35,2.7069959688922416,384.2341497815405,gamma_gamma_conditional_expectation,1040.12,140.38,Low risk / High value
16806,0.4085874676704407,False,1.0,19.0,56.0,147.13,2.138695341120712,160.55821752071478,gamma_gamma_conditional_expectation,343.39,140.3,Low risk / High value
13546,0.39463492631912234,False,2.0,224.0,241.0,230.45,1.4959829102854831,237.56693870214139,gamma_gamma_conditional_expectation,355.4,140.25,Low risk / High value
14778,0.6657749533653259,False,0.0,0.0,125.0,0.0,0.6305678790304864,334.05,own_observed_transaction (Gamma-Gamma unstable at frequency=0),210.64,140.24,High risk / Low value
16345,0.6726304650306701,False,0.0,0.0,300.0,0.0,0.33446406350912555,623.33,own_observed_transaction (Gamma-Gamma unstable at frequency=0),208.48,140.23,High risk / Low value
18173,0.18490920066833497,False,3.0,413.0,429.0,576.2800000000001,1.3016211936032454,582.2265607976558,gamma_gamma_conditional_expectation,757.84,140.13,Low risk / High value
16126,0.04562543779611587,False,12.0,553.0,554.0,835.7441666666667,3.667000733896216,837.4533205831608,gamma_gamma_conditional_expectation,3070.94,140.11,Low risk / High value
12363,0.4933562397956848,False,0.0,0.0,59.0,0.0,0.9493513652393183,299.1,own_observed_transaction (Gamma-Gamma unstable at frequency=0),283.95,140.09,High risk / Low value
17123,0.6189089059829712,False,1.0,133.0,389.0,414.51,0.5252619658969966,430.7651031602095,gamma_gamma_conditional_expectation,226.26,140.03,High risk / Low value
15806,0.6189089059829712,False,0.0,0.0,93.0,0.0,0.752971640174993,300.36,own_observed_transaction (Gamma-Gamma unstable at frequency=0),226.16,139.97,High risk / Low value
13293,0.47978479862213136,True,5.0,276.0,485.0,191.26799999999997,1.5011891644334274,194.02366614320803,gamma_gamma_conditional_expectation,291.27,139.75,High risk / Low value
12790,0.47069520950317384,True,1.0,218.0,227.0,294.92,0.9576117717489114,309.9107331488879,gamma_gamma_conditional_expectation,296.77,139.69,High risk / Low value
14686,0.49694046974182127,True,1.0,245.0,476.0,568.86,0.47897707694093533,586.7469746481893,gamma_gamma_conditional_expectation,281.04,139.66,High risk / Low value
14023,0.5714856743812561,False,0.0,0.0,67.0,0.0,0.8943845222498148,273.14,own_observed_transaction (Gamma-Gamma unstable at frequency=0),244.29,139.61,High risk / Low value
14321,0.3678934574127197,False,2.0,140.0,290.0,318.505,1.1631747907551633,326.0849734629124,gamma_gamma_conditional_expectation,379.29,139.54,Low risk / High value
15550,0.27710674703121185,False,6.0,435.0,553.0,270.12,1.8475090611583171,272.55331707681097,gamma_gamma_conditional_expectation,503.54,139.53,Low risk / High value
14323,0.475011533498764,False,0.0,0.0,55.0,0.0,0.9794744156757992,299.82,own_observed_transaction (Gamma-Gamma unstable at frequency=0),293.67,139.5,High risk / Low value
16065,0.2535876214504242,True,5.0,98.0,280.0,389.52799999999996,1.3996460831035018,392.6993724266952,gamma_gamma_conditional_expectation,549.64,139.38,Low risk / High value
16467,0.4531506597995758,True,6.0,229.0,554.0,456.34,0.6696280772764869,459.0985876840268,gamma_gamma_conditional_expectation,307.43,139.31,High risk / Low value
16100,0.6726304650306701,True,0.0,0.0,279.0,0.0,0.354399786019805,582.64,own_observed_transaction (Gamma-Gamma unstable at frequency=0),206.49,138.89,High risk / Low value
15695,0.4284809172153473,True,2.0,415.0,498.0,391.21500000000003,0.8118031626805002,399.1773169693079,gamma_gamma_conditional_expectation,324.05,138.85,Low risk / Low value
12859,0.6726304650306701,True,0.0,0.0,275.0,0.0,0.35847035785326725,575.1,own_observed_transaction (Gamma-Gamma unstable at frequency=0),206.16,138.67,High risk / Low value
13360,0.5355163812637329,True,3.0,269.0,517.0,267.03333333333336,0.9519931195597038,271.8976810808964,gamma_gamma_conditional_expectation,258.84,138.61,High risk / Low value
14870,0.2535876214504242,True,4.0,422.0,500.0,376.6,1.4355325511639025,380.53239301031715,gamma_gamma_conditional_expectation,546.27,138.53,Low risk / High value
17351,0.3091788232326508,False,8.0,456.0,546.0,180.26,2.4616085723209946,181.96652371634704,gamma_gamma_conditional_expectation,447.93,138.49,Low risk / High value
17023,0.565748393535614,True,2.0,280.0,514.0,328.91499999999996,0.7270416595627646,336.549714157474,gamma_gamma_conditional_expectation,244.69,138.43,High risk / Low value
12852,0.6537670254707336,True,0.0,0.0,111.0,0.0,0.6788148632009405,311.55,own_observed_transaction (Gamma-Gamma unstable at frequency=0),211.48,138.26,High risk / Low value
14276,0.3476617932319641,False,3.0,371.0,477.0,338.75,1.1564737262342122,343.8653212290637,gamma_gamma_conditional_expectation,397.67,138.25,Low risk / High value
13708,0.603021764755249,True,0.0,0.0,88.0,0.0,0.7765590845499671,294.88,own_observed_transaction (Gamma-Gamma unstable at frequency=0),228.99,138.09,High risk / Low value
15984,0.07326689809560775,False,19.0,505.0,555.0,336.0036842105263,5.594873588141989,336.807480265581,gamma_gamma_conditional_expectation,1884.4,138.06,Low risk / High value
13720,0.4144762337207794,False,1.0,16.0,71.0,165.9,1.8541916447460998,179.5266640890943,gamma_gamma_conditional_expectation,332.88,137.97,Low risk / High value
13888,0.19324253499507904,False,3.0,357.0,392.0,505.00666666666666,1.3978664003729948,510.70380543404355,gamma_gamma_conditional_expectation,713.9,137.96,Low risk / High value
15117,0.34097859263420105,False,2.0,419.0,451.0,443.45,0.8954139968694983,451.68699325945465,gamma_gamma_conditional_expectation,404.45,137.91,Low risk / High value
13019,0.4771506547927856,True,5.0,354.0,550.0,194.99,1.460828858097962,197.75347033360018,gamma_gamma_conditional_expectation,288.88,137.84,High risk / Low value
18025,0.42152072191238404,True,4.0,240.0,436.0,229.8175,1.400863206395811,233.3649791990721,gamma_gamma_conditional_expectation,326.91,137.8,Low risk / Low value
16975,0.5281712293624878,True,2.0,82.0,322.0,305.56,0.8325414752907633,313.07190254157706,gamma_gamma_conditional_expectation,260.65,137.67,High risk / Low value
16763,0.4771506547927856,True,1.0,540.0,555.0,611.85,0.45777856779223375,630.1914881257937,gamma_gamma_conditional_expectation,288.49,137.65,High risk / Low value
17585,0.2191975384950638,False,4.0,215.0,295.0,283.59,2.1852735615362713,287.27848904639836,gamma_gamma_conditional_expectation,627.78,137.61,Low risk / High value
14446,0.4284809172153473,False,1.0,140.0,203.0,303.04,1.009083807768352,318.1165821704778,gamma_gamma_conditional_expectation,321.01,137.55,Low risk / Low value
17669,0.12013942822813987,False,5.0,407.0,434.0,568.1479999999999,2.0025967107856473,571.6938980816759,gamma_gamma_conditional_expectation,1144.87,137.54,Low risk / High value
17360,0.2535876214504242,False,2.0,250.0,251.0,364.145,1.4577961482737964,371.9649701295592,gamma_gamma_conditional_expectation,542.25,137.51,Low risk / High value
13932,0.6585854053497314,True,0.0,0.0,111.0,0.0,0.6788148632009405,307.4,own_observed_transaction (Gamma-Gamma unstable at frequency=0),208.67,137.43,High risk / Low value
13751,0.6609565734863281,True,0.0,0.0,105.0,0.0,0.7018448364139209,296.25,own_observed_transaction (Gamma-Gamma unstable at frequency=0),207.92,137.43,High risk / Low value
15028,0.4771506547927856,False,2.0,26.0,211.0,277.67,1.0103130056328715,285.03524375470636,gamma_gamma_conditional_expectation,287.97,137.41,High risk / Low value
15728,0.6260657191276551,True,1.0,65.0,261.0,297.0,0.7032171850325943,312.01272403126563,gamma_gamma_conditional_expectation,219.41,137.37,High risk / Low value
12958,0.6478933215141296,True,1.0,183.0,400.0,372.6,0.5458692762822508,388.41200802537816,gamma_gamma_conditional_expectation,212.02,137.37,High risk / Low value
16358,0.28267852663993837,False,1.0,210.0,211.0,462.15,1.0146728824354152,478.90877894697564,gamma_gamma_conditional_expectation,485.94,137.36,Low risk / High value
17749,0.5524572253227233,False,1.0,290.0,363.0,369.01,0.6461581910801806,384.7840526081974,gamma_gamma_conditional_expectation,248.63,137.36,High risk / Low value
13865,0.4933562397956848,False,1.0,103.0,106.0,159.22,1.6112554608109395,172.77603952453515,gamma_gamma_conditional_expectation,278.39,137.35,High risk / Low value
15064,0.4771506547927856,True,3.0,307.0,534.0,293.14000000000004,0.9652945371792642,298.09570839395457,gamma_gamma_conditional_expectation,287.75,137.3,High risk / Low value
13675,0.6189089059829712,False,0.0,0.0,101.0,0.0,0.7180925102251418,308.44,own_observed_transaction (Gamma-Gamma unstable at frequency=0),221.49,137.08,High risk / Low value
17913,0.19527957141399382,False,11.0,381.0,553.0,273.14,2.557345084756586,274.4690859182915,gamma_gamma_conditional_expectation,701.91,137.07,Low risk / High value
16202,0.21529114246368408,True,6.0,377.0,554.0,365.84,1.7278866420110723,368.440511269286,gamma_gamma_conditional_expectation,636.62,137.06,Low risk / High value
17389,0.015555194392800332,False,33.0,550.0,552.0,897.2878787878788,9.810514839365007,897.9285616594809,gamma_gamma_conditional_expectation,8809.14,137.03,Low risk / High value
12714,0.04562543779611587,False,8.0,529.0,552.0,1197.765,2.5008716057799405,1200.8038994344854,gamma_gamma_conditional_expectation,3003.06,137.02,Low risk / High value
13709,0.27710674703121185,False,4.0,382.0,514.0,357.91499999999996,1.3665572578627887,361.7983945632058,gamma_gamma_conditional_expectation,494.42,137.01,Low risk / High value
14672,0.3712525010108948,True,3.0,446.0,497.0,319.0933333333333,1.1381275055883964,324.1398657815274,gamma_gamma_conditional_expectation,368.91,136.96,Low risk / High value
16233,0.31679787039756774,False,7.0,408.0,554.0,208.74714285714285,2.0512411383838036,210.74046009305272,gamma_gamma_conditional_expectation,432.28,136.95,Low risk / High value
15087,0.6105547189712525,True,0.0,0.0,98.0,0.0,0.730784176077033,306.94,own_observed_transaction (Gamma-Gamma unstable at frequency=0),224.31,136.95,High risk / Low value
17244,0.4980672478675842,False,1.0,350.0,550.0,610.49,0.4372484778646888,628.8171094719313,gamma_gamma_conditional_expectation,274.95,136.94,High risk / Low value
15325,0.37060232162475587,False,5.0,266.0,478.0,244.844,1.4913595414536118,247.71200287196885,gamma_gamma_conditional_expectation,369.43,136.91,Low risk / High value
15426,0.22118866741657256,False,4.0,329.0,403.0,355.8525,1.7206105361140507,359.73048598428335,gamma_gamma_conditional_expectation,618.96,136.91,Low risk / High value
17135,0.27710674703121185,False,4.0,290.0,396.0,285.32000000000005,1.7092930239330488,289.0130256968401,gamma_gamma_conditional_expectation,494.01,136.89,Low risk / High value
17952,0.50070139169693,True,1.0,163.0,358.0,438.55,0.6007713034457777,455.0592670123056,gamma_gamma_conditional_expectation,273.39,136.89,High risk / Low value
16642,0.45248091220855713,False,1.0,208.0,232.0,307.73,0.9362222202205235,322.85616738122366,gamma_gamma_conditional_expectation,302.27,136.77,Low risk / Low value
13988,0.19324253499507904,False,3.0,425.0,442.0,551.9066666666666,1.2686054128774857,557.7679326422572,gamma_gamma_conditional_expectation,707.59,136.74,Low risk / High value
18083,0.6677917599678039,True,0.0,0.0,214.0,0.0,0.43464714217748496,470.73,own_observed_transaction (Gamma-Gamma unstable at frequency=0),204.6,136.63,High risk / Low value
17679,0.4933562397956848,False,3.0,215.0,553.0,373.5,0.731030658001337,378.73692934175926,gamma_gamma_conditional_expectation,276.87,136.6,High risk / Low value
14307,0.12013942822813987,False,6.0,513.0,549.0,588.0316666666666,1.9229058798438738,591.0202802790682,gamma_gamma_conditional_expectation,1136.48,136.54,Low risk / High value
13814,0.6726304650306701,False,0.0,0.0,344.0,0.0,0.2992127442037006,678.2,own_observed_transaction (Gamma-Gamma unstable at frequency=0),202.93,136.5,High risk / Low value
16188,0.30213798582553864,False,2.0,182.0,225.0,282.885,1.5561023104934706,290.27766668670813,gamma_gamma_conditional_expectation,451.7,136.48,Low risk / High value
16727,0.4331237733364105,True,3.0,324.0,505.0,294.16,1.0533530411749992,299.1192778982697,gamma_gamma_conditional_expectation,315.08,136.47,Low risk / Low value
16167,0.4771506547927856,True,3.0,324.0,555.0,300.11,0.9374452392509358,305.0901000067744,gamma_gamma_conditional_expectation,286.01,136.47,High risk / Low value
16531,0.23286690413951874,False,6.0,147.0,258.0,191.46,3.023990854056537,193.7559215985401,gamma_gamma_conditional_expectation,585.92,136.44,Low risk / High value
13077,0.16537963300943376,False,8.0,438.0,545.0,336.8,2.4338877458050976,338.7115056033327,gamma_gamma_conditional_expectation,824.39,136.34,Low risk / High value
15967,0.17990920096635818,False,9.0,420.0,555.0,293.3177777777778,2.566331299669923,294.96604253726645,gamma_gamma_conditional_expectation,756.98,136.19,Low risk / High value
15173,0.42089284062385557,True,6.0,237.0,434.0,183.09,1.7454580366906338,185.3713017135525,gamma_gamma_conditional_expectation,323.56,136.18,Low risk / Low value
14823,0.4284809172153473,False,0.0,0.0,11.0,0.0,1.5084013803208163,210.65,own_observed_transaction (Gamma-Gamma unstable at frequency=0),317.74,136.15,Low risk / Low value
17274,0.6677917599678039,False,0.0,0.0,212.0,0.0,0.43769880727370053,465.4,own_observed_transaction (Gamma-Gamma unstable at frequency=0),203.71,136.04,High risk / Low value
15974,0.08483419418334961,False,3.0,104.0,105.0,428.5366666666667,3.694423260770043,433.96619759583274,gamma_gamma_conditional_expectation,1603.25,136.01,Low risk / High value
17048,0.23286690413951874,False,5.0,408.0,507.0,338.64,1.7088961732392607,341.7046718246873,gamma_gamma_conditional_expectation,583.94,135.98,Low risk / High value
16934,0.4557848036289215,False,3.0,238.0,438.0,259.2866666666667,1.1295960447957036,264.1239048455099,gamma_gamma_conditional_expectation,298.35,135.98,High risk / Low value
14680,0.010793289542198181,False,43.0,537.0,552.0,992.3525581395348,12.687183001012535,992.8673436673353,gamma_gamma_conditional_expectation,12596.69,135.96,Low risk / High value
17990,0.3458887755870819,True,5.0,496.0,549.0,238.98199999999997,1.6247738150372375,241.83771158661725,gamma_gamma_conditional_expectation,392.93,135.91,Low risk / High value
15864,0.5667759537696838,False,1.0,65.0,198.0,242.42,0.933565456585049,256.85567481964307,gamma_gamma_conditional_expectation,239.79,135.91,High risk / Low value
16634,0.2535876214504242,True,5.0,465.0,504.0,302.162,1.756184437362501,305.1501857265886,gamma_gamma_conditional_expectation,535.9,135.9,Low risk / High value
14875,0.4284809172153473,False,1.0,179.0,258.0,362.0,0.8394353934712816,377.69993910556866,gamma_gamma_conditional_expectation,317.05,135.85,Low risk / Low value
17919,0.6657749533653259,False,0.0,0.0,255.0,0.0,0.38031578651790554,536.28,own_observed_transaction (Gamma-Gamma unstable at frequency=0),203.96,135.79,High risk / Low value
13096,0.7364726781845092,True,0.0,0.0,211.0,0.0,0.43924082417396304,419.7,own_observed_transaction (Gamma-Gamma unstable at frequency=0),184.35,135.77,High risk / Low value
12379,0.6189089059829712,False,1.0,112.0,351.0,370.5,0.5673653692042648,386.28980569220835,gamma_gamma_conditional_expectation,219.17,135.65,High risk / Low value
15907,0.4284809172153473,False,0.0,0.0,27.0,0.0,1.2601419786626102,251.18,own_observed_transaction (Gamma-Gamma unstable at frequency=0),316.52,135.62,Low risk / Low value
13799,0.18490920066833497,False,7.0,350.0,461.0,296.8728571428572,2.452918445570976,298.99808081991506,gamma_gamma_conditional_expectation,733.42,135.62,Low risk / High value
14931,0.5788308262825013,False,0.0,0.0,57.0,0.0,0.9641754835206932,243.0,own_observed_transaction (Gamma-Gamma unstable at frequency=0),234.29,135.61,High risk / Low value
13642,0.4138260543346405,True,1.0,217.0,249.0,354.8,0.8842348618373831,370.42381682041514,gamma_gamma_conditional_expectation,327.54,135.54,Low risk / Low value
13086,0.6726304650306701,True,0.0,0.0,199.0,0.0,0.4586333676953811,439.33,own_observed_transaction (Gamma-Gamma unstable at frequency=0),201.49,135.53,High risk / Low value
15121,0.6537670254707336,False,0.0,0.0,105.0,0.0,0.7018448364139209,295.15,own_observed_transaction (Gamma-Gamma unstable at frequency=0),207.15,135.43,High risk / Low value
17041,0.4331237733364105,False,2.0,240.0,417.0,344.4,0.887970056232835,352.11614159794345,gamma_gamma_conditional_expectation,312.67,135.42,Low risk / Low value
18150,0.4284809172153473,False,0.0,0.0,18.0,0.0,1.3885611299365885,227.58,own_observed_transaction (Gamma-Gamma unstable at frequency=0),316.01,135.4,Low risk / Low value
13038,0.40034921169281007,False,1.0,107.0,107.0,196.66,1.6052102081806314,210.6118754073337,gamma_gamma_conditional_expectation,338.08,135.35,Low risk / High value
15925,0.4331237733364105,True,0.0,0.0,11.0,0.0,1.5084013803208163,207.15,own_observed_transaction (Gamma-Gamma unstable at frequency=0),312.47,135.34,Low risk / Low value
15789,0.23286690413951874,True,4.0,265.0,440.0,394.565,1.4579973547289768,398.54450337169544,gamma_gamma_conditional_expectation,581.08,135.31,Low risk / High value
16872,0.26620023846626284,False,3.0,279.0,280.0,268.67333333333335,1.8570022287324086,273.54342028391284,gamma_gamma_conditional_expectation,507.97,135.22,Low risk / High value
16113,0.47978479862213136,True,0.0,0.0,0.0,0.0,1.7459591651198856,161.38,own_observed_transaction (Gamma-Gamma unstable at frequency=0),281.76,135.18,High risk / Low value
16788,0.28267852663993837,False,3.0,416.0,487.0,409.8966666666667,1.1516190767056727,415.2609666542315,gamma_gamma_conditional_expectation,478.22,135.18,Low risk / High value
16810,0.449089503288269,True,1.0,228.0,237.0,309.54,0.9267756669874896,324.6853036779081,gamma_gamma_conditional_expectation,300.91,135.14,Low risk / Low value
17343,0.4168778657913208,True,5.0,381.0,553.0,212.52799999999996,1.5052566847823154,215.32824354453427,gamma_gamma_conditional_expectation,324.12,135.12,Low risk / Low value
14953,0.5355163812637329,False,1.0,17.0,252.0,419.47,0.5789221873274439,435.7775429566487,gamma_gamma_conditional_expectation,252.28,135.1,High risk / Low value
13821,0.3895708203315735,False,4.0,443.0,521.0,246.51,1.386161086934648,250.1012526311516,gamma_gamma_conditional_expectation,346.68,135.06,Low risk / High value
14114,0.3256571114063263,True,6.0,333.0,423.0,175.05666666666664,2.3382847796719455,177.323936551139,gamma_gamma_conditional_expectation,414.63,135.03,Low risk / High value
14422,0.0750850796699524,False,13.0,455.0,539.0,460.6753846153846,3.8919393155833943,461.95087434837,gamma_gamma_conditional_expectation,1797.88,134.99,Low risk / High value
17042,0.27304708063602445,False,1.0,51.0,64.0,222.18,2.090828952136547,236.40168661804472,gamma_gamma_conditional_expectation,494.28,134.96,Low risk / High value
17768,0.4531506597995758,False,2.0,350.0,554.0,414.13,0.70521513138955,422.21281485748085,gamma_gamma_conditional_expectation,297.75,134.93,High risk / Low value
15998,0.07160023152828217,False,11.0,476.0,555.0,572.7527272727273,3.276868817940441,574.367041513545,gamma_gamma_conditional_expectation,1882.13,134.76,Low risk / High value
17104,0.7129017949104309,True,0.0,0.0,240.0,0.0,0.3985367851126046,474.03,own_observed_transaction (Gamma-Gamma unstable at frequency=0),188.92,134.68,High risk / Low value
14648,0.39463492631912234,True,12.0,313.0,546.0,359.93666666666667,0.9440525160697867,361.23063653398486,gamma_gamma_conditional_expectation,341.02,134.58,Low risk / High value
13484,0.4771506547927856,True,2.0,398.0,456.0,312.47,0.8811988466604144,320.0182385837885,gamma_gamma_conditional_expectation,282.0,134.56,High risk / Low value
13121,0.603021764755249,True,0.0,0.0,86.0,0.0,0.7864162795299846,283.73,own_observed_transaction (Gamma-Gamma unstable at frequency=0),223.13,134.55,High risk / Low value
15366,0.2535876214504242,False,5.0,293.0,468.0,315.104,1.665294498473428,318.1193221672266,gamma_gamma_conditional_expectation,529.76,134.34,Low risk / High value
13557,0.18490920066833497,False,10.0,451.0,548.0,241.638,2.9877089815753823,243.06714201486963,gamma_gamma_conditional_expectation,726.21,134.28,Low risk / High value
15644,0.40287318229675295,False,1.0,5.0,78.0,184.57,1.679572264223053,198.39405340351334,gamma_gamma_conditional_expectation,333.22,134.25,Low risk / High value
15192,0.2535876214504242,False,3.0,488.0,496.0,454.6066666666666,1.1504830933639105,460.12742992670957,gamma_gamma_conditional_expectation,529.37,134.24,Low risk / High value
17728,0.540329098701477,False,1.0,49.0,270.0,372.55,0.6391137154377541,388.3614793983979,gamma_gamma_conditional_expectation,248.21,134.12,High risk / Low value
17293,0.20361290574073793,False,9.0,428.0,553.0,250.32888888888888,2.614290491008273,251.92712362888443,gamma_gamma_conditional_expectation,658.61,134.1,Low risk / High value
14548,0.2535876214504242,False,4.0,416.0,550.0,405.2025,1.2922731108990977,409.2098985272291,gamma_gamma_conditional_expectation,528.81,134.1,Low risk / High value
13448,0.07326689809560775,False,8.0,515.0,550.0,728.9625,2.5021239217860702,731.387524251953,gamma_gamma_conditional_expectation,1830.02,134.08,Low risk / High value
15835,0.5437343716621399,False,1.0,70.0,147.0,187.2,1.2258950560495727,201.0518591826736,gamma_gamma_conditional_expectation,246.47,134.01,High risk / Low value
12402,0.402223002910614,True,5.0,347.0,487.0,192.04000000000002,1.7099472602577526,194.79728485223086,gamma_gamma_conditional_expectation,333.09,133.98,Low risk / High value
17463,0.2535876214504242,False,3.0,356.0,406.0,385.21999999999997,1.351302983033939,390.49794364624245,gamma_gamma_conditional_expectation,527.68,133.81,Low risk / High value
14370,0.5355163812637329,True,4.0,226.0,493.0,229.6825,1.0713312989892279,233.2296251829972,gamma_gamma_conditional_expectation,249.87,133.81,High risk / Low value
18263,0.4933562397956848,False,0.0,0.0,69.0,0.0,0.8816312344429715,307.6,own_observed_transaction (Gamma-Gamma unstable at frequency=0),271.19,133.79,High risk / Low value
18276,0.39463492631912234,False,4.0,337.0,546.0,275.65250000000003,1.2129072735177773,279.3201742123633,gamma_gamma_conditional_expectation,338.79,133.7,Low risk / High value
17855,0.671799099445343,True,0.0,0.0,189.0,0.0,0.4761574567177378,417.94,own_observed_transaction (Gamma-Gamma unstable at frequency=0),199.01,133.69,High risk / Low value
18156,0.6726304650306701,False,0.0,0.0,186.0,0.0,0.48167994489440313,412.46,own_observed_transaction (Gamma-Gamma unstable at frequency=0),198.67,133.63,High risk / Low value
13211,0.3256571114063263,False,6.0,372.0,550.0,234.46,1.7325583858360243,236.83102972930095,gamma_gamma_conditional_expectation,410.32,133.62,Low risk / High value
14924,0.4771506547927856,True,2.0,394.0,456.0,310.435,0.8802020321998699,317.9725375930649,gamma_gamma_conditional_expectation,279.88,133.54,High risk / Low value
13624,0.643980085849762,True,0.0,0.0,205.0,0.0,0.44872689457073395,462.08,own_observed_transaction (Gamma-Gamma unstable at frequency=0),207.35,133.53,High risk / Low value
13489,0.606226897239685,False,1.0,5.0,111.0,158.4,1.2807771160548984,171.94737004205933,gamma_gamma_conditional_expectation,220.23,133.51,High risk / Low value
13636,0.27304708063602445,False,2.0,33.0,102.0,193.475,2.437577614505753,200.39750669624158,gamma_gamma_conditional_expectation,488.48,133.38,Low risk / High value
17017,0.04562543779611587,False,14.0,532.0,553.0,688.0478571428572,4.240403625108681,689.402210470266,gamma_gamma_conditional_expectation,2923.34,133.38,Low risk / High value
13509,0.3747874617576599,False,3.0,253.0,324.0,216.67333333333332,1.6074181037208437,221.36144555412378,gamma_gamma_conditional_expectation,355.82,133.36,Low risk / High value
13531,0.27710674703121185,True,4.0,531.0,553.0,356.705,1.3345758364596494,360.58522153023796,gamma_gamma_conditional_expectation,481.23,133.35,Low risk / High value
17841,0.010793289542198181,False,127.0,554.0,554.0,332.4515748031496,37.15023916085786,332.57147880546023,gamma_gamma_conditional_expectation,12355.11,133.35,Low risk / High value
12748,0.015555194392800332,False,126.0,551.0,552.0,231.70087301587301,36.97152023850512,231.81336257056398,gamma_gamma_conditional_expectation,8570.49,133.32,Low risk / High value
15424,0.42089284062385557,True,1.0,209.0,280.0,383.34,0.7931753239926905,399.26555710073217,gamma_gamma_conditional_expectation,316.69,133.29,Low risk / Low value
16369,0.2535876214504242,False,4.0,415.0,428.0,310.8375,1.6692263064465915,314.59744129085465,gamma_gamma_conditional_expectation,525.13,133.17,Low risk / High value
16614,0.6119222283363343,False,1.0,176.0,395.0,380.45,0.5490455279889727,396.3450024612747,gamma_gamma_conditional_expectation,217.61,133.16,High risk / Low value
16635,0.6677917599678039,True,0.0,0.0,223.0,0.0,0.42142693773703305,473.0,own_observed_transaction (Gamma-Gamma unstable at frequency=0),199.33,133.11,High risk / Low value
15390,0.5196419596672058,True,1.0,13.0,226.0,381.77,0.6440463600047247,397.67895821355285,gamma_gamma_conditional_expectation,256.12,133.09,High risk / Low value
17797,0.4331237733364105,False,4.0,329.0,541.0,249.19,1.2143543965338228,252.78828050582425,gamma_gamma_conditional_expectation,306.97,132.96,Low risk / Low value
13320,0.23286690413951874,False,2.0,265.0,295.0,440.70500000000004,1.2717813765732389,448.92755875354004,gamma_gamma_conditional_expectation,570.94,132.95,Low risk / High value
17337,0.11629024967551231,False,2.0,99.0,127.0,483.375,2.3240221005512427,491.82193775804967,gamma_gamma_conditional_expectation,1143.01,132.92,Low risk / High value
13885,0.3410601019859314,True,1.0,11.0,17.0,107.65,3.2273530587879518,120.66081365712269,gamma_gamma_conditional_expectation,389.42,132.82,Low risk / High value
16573,0.6537670254707336,False,0.0,0.0,107.0,0.0,0.6939953755548637,292.63,own_observed_transaction (Gamma-Gamma unstable at frequency=0),203.08,132.77,High risk / Low value
16083,0.3626023232936859,False,2.0,28.0,205.0,330.84000000000003,1.0814063028850012,338.48483671626667,gamma_gamma_conditional_expectation,366.04,132.73,Low risk / High value
15408,0.6113759517669678,True,0.0,0.0,81.0,0.0,0.81219892837582,267.18,own_observed_transaction (Gamma-Gamma unstable at frequency=0),217.0,132.67,High risk / Low value
14008,0.6726304650306701,True,0.0,0.0,249.0,0.0,0.38739991182991984,509.04,own_observed_transaction (Gamma-Gamma unstable at frequency=0),197.2,132.64,High risk / Low value
13158,0.5360746741294861,False,1.0,70.0,205.0,256.41,0.9130273750129833,270.9935846487124,gamma_gamma_conditional_expectation,247.42,132.64,High risk / Low value
16069,0.7129017949104309,True,0.0,0.0,234.0,0.0,0.4063252420277747,457.7,own_observed_transaction (Gamma-Gamma unstable at frequency=0),185.98,132.59,High risk / Low value
14177,0.34859763979911806,False,5.0,270.0,468.0,239.238,1.5709349507888668,242.09424836059372,gamma_gamma_conditional_expectation,380.31,132.58,Low risk / High value
16249,0.27304708063602445,False,1.0,38.0,56.0,205.7,2.2073352270568054,219.74745116535985,gamma_gamma_conditional_expectation,485.06,132.44,Low risk / High value
15296,0.05036249086260795,False,6.0,504.0,504.0,1256.1883333333333,2.0864248490681803,1260.3440166733797,gamma_gamma_conditional_expectation,2629.61,132.43,Low risk / High value
13945,0.5786124467849731,True,1.0,85.0,296.0,338.5,0.6464388288193506,353.95148442485913,gamma_gamma_conditional_expectation,228.81,132.39,High risk / Low value
18151,0.3538887739181519,False,4.0,356.0,462.0,243.61,1.513165186700811,247.19364784139393,gamma_gamma_conditional_expectation,374.04,132.37,Low risk / High value
12792,0.5537233471870422,True,1.0,278.0,351.0,344.54,0.6638920424766765,360.0553425640713,gamma_gamma_conditional_expectation,239.04,132.36,High risk / Low value
12577,0.4035755038261414,False,3.0,377.0,553.0,327.09666666666664,0.9873236918443454,332.17120689218274,gamma_gamma_conditional_expectation,327.96,132.36,Low risk / Low value
16030,0.6367905378341675,True,0.0,0.0,126.0,0.0,0.6273842418911166,331.24,own_observed_transaction (Gamma-Gamma unstable at frequency=0),207.81,132.33,High risk / Low value
14829,0.1720462992787361,False,4.0,252.0,253.0,295.255,2.572420190652707,298.97407865761346,gamma_gamma_conditional_expectation,769.09,132.32,Low risk / High value
16121,0.3389969110488892,False,2.0,350.0,382.0,371.1,1.0300004896131771,378.95654280301517,gamma_gamma_conditional_expectation,390.33,132.32,Low risk / High value
12842,0.49665844440460205,False,2.0,429.0,554.0,356.265,0.7317383935620738,364.04353336941074,gamma_gamma_conditional_expectation,266.38,132.3,High risk / Low value
14319,0.6726304650306701,True,0.0,0.0,241.0,0.0,0.39726773535803417,494.85,own_observed_transaction (Gamma-Gamma unstable at frequency=0),196.59,132.23,High risk / Low value
13591,0.23286690413951874,False,5.0,521.0,542.0,339.96799999999996,1.6547191058112942,343.03545633969014,gamma_gamma_conditional_expectation,567.63,132.18,Low risk / High value
17598,0.7001762509346008,True,0.0,0.0,198.0,0.0,0.4603272946577759,409.98,own_observed_transaction (Gamma-Gamma unstable at frequency=0),188.72,132.14,High risk / Low value
14675,0.6367905378341675,False,0.0,0.0,205.0,0.0,0.44872689457073395,462.15,own_observed_transaction (Gamma-Gamma unstable at frequency=0),207.38,132.06,High risk / Low value
15236,0.6189089059829712,True,0.0,0.0,115.0,0.0,0.6642881800270309,321.05,own_observed_transaction (Gamma-Gamma unstable at frequency=0),213.27,131.99,High risk / Low value
15031,0.17990920096635818,False,8.0,449.0,548.0,298.65625,2.438912353910058,300.5178081275967,gamma_gamma_conditional_expectation,732.94,131.86,Low risk / High value
16895,0.5355163812637329,False,3.0,227.0,482.0,250.63,0.9638616736849848,255.43694405235203,gamma_gamma_conditional_expectation,246.21,131.85,High risk / Low value
16355,0.6726304650306701,True,0.0,0.0,192.0,0.0,0.470760657470698,416.35,own_observed_transaction (Gamma-Gamma unstable at frequency=0),196.0,131.84,High risk / Low value
13462,0.3937923192977905,True,4.0,473.0,542.0,245.5075,1.3436966995846151,249.09612373400262,gamma_gamma_conditional_expectation,334.71,131.81,Low risk / High value
16976,0.6575504064559936,True,0.0,0.0,84.0,0.0,0.7965288790177549,251.52,own_observed_transaction (Gamma-Gamma unstable at frequency=0),200.34,131.73,High risk / Low value
14065,0.4771506547927856,True,2.0,42.0,248.0,290.075,0.9277231662546522,297.5054751011076,gamma_gamma_conditional_expectation,276.0,131.69,High risk / Low value
14256,0.23286690413951874,True,3.0,434.0,511.0,506.83,1.1033244726028948,512.5335195479663,gamma_gamma_conditional_expectation,565.49,131.68,Low risk / High value
15269,0.5355163812637329,False,1.0,10.0,207.0,335.26,0.7001684802414027,350.67722939654,gamma_gamma_conditional_expectation,245.53,131.49,High risk / Low value
14705,0.5110155582427979,True,0.0,0.0,15.0,0.0,1.4374749976254422,179.0,own_observed_transaction (Gamma-Gamma unstable at frequency=0),257.31,131.49,High risk / Low value
15814,0.6008865237236023,False,1.0,210.0,420.0,395.03,0.5320084397169496,411.07915008871066,gamma_gamma_conditional_expectation,218.7,131.41,High risk / Low value
13510,0.12829545736312867,False,6.0,535.0,535.0,514.225,1.980034735169945,517.084695454936,gamma_gamma_conditional_expectation,1023.85,131.36,Low risk / High value
17348,0.3256571114063263,False,4.0,342.0,456.0,261.4075,1.5214561175470969,265.0378189606052,gamma_gamma_conditional_expectation,403.24,131.32,Low risk / High value
16955,0.35989345908164977,True,5.0,493.0,494.0,199.804,1.800717342981471,202.57756420048563,gamma_gamma_conditional_expectation,364.78,131.28,Low risk / High value
16405,0.6527320265769958,True,1.0,8.0,127.0,160.4,1.1560994708279273,173.96851512126864,gamma_gamma_conditional_expectation,201.12,131.28,High risk / Low value
12426,0.4771506547927856,True,1.0,468.0,479.0,510.73,0.5209793636812502,528.0023929209702,gamma_gamma_conditional_expectation,275.08,131.25,High risk / Low value
14257,0.12734020203351976,False,5.0,464.0,465.0,539.196,1.8977827839781882,542.681192299776,gamma_gamma_conditional_expectation,1029.89,131.15,Low risk / High value
15179,0.07160023152828217,False,10.0,503.0,553.0,597.674,3.0540688868003625,599.4760144977547,gamma_gamma_conditional_expectation,1830.84,131.09,Low risk / High value
15109,0.4571237683296204,True,2.0,490.0,552.0,375.95,0.7470381260601315,383.8320463927004,gamma_gamma_conditional_expectation,286.74,131.08,High risk / Low value
14591,0.4284809172153473,False,0.0,0.0,30.0,0.0,1.2225126510026103,250.22,own_observed_transaction (Gamma-Gamma unstable at frequency=0),305.9,131.07,Low risk / Low value
14399,0.3195067346096039,True,7.0,280.0,491.0,236.3942857142857,1.7203533628385592,238.42898515346909,gamma_gamma_conditional_expectation,410.18,131.06,Low risk / High value
13173,0.23286690413951874,False,8.0,362.0,546.0,267.3675,2.089738577443094,269.1880869571839,gamma_gamma_conditional_expectation,562.53,130.99,Low risk / High value
13632,0.1770462989807129,False,4.0,378.0,428.0,443.42999999999995,1.652907386400962,447.5376440791128,gamma_gamma_conditional_expectation,739.74,130.97,Low risk / High value
18264,0.6745352268218994,True,0.0,0.0,315.0,0.0,0.32154736483221236,603.25,own_observed_transaction (Gamma-Gamma unstable at frequency=0),193.97,130.84,High risk / Low value
16017,0.5243645250797272,False,3.0,286.0,520.0,252.03333333333333,0.9712651588377139,256.84518837038036,gamma_gamma_conditional_expectation,249.46,130.81,High risk / Low value
18056,0.6260984539985657,True,1.0,330.0,435.0,363.65,0.550705143275503,379.36738379591634,gamma_gamma_conditional_expectation,208.92,130.8,High risk / Low value
13494,0.6657749533653259,True,0.0,0.0,128.0,0.0,0.6211129833254841,316.26,own_observed_transaction (Gamma-Gamma unstable at frequency=0),196.43,130.78,High risk / Low value
13023,0.6726304650306701,False,0.0,0.0,345.0,0.0,0.29849790473566723,651.13,own_observed_transaction (Gamma-Gamma unstable at frequency=0),194.36,130.73,High risk / Low value
12408,0.12680609449744223,False,3.0,238.0,315.0,623.57,1.6367732516602351,629.6820528163428,gamma_gamma_conditional_expectation,1030.65,130.69,Low risk / High value
15517,0.47978479862213136,True,0.0,0.0,50.0,0.0,1.019956067433334,267.03,own_observed_transaction (Gamma-Gamma unstable at frequency=0),272.36,130.67,High risk / Low value
14310,0.6853560090065003,True,0.0,0.0,249.0,0.0,0.38739991182991984,492.1,own_observed_transaction (Gamma-Gamma unstable at frequency=0),190.64,130.66,High risk / Low value
15092,0.4168778657913208,True,2.0,247.0,279.0,228.90500000000003,1.3279608469673265,236.0138143627468,gamma_gamma_conditional_expectation,313.42,130.66,Low risk / Low value
17222,0.5219449400901794,False,4.0,221.0,515.0,260.1775,0.9487846096613667,263.80459348081143,gamma_gamma_conditional_expectation,250.29,130.64,High risk / Low value
17156,0.6726304650306701,True,0.0,0.0,308.0,0.0,0.3274484260907809,591.87,own_observed_transaction (Gamma-Gamma unstable at frequency=0),193.81,130.36,High risk / Low value
12819,0.6726304650306701,True,0.0,0.0,275.0,0.0,0.35847035785326725,540.52,own_observed_transaction (Gamma-Gamma unstable at frequency=0),193.76,130.33,High risk / Low value
12493,0.4557848036289215,False,0.0,0.0,14.0,0.0,1.454565312118332,196.5,own_observed_transaction (Gamma-Gamma unstable at frequency=0),285.82,130.27,High risk / Low value
13381,0.07326689809560775,False,7.0,531.0,555.0,805.5728571428572,2.1989854527071975,808.459502241073,gamma_gamma_conditional_expectation,1777.79,130.25,Low risk / High value
16838,0.3966857552528381,True,3.0,466.0,480.0,272.79333333333335,1.182406206077896,277.6778382817346,gamma_gamma_conditional_expectation,328.33,130.24,Low risk / Low value
16601,0.6499101281166076,False,1.0,233.0,440.0,372.2,0.5161613159931141,388.00777900953625,gamma_gamma_conditional_expectation,200.27,130.16,High risk / Low value
15774,0.5060705184936524,False,4.0,238.0,473.0,207.71499999999997,1.217332121669263,211.20451890058254,gamma_gamma_conditional_expectation,257.11,130.12,High risk / Low value
12507,0.5875641107559204,False,1.0,286.0,401.0,362.16,0.5858242767346382,377.86163071190543,gamma_gamma_conditional_expectation,221.36,130.06,High risk / Low value
14302,0.5920506715774536,True,2.0,307.0,554.0,314.15,0.6826427950826928,321.7070728169166,gamma_gamma_conditional_expectation,219.61,130.02,High risk / Low value
13736,0.23286690413951874,False,4.0,473.0,550.0,417.7625,1.3236626910892517,421.80283513390384,gamma_gamma_conditional_expectation,558.32,130.01,Low risk / High value
16891,0.391142863035202,False,6.0,364.0,552.0,193.59166666666667,1.696559444698452,195.89131164889838,gamma_gamma_conditional_expectation,332.34,129.99,Low risk / High value
16567,0.31679787039756774,True,1.0,142.0,153.0,308.04,1.2694337254231491,323.1694448685011,gamma_gamma_conditional_expectation,410.24,129.96,Low risk / High value
15723,0.4342547655105591,True,3.0,210.0,391.0,235.58,1.2448913859690578,240.33427636613428,gamma_gamma_conditional_expectation,299.19,129.92,Low risk / Low value
17726,0.47978479862213136,True,6.0,287.0,499.0,163.87,1.6294635390607157,166.11773012580312,gamma_gamma_conditional_expectation,270.68,129.87,High risk / Low value
15167,0.3538887739181519,True,3.0,353.0,490.0,324.5466666666667,1.1133428353019785,329.6122831313951,gamma_gamma_conditional_expectation,366.97,129.87,Low risk / High value
14235,0.12829545736312867,False,4.0,393.0,436.0,615.875,1.6308590227751303,620.4348537238603,gamma_gamma_conditional_expectation,1011.84,129.81,Low risk / High value
12728,0.31679787039756774,False,3.0,126.0,200.0,175.76999999999998,2.27190620433378,180.31497043173655,gamma_gamma_conditional_expectation,409.66,129.78,Low risk / High value
15626,0.5305713415145874,False,1.0,92.0,238.0,281.88,0.8241508299074487,296.7328672324431,gamma_gamma_conditional_expectation,244.55,129.75,High risk / Low value
16049,0.4557848036289215,False,2.0,141.0,333.0,279.125,0.9932194407864845,286.4978948316119,gamma_gamma_conditional_expectation,284.56,129.7,High risk / Low value
13723,0.3458887755870819,True,4.0,394.0,428.0,222.2425,1.660842514601022,225.77011496375675,gamma_gamma_conditional_expectation,374.97,129.7,Low risk / High value
16425,0.6585854053497314,True,0.0,0.0,119.0,0.0,0.6503738010331337,302.7,own_observed_transaction (Gamma-Gamma unstable at frequency=0),196.87,129.66,High risk / Low value
16427,0.606226897239685,True,1.0,21.0,101.0,131.26,1.4784169363062498,144.52043131718875,gamma_gamma_conditional_expectation,213.66,129.53,High risk / Low value
14882,0.2965662062168121,False,9.0,229.0,436.0,318.5055555555556,1.3634873223196242,320.1831335875149,gamma_gamma_conditional_expectation,436.57,129.47,Low risk / High value
16185,0.5897693395614624,False,1.0,332.0,381.0,335.0,0.6263569168598717,350.4144805362428,gamma_gamma_conditional_expectation,219.48,129.44,High risk / Low value
12541,0.6189089059829712,False,0.0,0.0,97.0,0.0,0.735115717815267,284.4,own_observed_transaction (Gamma-Gamma unstable at frequency=0),209.07,129.4,High risk / Low value
16619,0.34359604120254517,True,3.0,392.0,472.0,314.37333333333333,1.178957874751046,319.40334807528507,gamma_gamma_conditional_expectation,376.56,129.38,Low risk / High value
16875,0.1720462992787361,False,6.0,407.0,520.0,383.2516666666667,1.9484705694478575,385.88259090657516,gamma_gamma_conditional_expectation,751.88,129.36,Low risk / High value
14101,0.04562543779611587,False,10.0,424.0,438.0,748.781,3.7750094379081367,750.7412671527427,gamma_gamma_conditional_expectation,2834.06,129.31,Low risk / High value
15019,0.606226897239685,True,0.0,0.0,83.0,0.0,0.8016840945414987,266.0,own_observed_transaction (Gamma-Gamma unstable at frequency=0),213.25,129.28,High risk / Low value
18218,0.38268107175827026,True,3.0,449.0,477.0,280.02666666666664,1.185464542447934,284.93648476658336,gamma_gamma_conditional_expectation,337.78,129.26,Low risk / High value
17880,0.5355163812637329,True,2.0,366.0,547.0,326.66,0.7218352633393551,334.28285630288843,gamma_gamma_conditional_expectation,241.3,129.22,High risk / Low value
17569,0.6677917599678039,True,0.0,0.0,149.0,0.0,0.5621477016166916,344.14,own_observed_transaction (Gamma-Gamma unstable at frequency=0),193.46,129.19,High risk / Low value
14853,0.41500407457351685,False,3.0,394.0,422.0,231.69999999999996,1.3162831477325632,236.44069825168074,gamma_gamma_conditional_expectation,311.22,129.16,Low risk / Low value
12616,0.5824150562286377,False,1.0,91.0,205.0,219.6,0.9484691299004882,233.79440946586467,gamma_gamma_conditional_expectation,221.75,129.15,High risk / Low value
16611,0.22118866741657256,True,5.0,453.0,456.0,299.618,1.9293998603240528,302.60085153519753,gamma_gamma_conditional_expectation,583.84,129.14,Low risk / High value
16787,0.4771506547927856,True,3.0,301.0,515.0,264.63,1.0038452995482072,269.4859372488337,gamma_gamma_conditional_expectation,270.52,129.08,High risk / Low value
16918,0.20361290574073793,False,9.0,419.0,553.0,244.28444444444443,2.577083378399658,245.87564472318272,gamma_gamma_conditional_expectation,633.64,129.02,Low risk / High value
13601,0.35659763813018797,False,2.0,335.0,363.0,328.72,1.0757133693459635,336.35368875541457,gamma_gamma_conditional_expectation,361.82,129.02,Low risk / High value
16370,0.4284809172153473,False,0.0,0.0,42.0,0.0,1.0922630402549223,275.54,own_observed_transaction (Gamma-Gamma unstable at frequency=0),300.96,128.96,Low risk / Low value
13570,0.5714856743812561,True,0.0,0.0,60.0,0.0,0.9421104661848387,239.49,own_observed_transaction (Gamma-Gamma unstable at frequency=0),225.63,128.94,High risk / Low value
15012,0.5708974480628968,False,1.0,203.0,393.0,382.12,0.5671041355514453,398.03265860241453,gamma_gamma_conditional_expectation,225.73,128.87,High risk / Low value
12916,0.1008288785815239,False,5.0,483.0,501.0,716.2639999999999,1.7734652116091065,720.1204637625243,gamma_gamma_conditional_expectation,1277.11,128.77,Low risk / High value
14306,0.4752135813236237,False,3.0,299.0,494.0,252.0,1.0550595848566717,256.8117383865792,gamma_gamma_conditional_expectation,270.95,128.76,High risk / Low value
13605,0.6189089059829712,True,1.0,184.0,388.0,352.78,0.5645260625145124,368.3824602904137,gamma_gamma_conditional_expectation,207.96,128.71,High risk / Low value
14215,0.17196670025587082,False,6.0,545.0,548.0,383.215,1.937735276528654,385.8458601942155,gamma_gamma_conditional_expectation,747.67,128.57,Low risk / High value
13647,0.19324253499507904,False,3.0,369.0,420.0,500.90000000000003,1.3131188726423346,506.5827674297423,gamma_gamma_conditional_expectation,665.2,128.54,Low risk / High value
18040,0.5788308262825013,False,0.0,0.0,62.0,0.0,0.9279579371842133,239.0,own_observed_transaction (Gamma-Gamma unstable at frequency=0),221.78,128.37,High risk / Low value
15594,0.4733293533325195,False,0.0,0.0,51.0,0.0,1.0115916227040598,267.91,own_observed_transaction (Gamma-Gamma unstable at frequency=0),271.02,128.28,High risk / Low value
16801,0.11941973194479942,False,2.0,81.0,90.0,363.49,2.8924431774959114,371.30652583033367,gamma_gamma_conditional_expectation,1073.98,128.25,Low risk / High value
14000,0.2059663712978363,True,4.0,526.0,554.0,463.58500000000004,1.3309966280148702,467.7454973679289,gamma_gamma_conditional_expectation,622.57,128.23,Low risk / High value
12724,0.3458887755870819,False,3.0,203.0,352.0,259.87,1.400330422771373,264.70927956202996,gamma_gamma_conditional_expectation,370.68,128.21,Low risk / High value
14118,0.7129017949104309,True,0.0,0.0,245.0,0.0,0.39227158447725324,458.45,own_observed_transaction (Gamma-Gamma unstable at frequency=0),179.84,128.21,High risk / Low value
12733,0.2619578093290329,True,3.0,455.0,506.0,431.26666666666665,1.120664707235821,436.7057512691466,gamma_gamma_conditional_expectation,489.4,128.2,Low risk / High value
17179,0.2535876214504242,False,4.0,330.0,379.0,272.65250000000003,1.8294582665876524,276.31230718847604,gamma_gamma_conditional_expectation,505.5,128.19,Low risk / High value
15580,0.3626023232936859,True,7.0,294.0,487.0,183.07142857142858,1.9106340269263724,185.0263144354873,gamma_gamma_conditional_expectation,353.52,128.19,Low risk / High value
16518,0.4771506547927856,False,2.0,272.0,373.0,255.375,1.0220341579998324,262.6230061192354,gamma_gamma_conditional_expectation,268.41,128.07,High risk / Low value
15248,0.42259215116500853,True,2.0,123.0,351.0,335.51,0.882914965957457,343.17939378097395,gamma_gamma_conditional_expectation,303.0,128.05,Low risk / Low value
14475,0.2535876214504242,False,2.0,222.0,225.0,311.08500000000004,1.584168324700829,318.62595559992997,gamma_gamma_conditional_expectation,504.76,128.0,Low risk / High value
17624,0.4025745213031769,False,2.0,501.0,536.0,404.31,0.7708221254760907,412.34117666145823,gamma_gamma_conditional_expectation,317.84,127.95,Low risk / Low value
14662,0.36854363679885865,False,5.0,502.0,553.0,211.86399999999998,1.61536062839216,214.66285128703282,gamma_gamma_conditional_expectation,346.76,127.8,Low risk / High value
12802,0.18557107746601104,True,4.0,377.0,380.0,368.0425,1.8497632263786943,371.9524523246787,gamma_gamma_conditional_expectation,688.02,127.68,Low risk / High value
13198,0.07160023152828217,False,4.0,185.0,251.0,709.725,2.494088631207849,714.5309604544675,gamma_gamma_conditional_expectation,1782.1,127.6,Low risk / High value
17097,0.4138260543346405,False,2.0,106.0,247.0,231.18,1.2932767237584566,238.30077738677443,gamma_gamma_conditional_expectation,308.19,127.54,Low risk / Low value
13611,0.21529114246368408,False,7.0,377.0,553.0,301.84999999999997,1.947810006964417,303.98267345725753,gamma_gamma_conditional_expectation,592.1,127.47,Low risk / High value
15957,0.6319721579551697,False,0.0,0.0,237.0,0.0,0.4023932096440021,501.21,own_observed_transaction (Gamma-Gamma unstable at frequency=0),201.68,127.46,High risk / Low value
15607,0.31881026923656464,True,8.0,364.0,517.0,168.15375,2.3524893953615162,169.84442114212115,gamma_gamma_conditional_expectation,399.56,127.38,Low risk / High value
15292,0.5060705184936524,True,0.0,0.0,18.0,0.0,1.3885611299365885,180.94,own_observed_transaction (Gamma-Gamma unstable at frequency=0),251.25,127.15,High risk / Low value
13090,0.03407371304929256,False,14.0,256.0,311.0,564.6285714285715,6.592561113612521,565.8906269278071,gamma_gamma_conditional_expectation,3730.67,127.12,Low risk / High value
16587,0.547788655757904,True,0.0,0.0,49.0,0.0,1.0284613855299178,225.15,own_observed_transaction (Gamma-Gamma unstable at frequency=0),231.56,126.85,High risk / Low value
17860,0.4531506597995758,True,2.0,360.0,545.0,379.425,0.7223523446940472,387.3253195832482,gamma_gamma_conditional_expectation,279.79,126.79,High risk / Low value
16387,0.4284809172153473,True,4.0,316.0,455.0,194.59,1.4938598356540116,198.04510067107572,gamma_gamma_conditional_expectation,295.85,126.77,Low risk / Low value
14487,0.6355547189712525,False,1.0,11.0,196.0,250.2,0.7526306348608867,264.71792917776736,gamma_gamma_conditional_expectation,199.23,126.62,High risk / Low value
15493,0.12090909481048584,False,5.0,405.0,471.0,563.884,1.8452618365097209,567.4209574401307,gamma_gamma_conditional_expectation,1047.04,126.6,Low risk / High value
17516,0.31057088971138,False,2.0,161.0,195.0,227.605,1.7357851557724897,234.7069783490167,gamma_gamma_conditional_expectation,407.4,126.53,Low risk / High value
17695,0.4807348847389221,False,2.0,286.0,497.0,338.4,0.7602917186072691,346.0845907653431,gamma_gamma_conditional_expectation,263.13,126.5,High risk / Low value
12580,0.5261715054512024,True,1.0,330.0,393.0,379.7,0.60776725700951,395.5870730565712,gamma_gamma_conditional_expectation,240.42,126.5,High risk / Low value
14710,0.39463492631912234,False,8.0,357.0,553.0,159.6575,1.9852212607924522,161.33704569586268,gamma_gamma_conditional_expectation,320.29,126.4,Low risk / Low value
17686,0.056759797781705854,False,3.0,333.0,350.0,1433.0766666666666,1.5433895559617343,1442.0215994239527,gamma_gamma_conditional_expectation,2225.6,126.32,Low risk / High value
13301,0.4907220959663391,False,1.0,70.0,109.0,153.86,1.5370880986189612,167.35937071225416,gamma_gamma_conditional_expectation,257.25,126.24,High risk / Low value
13410,0.23286690413951874,False,6.0,544.0,548.0,277.13666666666666,1.9374454770638745,279.5822397601638,gamma_gamma_conditional_expectation,541.68,126.14,Low risk / High value
13869,0.07160023152828217,False,8.0,429.0,508.0,666.6500000000001,2.631899738934138,668.993428916366,gamma_gamma_conditional_expectation,1760.72,126.07,Low risk / High value
18161,0.2672117382287979,False,2.0,127.0,196.0,273.15999999999997,1.6812787842161552,280.501528045535,gamma_gamma_conditional_expectation,471.6,126.02,Low risk / High value
17473,0.6189089059829712,True,1.0,48.0,273.0,308.9,0.6281509362533693,324.03853725256107,gamma_gamma_conditional_expectation,203.55,125.98,High risk / Low value
14663,0.6585854053497314,True,0.0,0.0,247.0,0.0,0.3898204816649439,490.6,own_observed_transaction (Gamma-Gamma unstable at frequency=0),191.25,125.95,High risk / Low value
18220,0.22670449316501617,True,5.0,498.0,541.0,333.62399999999997,1.64978387490328,336.67815440958606,gamma_gamma_conditional_expectation,555.45,125.92,Low risk / High value
14605,0.4771506547927856,True,2.0,357.0,548.0,360.03,0.7167934164458889,367.8283315168674,gamma_gamma_conditional_expectation,263.66,125.81,High risk / Low value
18096,0.5355163812637329,False,2.0,71.0,330.0,308.635,0.7429645298162745,316.16307234328474,gamma_gamma_conditional_expectation,234.9,125.79,High risk / Low value
15268,0.6189089059829712,True,1.0,127.0,422.0,414.3,0.47194608584997366,430.55288292689255,gamma_gamma_conditional_expectation,203.2,125.76,High risk / Low value
12412,0.4331237733364105,False,2.0,137.0,356.0,313.58500000000004,0.9040497724564349,321.1391017801801,gamma_gamma_conditional_expectation,290.33,125.75,Low risk / Low value
14550,0.6157037734985351,False,1.0,95.0,300.0,298.18,0.651965146402682,313.2051996279991,gamma_gamma_conditional_expectation,204.2,125.73,High risk / Low value
17756,0.4771506547927856,True,2.0,19.0,211.0,278.9,0.9203194174448176,286.2717116753894,gamma_gamma_conditional_expectation,263.46,125.71,High risk / Low value
14912,0.2535876214504242,False,2.0,344.0,407.0,503.595,0.9678903692555189,512.148264063913,gamma_gamma_conditional_expectation,495.7,125.7,Low risk / High value
12777,0.6726304650306701,True,0.0,0.0,274.0,0.0,0.3595026934218104,519.45,own_observed_transaction (Gamma-Gamma unstable at frequency=0),186.74,125.61,High risk / Low value
16174,0.5355163812637329,False,3.0,112.0,420.0,344.4666666666667,0.6707591845652234,349.60199345096044,gamma_gamma_conditional_expectation,234.5,125.58,High risk / Low value
17214,0.33080255389213564,False,3.0,110.0,176.0,147.54,2.497227272090071,151.98617915054533,gamma_gamma_conditional_expectation,379.54,125.55,Low risk / High value
13389,0.4733293533325195,False,0.0,0.0,49.0,0.0,1.0284613855299178,257.89,own_observed_transaction (Gamma-Gamma unstable at frequency=0),265.23,125.54,High risk / Low value
17521,0.35765368342399595,False,2.0,235.0,251.0,234.655,1.450544015629869,241.79405057732214,gamma_gamma_conditional_expectation,350.73,125.44,Low risk / High value
16221,0.18490920066833497,False,7.0,211.0,303.0,198.53285714285715,3.3798923199063267,200.51088565074522,gamma_gamma_conditional_expectation,677.71,125.31,Low risk / High value
17105,0.6157037734985351,False,0.0,0.0,123.0,0.0,0.6370336550848733,319.4,own_observed_transaction (Gamma-Gamma unstable at frequency=0),203.47,125.28,High risk / Low value
17823,0.6319721579551697,True,0.0,0.0,238.0,0.0,0.40109944258974356,494.25,own_observed_transaction (Gamma-Gamma unstable at frequency=0),198.24,125.28,High risk / Low value
13168,0.2515810549259186,False,3.0,343.0,359.0,324.21999999999997,1.5117505233953876,329.2844732901438,gamma_gamma_conditional_expectation,497.8,125.24,Low risk / High value
14489,0.2535876214504242,True,3.0,405.0,429.0,374.6933333333333,1.2992869112627023,379.9344387618403,gamma_gamma_conditional_expectation,493.64,125.18,Low risk / High value
17006,0.5047373056411744,False,3.0,252.0,461.0,224.57666666666668,1.081155091039944,229.2924367133757,gamma_gamma_conditional_expectation,247.9,125.12,High risk / Low value
13813,0.5355163812637329,False,3.0,206.0,550.0,323.82,0.7102098140330501,328.88307348453003,gamma_gamma_conditional_expectation,233.58,125.09,High risk / Low value
13115,0.09123791381716728,False,6.0,415.0,416.0,553.995,2.461584995233219,556.9241617423861,gamma_gamma_conditional_expectation,1370.92,125.08,Low risk / High value
17609,0.3382697284221649,False,5.0,307.0,426.0,188.408,1.9312031481493823,191.1576693714398,gamma_gamma_conditional_expectation,369.16,124.88,Low risk / High value
12845,0.4284809172153473,True,3.0,23.0,107.0,96.33333333333333,2.8953577063237375,100.60031403522365,gamma_gamma_conditional_expectation,291.27,124.8,Low risk / Low value
12957,0.07326689809560775,False,7.0,542.0,545.0,756.6814285714287,2.242569758116103,759.4948930503692,gamma_gamma_conditional_expectation,1703.22,124.79,Low risk / High value
14507,0.16362879127264024,False,6.0,514.0,546.0,390.8433333333333,1.9338614638601523,393.48751794283925,gamma_gamma_conditional_expectation,760.95,124.51,Low risk / High value
15968,0.6677917599678039,True,0.0,0.0,205.0,0.0,0.44872689457073395,415.3,own_observed_transaction (Gamma-Gamma unstable at frequency=0),186.36,124.45,High risk / Low value
17908,0.38892064094543455,True,4.0,352.0,542.0,252.6575,1.2485679169214878,256.2648734742673,gamma_gamma_conditional_expectation,319.96,124.44,Low risk / Low value
13973,0.6657952785491943,True,0.0,0.0,104.0,0.0,0.7058369770281236,264.7,own_observed_transaction (Gamma-Gamma unstable at frequency=0),186.84,124.4,High risk / Low value
17588,0.18490920066833497,False,4.0,405.0,454.0,423.5125,1.5730903093413713,427.5679135963545,gamma_gamma_conditional_expectation,672.6,124.37,Low risk / High value
12854,0.19324253499507904,False,5.0,487.0,545.0,390.90999999999997,1.6329230838616406,394.0842701674588,gamma_gamma_conditional_expectation,643.51,124.35,Low risk / High value
17063,0.17990920096635818,False,6.0,449.0,555.0,369.69166666666666,1.8560949383928782,372.2989056448747,gamma_gamma_conditional_expectation,691.02,124.32,Low risk / High value
13529,0.5110155582427979,False,0.0,0.0,21.0,0.0,1.3429059055287282,181.1,own_observed_transaction (Gamma-Gamma unstable at frequency=0),243.2,124.28,High risk / Low value
15200,0.6965058326721192,True,0.0,0.0,311.0,0.0,0.3248930235254257,549.05,own_observed_transaction (Gamma-Gamma unstable at frequency=0),178.38,124.24,High risk / Low value
13259,0.4284809172153473,False,5.0,301.0,515.0,197.052,1.4510525884668157,199.81979388023868,gamma_gamma_conditional_expectation,289.95,124.24,Low risk / Low value
16225,0.18490920066833497,False,9.0,393.0,487.0,222.89999999999998,2.992621231337976,224.4663132858418,gamma_gamma_conditional_expectation,671.74,124.21,Low risk / High value
14837,0.1714916929602623,False,5.0,483.0,501.0,405.08000000000004,1.7734652116091065,408.28398144576516,gamma_gamma_conditional_expectation,724.08,124.17,Low risk / High value
12623,0.19324253499507904,True,6.0,420.0,513.0,319.3533333333333,1.9960186991010642,321.8726463086976,gamma_gamma_conditional_expectation,642.46,124.15,Low risk / High value
18009,0.17696212530136107,True,6.0,417.0,469.0,317.26166666666666,2.192901997564002,319.77732612636794,gamma_gamma_conditional_expectation,701.24,124.09,Low risk / High value
15528,0.6221997261047363,True,0.0,0.0,71.0,0.0,0.8692394899276716,229.33,own_observed_transaction (Gamma-Gamma unstable at frequency=0),199.34,124.03,High risk / Low value
18140,0.6726304650306701,True,0.0,0.0,290.0,0.0,0.3436691140888809,536.41,own_observed_transaction (Gamma-Gamma unstable at frequency=0),184.35,124.0,High risk / Low value
13738,0.643980085849762,True,0.0,0.0,213.0,0.0,0.43616761792830905,440.93,own_observed_transaction (Gamma-Gamma unstable at frequency=0),192.32,123.85,High risk / Low value
16823,0.18699759840965272,True,6.0,510.0,554.0,345.13166666666666,1.904111641181857,347.6960066753053,gamma_gamma_conditional_expectation,662.05,123.8,Low risk / High value
17413,0.6260984539985657,True,1.0,165.0,386.0,340.3,0.555613066925941,355.77051499614754,gamma_gamma_conditional_expectation,197.67,123.76,High risk / Low value
13368,0.2965662062168121,True,3.0,167.0,240.0,202.9333333333333,2.0088074532398505,207.57336223129107,gamma_gamma_conditional_expectation,416.97,123.66,Low risk / High value
16134,0.3059490740299225,False,3.0,181.0,357.0,301.36999999999995,1.3188748690309273,306.35450939445764,gamma_gamma_conditional_expectation,404.04,123.62,Low risk / High value
15985,0.13496212363243104,False,4.0,325.0,378.0,496.13,1.8305122184068863,500.3758414653994,gamma_gamma_conditional_expectation,915.94,123.62,Low risk / High value
14504,0.23286690413951874,False,2.0,35.0,95.0,197.74,2.5930960889146726,204.68493407974836,gamma_gamma_conditional_expectation,530.77,123.6,Low risk / High value
14013,0.48245941996574404,False,2.0,348.0,440.0,277.925,0.897902073851488,285.2915846650919,gamma_gamma_conditional_expectation,256.16,123.59,High risk / Low value
15457,0.6331708192825317,True,0.0,0.0,79.0,0.0,0.8229954754621179,237.07,own_observed_transaction (Gamma-Gamma unstable at frequency=0),195.11,123.54,High risk / Low value
12649,0.22118866741657256,False,5.0,484.0,513.0,319.168,1.7334242007685945,322.1918434541029,gamma_gamma_conditional_expectation,558.5,123.53,Low risk / High value
13443,0.5110155582427979,True,5.0,229.0,494.0,209.32000000000002,1.1396673330934788,212.1135170956418,gamma_gamma_conditional_expectation,241.74,123.53,High risk / Low value
13837,0.5269871115684509,True,1.0,106.0,134.0,157.54,1.3698706250471755,171.0782776579993,gamma_gamma_conditional_expectation,234.36,123.5,High risk / Low value
15945,0.5269871115684509,True,3.0,373.0,555.0,234.14666666666668,0.9805154356750768,238.89592706268496,gamma_gamma_conditional_expectation,234.24,123.44,High risk / Low value
14467,0.2535876214504242,False,8.0,425.0,554.0,205.51125,2.3481025778746343,207.25083905986145,gamma_gamma_conditional_expectation,486.65,123.41,Low risk / High value
16203,0.39463492631912234,False,3.0,277.0,321.0,185.93666666666664,1.6410456051167068,190.51721549108632,gamma_gamma_conditional_expectation,312.65,123.38,Low risk / Low value
17665,0.6726304650306701,True,0.0,0.0,310.0,0.0,0.3257403707563456,563.1,own_observed_transaction (Gamma-Gamma unstable at frequency=0),183.42,123.37,High risk / Low value
15673,0.07326689809560775,False,6.0,441.0,472.0,763.6566666666666,2.1949004018484635,766.9520445922047,gamma_gamma_conditional_expectation,1683.38,123.34,Low risk / High value
15381,0.17990920096635818,True,4.0,370.0,400.0,385.26750000000004,1.7602346911541666,389.22262215349815,gamma_gamma_conditional_expectation,685.12,123.26,Low risk / High value
12350,0.6706136584281921,True,0.0,0.0,127.0,0.0,0.624232772353115,294.4,own_observed_transaction (Gamma-Gamma unstable at frequency=0),183.77,123.24,High risk / Low value
17034,0.4424689054489136,False,2.0,226.0,330.0,241.125,1.1215944953001231,248.29807289180954,gamma_gamma_conditional_expectation,278.49,123.22,Low risk / Low value
16271,0.23286690413951874,False,4.0,284.0,459.0,368.24,1.4209926534759862,372.15047023708456,gamma_gamma_conditional_expectation,528.82,123.14,Low risk / High value
14619,0.4569565713405609,True,1.0,296.0,358.0,394.44,0.656199108787595,410.48291229034396,gamma_gamma_conditional_expectation,269.36,123.09,High risk / Low value
13922,0.4771506547927856,True,2.0,116.0,284.0,221.0,1.1309687243918702,228.0672461407958,gamma_gamma_conditional_expectation,257.94,123.08,High risk / Low value
17691,0.4531506597995758,True,3.0,188.0,363.0,202.46666666666667,1.3109136749745192,207.10506245807503,gamma_gamma_conditional_expectation,271.5,123.03,High risk / Low value
12826,0.23286690413951874,False,7.0,405.0,538.0,245.70428571428573,2.1298836455149948,247.75292034794717,gamma_gamma_conditional_expectation,527.68,122.88,Low risk / High value
13629,0.04562543779611587,False,11.0,456.0,483.0,709.6818181818181,3.7852343812246914,711.426487548937,gamma_gamma_conditional_expectation,2692.92,122.87,Low risk / High value
15708,0.07160023152828217,False,6.0,203.0,242.0,454.40166666666664,3.7520463596331965,457.1568686624735,gamma_gamma_conditional_expectation,1715.27,122.81,Low risk / High value
13692,0.12680609449744223,False,3.0,207.0,237.0,457.52666666666664,2.0913035521345074,463.05764850769003,gamma_gamma_conditional_expectation,968.39,122.8,Low risk / High value
13987,0.5355163812637329,True,1.0,21.0,217.0,305.08,0.7157072479171112,320.17815015127127,gamma_gamma_conditional_expectation,229.15,122.71,High risk / Low value
12820,0.23286690413951874,False,7.0,408.0,551.0,252.76285714285717,2.067375331825526,254.82205703598095,gamma_gamma_conditional_expectation,526.81,122.68,Low risk / High value
17905,0.2535876214504242,False,9.0,328.0,497.0,198.94444444444446,2.4124895476777906,200.4828785051565,gamma_gamma_conditional_expectation,483.66,122.65,Low risk / High value
13367,0.6853560090065003,True,0.0,0.0,248.0,0.0,0.38860641598131573,460.2,own_observed_transaction (Gamma-Gamma unstable at frequency=0),178.84,122.57,High risk / Low value
14502,0.13496212363243104,False,4.0,79.0,130.0,228.755,3.9091421793478514,232.29969296144537,gamma_gamma_conditional_expectation,908.09,122.56,Low risk / High value
14262,0.5295637607574463,False,0.0,0.0,57.0,0.0,0.9641754835206932,240.0,own_observed_transaction (Gamma-Gamma unstable at frequency=0),231.4,122.54,High risk / Low value
16122,0.4771506547927856,False,3.0,93.0,242.0,150.82000000000002,1.653107550515881,155.27765755657822,gamma_gamma_conditional_expectation,256.69,122.48,High risk / Low value
17744,0.1275757610797882,False,4.0,130.0,197.0,322.24,2.941477577084166,326.02984253747957,gamma_gamma_conditional_expectation,959.01,122.35,Low risk / High value
18170,0.18482502698898315,False,6.0,483.0,517.0,323.91833333333335,2.027266348339852,326.44561999746327,gamma_gamma_conditional_expectation,661.79,122.32,Low risk / High value
16150,0.12829545736312867,False,6.0,452.0,539.0,493.14166666666665,1.9210371542540863,495.9645358481869,gamma_gamma_conditional_expectation,952.77,122.24,Low risk / High value
12403,0.7240516185760498,False,0.0,0.0,338.0,0.0,0.3035748835107493,555.66,own_observed_transaction (Gamma-Gamma unstable at frequency=0),168.68,122.13,High risk / Low value
16769,0.42311506271362304,True,2.0,465.0,542.0,373.645,0.7562485998855855,381.5149256145098,gamma_gamma_conditional_expectation,288.52,122.08,Low risk / Low value
16775,0.10621212422847748,False,8.0,237.0,259.0,243.11,4.690230311419999,244.89882288331427,gamma_gamma_conditional_expectation,1148.63,122.0,Low risk / High value
15661,0.36415764689445496,True,7.0,261.0,395.0,127.85714285714286,2.5820176915420614,129.72938405853836,gamma_gamma_conditional_expectation,334.96,121.98,Low risk / High value
17321,0.4331237733364105,False,2.0,183.0,394.0,312.33,0.880146689165147,319.87750239769446,gamma_gamma_conditional_expectation,281.54,121.94,Low risk / Low value
16392,0.4092897891998291,True,2.0,292.0,378.0,284.755,1.0189219213663079,292.15750002953524,gamma_gamma_conditional_expectation,297.69,121.84,Low risk / Low value
18287,0.12829545736312867,False,3.0,370.0,388.0,663.1266666666667,1.4162900278336763,669.3771485931636,gamma_gamma_conditional_expectation,948.03,121.63,Low risk / High value
15181,0.4907220959663391,False,2.0,462.0,548.0,324.0,0.7473470244831063,331.6088687671022,gamma_gamma_conditional_expectation,247.83,121.62,High risk / Low value
13278,0.4771506547927856,False,2.0,211.0,427.0,297.71500000000003,0.834814446497145,305.1856498279521,gamma_gamma_conditional_expectation,254.77,121.56,High risk / Low value
15382,0.04562543779611587,False,7.0,551.0,552.0,1197.3942857142858,2.218107312852234,1200.867408557701,gamma_gamma_conditional_expectation,2663.65,121.53,Low risk / High value
17414,0.19658743739128112,False,4.0,552.0,553.0,457.46,1.33911578712314,461.60443552749234,gamma_gamma_conditional_expectation,618.14,121.52,Low risk / High value
13103,0.6478933215141296,False,1.0,140.0,394.0,342.36,0.5239330177529337,357.8522944277331,gamma_gamma_conditional_expectation,187.49,121.47,High risk / Low value
12791,0.47978479862213136,True,4.0,251.0,441.0,175.6875,1.413520112175476,179.09303186473258,gamma_gamma_conditional_expectation,253.15,121.46,High risk / Low value
12989,0.04192173406481743,False,20.0,529.0,546.0,477.12399999999997,6.054830345328942,477.96144339941907,gamma_gamma_conditional_expectation,2893.98,121.32,Low risk / High value
15163,0.5060705184936524,False,0.0,0.0,9.0,0.0,1.5465957038132596,155.0,own_observed_transaction (Gamma-Gamma unstable at frequency=0),239.72,121.32,High risk / Low value
17980,0.2535876214504242,False,2.0,189.0,210.0,281.375,1.6561088183691917,288.75972639383707,gamma_gamma_conditional_expectation,478.22,121.27,Low risk / High value
17732,0.2757559448480606,True,6.0,115.0,304.0,347.91,1.2548213806930997,350.4791929254595,gamma_gamma_conditional_expectation,439.79,121.27,Low risk / High value
16292,0.47978479862213136,False,3.0,224.0,421.0,213.08333333333334,1.1605430708489743,217.7588822987403,gamma_gamma_conditional_expectation,252.72,121.25,High risk / Low value
13310,0.16457586735486984,False,3.0,196.0,219.0,325.79,2.2263452513595268,330.85996752717784,gamma_gamma_conditional_expectation,736.61,121.23,Low risk / High value
14813,0.4331237733364105,True,2.0,241.0,427.0,315.265,0.8656402957817974,322.82793601330815,gamma_gamma_conditional_expectation,279.45,121.04,Low risk / Low value
12619,0.38268107175827026,False,2.0,326.0,377.0,297.83,1.0352898555161527,305.30125455224356,gamma_gamma_conditional_expectation,316.08,120.96,Low risk / Low value
16040,0.2535876214504242,False,4.0,341.0,426.0,287.7075,1.6352584497229252,291.4067865366837,gamma_gamma_conditional_expectation,476.53,120.84,Low risk / High value
15882,0.27710674703121185,True,5.0,531.0,546.0,261.958,1.6458110805478923,264.86188705100443,gamma_gamma_conditional_expectation,435.91,120.79,Low risk / High value
15143,0.50070139169693,True,1.0,207.0,249.0,259.45,0.8802038925377862,274.0657251691105,gamma_gamma_conditional_expectation,241.23,120.78,High risk / Low value
13395,0.23286690413951874,True,2.0,236.0,238.0,333.675,1.518354014599193,341.33474448467035,gamma_gamma_conditional_expectation,518.27,120.69,Low risk / High value
17400,0.12013942822813987,False,6.0,512.0,539.0,510.0516666666667,1.9579021289561926,512.9040725572838,gamma_gamma_conditional_expectation,1004.22,120.65,Low risk / High value
15976,0.19324253499507904,False,4.0,331.0,368.0,327.8075,1.8825781389053897,331.6119424226437,gamma_gamma_conditional_expectation,624.29,120.64,Low risk / High value
15037,0.6388473868370056,True,0.0,0.0,193.0,0.0,0.4689889141757878,402.51,own_observed_transaction (Gamma-Gamma unstable at frequency=0),188.77,120.6,High risk / Low value
14129,0.19324253499507904,False,4.0,319.0,396.0,354.115,1.7425849096879449,357.98842966628195,gamma_gamma_conditional_expectation,623.83,120.55,Low risk / High value
15018,0.5788308262825013,False,1.0,115.0,184.0,180.09,1.0739303132822804,193.86668842608447,gamma_gamma_conditional_expectation,208.2,120.51,High risk / Low value
15137,0.6537670254707336,True,1.0,160.0,497.0,430.58,0.4123096508386433,447.00500387165647,gamma_gamma_conditional_expectation,184.3,120.49,High risk / Low value
16660,0.38826260566711424,False,4.0,484.0,511.0,213.66500000000002,1.4287149047980126,217.17012183129236,gamma_gamma_conditional_expectation,310.27,120.47,Low risk / Low value
13787,0.42152072191238404,False,4.0,330.0,511.0,213.88,1.3137566251274186,217.38568563467092,gamma_gamma_conditional_expectation,285.59,120.38,Low risk / Low value
15831,0.6657749533653259,False,0.0,0.0,141.0,0.0,0.5832338686356704,309.94,own_observed_transaction (Gamma-Gamma unstable at frequency=0),180.77,120.35,High risk / Low value
15535,0.2535876214504242,False,3.0,213.0,266.0,245.94333333333336,1.8919928325684525,250.73387632991083,gamma_gamma_conditional_expectation,474.39,120.3,Low risk / High value
17770,0.1720462992787361,True,3.0,84.0,99.0,180.03333333333333,3.7870859323034844,184.59322335990325,gamma_gamma_conditional_expectation,699.07,120.27,Low risk / High value
13656,0.4771506547927856,False,2.0,258.0,412.0,268.375,0.9140318979028197,275.69136625653624,gamma_gamma_conditional_expectation,251.99,120.24,High risk / Low value
18213,0.5196419596672058,True,0.0,0.0,53.0,0.0,0.9952714965684711,232.48,own_observed_transaction (Gamma-Gamma unstable at frequency=0),231.38,120.23,High risk / Low value
16997,0.402223002910614,True,2.0,37.0,142.0,156.0,1.8365606322107435,162.72544545429173,gamma_gamma_conditional_expectation,298.86,120.21,Low risk / Low value
15172,0.27304708063602445,False,1.0,40.0,53.0,179.8,2.273744675084499,193.5736223895991,gamma_gamma_conditional_expectation,440.14,120.18,Low risk / High value
15872,0.6189089059829712,False,1.0,172.0,367.0,313.21,0.5911869012457627,328.3941048982572,gamma_gamma_conditional_expectation,194.14,120.15,High risk / Low value
14157,0.4284809172153473,False,3.0,361.0,463.0,231.40666666666667,1.187376398731033,236.1463383942307,gamma_gamma_conditional_expectation,280.39,120.14,Low risk / Low value
12583,0.04562543779611587,False,16.0,533.0,550.0,541.938125,4.848560173344561,543.0274740171324,gamma_gamma_conditional_expectation,2632.9,120.13,Low risk / High value
16576,0.6319721579551697,True,1.0,101.0,338.0,313.47,0.5783502047507766,328.6568537585544,gamma_gamma_conditional_expectation,190.08,120.13,High risk / Low value
17002,0.16362879127264024,False,4.0,426.0,458.0,463.745,1.5685784342287614,467.9059169425362,gamma_gamma_conditional_expectation,733.95,120.1,Low risk / High value
17567,0.08043934479355812,False,4.0,208.0,258.0,597.98,2.4774798271251943,602.4929269263728,gamma_gamma_conditional_expectation,1492.66,120.07,Low risk / High value
13064,0.47978479862213136,False,2.0,264.0,408.0,262.45000000000005,0.927726684621834,269.7352098093434,gamma_gamma_conditional_expectation,250.24,120.06,High risk / Low value
14913,0.07160023152828217,False,6.0,302.0,302.0,518.565,3.21142259141381,521.4322761360407,gamma_gamma_conditional_expectation,1674.54,119.9,Low risk / High value
13626,0.4284809172153473,True,1.0,127.0,196.0,257.23,1.0288964652377601,271.8222541311882,gamma_gamma_conditional_expectation,279.68,119.84,Low risk / Low value
16850,0.643980085849762,True,0.0,0.0,150.0,0.0,0.5596191785876448,332.41,own_observed_transaction (Gamma-Gamma unstable at frequency=0),186.02,119.79,High risk / Low value
14311,0.5933535695075989,True,1.0,325.0,384.0,310.26,0.6203081137392451,325.41291590642345,gamma_gamma_conditional_expectation,201.86,119.77,High risk / Low value
13475,0.09123791381716728,True,3.0,107.0,115.0,371.5533333333333,3.4822532928256633,376.7834502877722,gamma_gamma_conditional_expectation,1312.06,119.71,Low risk / High value
13946,0.23286690413951874,False,4.0,534.0,552.0,380.1075,1.33763825530898,384.049090872412,gamma_gamma_conditional_expectation,513.72,119.63,Low risk / High value
12584,0.40793728828430176,False,1.0,95.0,97.0,159.11,1.6983274689614976,172.66487654517866,gamma_gamma_conditional_expectation,293.24,119.62,Low risk / Low value
16178,0.6726304650306701,False,0.0,0.0,218.0,0.0,0.4286701512326433,414.7,own_observed_transaction (Gamma-Gamma unstable at frequency=0),177.77,119.57,High risk / Low value
16949,0.13496212363243104,False,3.0,131.0,133.0,273.11,3.1869212002974616,277.99561312784544,gamma_gamma_conditional_expectation,885.95,119.57,Low risk / High value
14714,0.5249252557754517,False,2.0,280.0,504.0,298.525,0.7440014500957219,305.9999091903531,gamma_gamma_conditional_expectation,227.66,119.5,High risk / Low value
15400,0.2965662062168121,False,4.0,376.0,377.0,212.72500000000002,1.8628710015351941,216.22765683047436,gamma_gamma_conditional_expectation,402.8,119.46,Low risk / High value
18171,0.2535876214504242,False,5.0,465.0,520.0,273.678,1.7020741533470622,276.6064612346142,gamma_gamma_conditional_expectation,470.8,119.39,Low risk / High value
14297,0.6726304650306701,False,0.0,0.0,91.0,0.0,0.7622313006339315,232.6,own_observed_transaction (Gamma-Gamma unstable at frequency=0),177.3,119.26,High risk / Low value
16217,0.5569449424743652,True,1.0,47.0,99.0,121.25,1.5926925207423073,134.4046001957461,gamma_gamma_conditional_expectation,214.07,119.23,High risk / Low value
16214,0.22118866741657256,False,2.0,183.0,252.0,374.83500000000004,1.4073036629772846,382.7111831963089,gamma_gamma_conditional_expectation,538.59,119.13,Low risk / High value
14461,0.07160023152828217,False,9.0,429.0,507.0,564.2533333333333,2.938323506883632,566.2169100600807,gamma_gamma_conditional_expectation,1663.73,119.12,Low risk / High value
17965,0.07160023152828217,False,20.0,473.0,542.0,283.6335,5.848307220183648,284.36967621940806,gamma_gamma_conditional_expectation,1663.08,119.08,Low risk / High value
14195,0.16362879127264024,True,4.0,433.0,451.0,452.09999999999997,1.5944888887687871,456.23037977814704,gamma_gamma_conditional_expectation,727.45,119.03,Low risk / High value
12976,0.11832124665379525,True,6.0,454.0,482.0,463.1266666666667,2.157232213161136,465.8971086262152,gamma_gamma_conditional_expectation,1005.05,118.92,Low risk / High value
14681,0.42089284062385557,False,3.0,442.0,470.0,230.5666666666667,1.200651245241538,235.30339880244182,gamma_gamma_conditional_expectation,282.52,118.91,Low risk / Low value
13836,0.5937941670417786,True,1.0,15.0,231.0,299.5,0.6365967586208684,314.53915538027724,gamma_gamma_conditional_expectation,200.23,118.9,High risk / Low value
17984,0.4531506597995758,False,3.0,346.0,555.0,268.54333333333335,0.9592692684562127,273.41296534708835,gamma_gamma_conditional_expectation,262.28,118.85,High risk / Low value
18097,0.11275306567549706,False,7.0,517.0,539.0,464.40285714285716,2.257103716677303,466.7788394805924,gamma_gamma_conditional_expectation,1053.57,118.79,Low risk / High value
17591,0.16362879127264024,False,5.0,488.0,508.0,411.23400000000004,1.7514945985686496,414.45088498893364,gamma_gamma_conditional_expectation,725.91,118.78,Low risk / High value
16146,0.2535876214504242,False,2.0,245.0,265.0,329.565,1.3887408144505913,337.2031321643391,gamma_gamma_conditional_expectation,468.29,118.75,Low risk / High value
16081,0.12829545736312867,False,5.0,489.0,491.0,507.954,1.8100015998445285,511.3736849069145,gamma_gamma_conditional_expectation,925.59,118.75,Low risk / High value
16099,0.29529114365577697,False,4.0,421.0,463.0,255.775,1.5501009544903133,259.3905486232568,gamma_gamma_conditional_expectation,402.08,118.73,Low risk / High value
14712,0.7129017949104309,False,0.0,0.0,235.0,0.0,0.4050060265331567,411.0,own_observed_transaction (Gamma-Gamma unstable at frequency=0),166.46,118.67,High risk / Low value
12608,0.6726304650306701,True,0.0,0.0,221.0,0.0,0.4242945483943226,415.79,own_observed_transaction (Gamma-Gamma unstable at frequency=0),176.42,118.67,High risk / Low value
12973,0.7474616885185241,True,0.0,0.0,230.0,0.0,0.41168946847343063,385.55,own_observed_transaction (Gamma-Gamma unstable at frequency=0),158.73,118.64,High risk / Low value
14514,0.11909091323614121,False,7.0,525.0,543.0,441.42285714285714,2.2442242612940304,443.7644430499688,gamma_gamma_conditional_expectation,995.91,118.6,Low risk / High value
14315,0.2324074923992157,False,3.0,443.0,451.0,402.4866666666667,1.2491274415637952,407.8250352552365,gamma_gamma_conditional_expectation,509.43,118.4,Low risk / High value
14242,0.5882045149803161,True,1.0,91.0,142.0,142.2,1.2936804699795557,155.57609490046377,gamma_gamma_conditional_expectation,201.27,118.39,High risk / Low value
17967,0.6105547189712525,True,1.0,45.0,233.0,246.14,0.743770266642493,260.6150046669724,gamma_gamma_conditional_expectation,193.84,118.35,High risk / Low value
14423,0.42848151326179507,True,2.0,476.0,511.0,335.905,0.8035643639817687,343.57647087745346,gamma_gamma_conditional_expectation,276.09,118.3,Low risk / Low value
18119,0.6726304650306701,True,0.0,0.0,184.0,0.0,0.48543362322339656,362.24,own_observed_transaction (Gamma-Gamma unstable at frequency=0),175.84,118.28,High risk / Low value
14994,0.4331237733364105,True,4.0,241.0,440.0,193.745,1.3848526135230195,197.19788479268078,gamma_gamma_conditional_expectation,273.09,118.28,Low risk / Low value
13857,0.4331237733364105,True,4.0,178.0,388.0,196.565,1.3650939421500807,200.02527979513482,gamma_gamma_conditional_expectation,273.05,118.26,Low risk / Low value
15605,0.26620023846626284,False,6.0,442.0,511.0,216.84166666666667,2.0256407759523096,219.18192244053068,gamma_gamma_conditional_expectation,443.98,118.19,Low risk / High value
17472,0.38686195611953733,True,3.0,437.0,445.0,236.76333333333332,1.2635743795866026,241.52175079107496,gamma_gamma_conditional_expectation,305.18,118.06,Low risk / Low value
13955,0.5544646859169007,False,1.0,70.0,192.0,205.1,0.971378220454837,219.14110764159707,gamma_gamma_conditional_expectation,212.87,118.03,High risk / Low value
15155,0.6726304650306701,True,0.0,0.0,200.0,0.0,0.456951908985628,383.97,own_observed_transaction (Gamma-Gamma unstable at frequency=0),175.46,118.02,High risk / Low value
14498,0.1311612144112587,False,6.0,364.0,367.0,326.42,2.734726118619001,328.9516563270862,gamma_gamma_conditional_expectation,899.59,117.99,Low risk / High value
14846,0.6853560090065003,True,0.0,0.0,244.0,0.0,0.3935087673089228,437.4,own_observed_transaction (Gamma-Gamma unstable at frequency=0),172.12,117.96,High risk / Low value
15224,0.444100433588028,True,4.0,335.0,510.0,196.99,1.324790859350733,200.45139429018553,gamma_gamma_conditional_expectation,265.56,117.94,Low risk / Low value
13435,0.24321725070476533,False,2.0,311.0,317.0,392.605,1.2093030601505013,400.57462624552704,gamma_gamma_conditional_expectation,484.42,117.82,Low risk / High value
18207,0.6742564797401428,True,0.0,0.0,316.0,0.0,0.3207217135685262,544.47,own_observed_transaction (Gamma-Gamma unstable at frequency=0),174.62,117.74,High risk / Low value
16385,0.5319321513175964,False,2.0,265.0,448.0,256.34499999999997,0.8391475778320481,263.59810683717245,gamma_gamma_conditional_expectation,221.2,117.66,High risk / Low value
13456,0.43575791716575624,False,0.0,0.0,24.0,0.0,1.3001919490547593,207.66,own_observed_transaction (Gamma-Gamma unstable at frequency=0),270.0,117.65,Low risk / Low value
12972,0.4890872836112976,True,3.0,248.0,478.0,230.56333333333336,1.022147247898264,235.3000538040617,gamma_gamma_conditional_expectation,240.51,117.63,High risk / Low value
17060,0.6260984539985657,True,0.0,0.0,83.0,0.0,0.8016840945414987,234.24,own_observed_transaction (Gamma-Gamma unstable at frequency=0),187.79,117.58,High risk / Low value
17358,0.4168778657913208,True,4.0,350.0,470.0,187.20749999999998,1.4793192587832278,190.64324123645974,gamma_gamma_conditional_expectation,282.02,117.57,Low risk / Low value
13201,0.5355163812637329,True,3.0,140.0,459.0,307.9533333333333,0.7013133207382715,312.9608811951842,gamma_gamma_conditional_expectation,219.48,117.54,High risk / Low value
18064,0.09305609539151191,False,7.0,441.0,493.0,519.5185714285715,2.4189899678253046,521.9770508873988,gamma_gamma_conditional_expectation,1262.66,117.5,Low risk / High value
15407,0.16384787112474442,False,2.0,122.0,122.0,287.865,2.4283845748191784,295.2838538777665,gamma_gamma_conditional_expectation,717.06,117.49,Low risk / High value
16535,0.6677917599678039,False,0.0,0.0,202.0,0.0,0.4536258481034158,387.84,own_observed_transaction (Gamma-Gamma unstable at frequency=0),175.93,117.48,High risk / Low value
14640,0.19324253499507904,False,4.0,459.0,503.0,417.3125,1.4428705063280947,421.35165508032077,gamma_gamma_conditional_expectation,607.96,117.48,Low risk / High value
13872,0.5815135836601257,True,2.0,198.0,542.0,333.725,0.5916154951755301,341.3850074082753,gamma_gamma_conditional_expectation,201.97,117.45,High risk / Low value
15677,0.6137598514556885,False,1.0,42.0,280.0,307.75,0.5925386628645052,322.87637883201575,gamma_gamma_conditional_expectation,191.32,117.42,High risk / Low value
13919,0.6189089059829712,False,1.0,116.0,357.0,322.6,0.5610616626390826,337.883381045145,gamma_gamma_conditional_expectation,189.57,117.33,High risk / Low value
17733,0.6527320265769958,False,0.0,0.0,78.0,0.0,0.8285029730804067,216.95,own_observed_transaction (Gamma-Gamma unstable at frequency=0),179.74,117.32,High risk / Low value
12691,0.47978479862213136,False,2.0,101.0,237.0,176.1,1.3367441134864109,182.931140743503,gamma_gamma_conditional_expectation,244.53,117.32,High risk / Low value
14970,0.0895712472498417,False,7.0,411.0,480.0,530.5342857142857,2.4564081282451147,533.0092534782566,gamma_gamma_conditional_expectation,1309.29,117.27,Low risk / High value
15033,0.18026784509420396,False,2.0,121.0,146.0,297.885,2.130200167509242,305.35654376820906,gamma_gamma_conditional_expectation,650.47,117.26,Low risk / High value
16830,0.5752675056457519,False,2.0,284.0,543.0,290.585,0.6835706433970972,298.01815692187864,gamma_gamma_conditional_expectation,203.72,117.19,High risk / Low value
15579,0.3965087175369263,False,3.0,119.0,249.0,162.62333333333333,1.7679196657824077,167.1222968205643,gamma_gamma_conditional_expectation,295.46,117.15,Low risk / Low value
14126,0.6726304650306701,False,0.0,0.0,261.0,0.0,0.3734868173812382,466.33,own_observed_transaction (Gamma-Gamma unstable at frequency=0),174.17,117.15,High risk / Low value
17204,0.05202274471521377,False,5.0,306.0,364.0,978.192,2.29132537465337,982.5976674113756,gamma_gamma_conditional_expectation,2251.45,117.13,Low risk / High value
17687,0.6726304650306701,True,0.0,0.0,237.0,0.0,0.4023932096440021,432.68,own_observed_transaction (Gamma-Gamma unstable at frequency=0),174.11,117.11,High risk / Low value
13735,0.050326204299926756,False,8.0,492.0,543.0,921.22,2.5186675793066224,923.8967765525608,gamma_gamma_conditional_expectation,2326.99,117.11,Low risk / High value
15915,0.6367905378341675,True,0.0,0.0,218.0,0.0,0.4286701512326433,429.0,own_observed_transaction (Gamma-Gamma unstable at frequency=0),183.9,117.11,High risk / Low value
14715,0.37060232162475587,False,5.0,391.0,506.0,183.63799999999998,1.6953480011245226,186.37766776258155,gamma_gamma_conditional_expectation,315.98,117.1,Low risk / Low value
14128,0.5705383777618408,False,1.0,296.0,368.0,305.54,0.6392892706354881,320.64301351948944,gamma_gamma_conditional_expectation,204.98,116.95,High risk / Low value
17834,0.5790708065032959,True,1.0,31.0,262.0,317.79,0.6060686341239608,333.02252712964656,gamma_gamma_conditional_expectation,201.83,116.87,High risk / Low value
16859,0.2535876214504242,False,4.0,384.0,462.0,296.6675,1.5342808320744574,300.39028271469374,gamma_gamma_conditional_expectation,460.88,116.87,Low risk / High value
17812,0.4771506547927856,False,3.0,162.0,347.0,183.29333333333332,1.3035066538070008,187.8646317756554,gamma_gamma_conditional_expectation,244.88,116.84,High risk / Low value
14535,0.09138942882418633,False,6.0,405.0,470.0,583.9283333333333,2.177774807942563,586.9097796504661,gamma_gamma_conditional_expectation,1278.16,116.81,Low risk / High value
16590,0.6079378128051758,True,1.0,14.0,231.0,289.15,0.6316670143206784,304.079729595369,gamma_gamma_conditional_expectation,192.08,116.77,High risk / Low value
12373,0.4933562397956848,True,2.0,362.0,490.0,284.875,0.809617222163134,292.2781310461873,gamma_gamma_conditional_expectation,236.63,116.74,High risk / Low value
12582,0.2535876214504242,True,3.0,339.0,394.0,327.7633333333333,1.3830414876203199,332.8402065682057,gamma_gamma_conditional_expectation,460.33,116.73,Low risk / High value
17929,0.16362879127264024,False,8.0,476.0,547.0,285.21250000000003,2.4833812685564736,287.0564541590062,gamma_gamma_conditional_expectation,712.87,116.65,Low risk / High value
15809,0.24190938472747803,False,5.0,351.0,352.0,197.666,2.4025917589201167,200.43508129907283,gamma_gamma_conditional_expectation,481.56,116.49,Low risk / High value
18239,0.0895712472498417,True,5.0,204.0,239.0,399.942,3.225023434776292,403.13520822431576,gamma_gamma_conditional_expectation,1300.12,116.45,Low risk / High value
13472,0.6677917599678039,True,1.0,92.0,372.0,330.06,0.5047305786551913,345.42225219059577,gamma_gamma_conditional_expectation,174.35,116.43,High risk / Low value
15994,0.6047326803207398,False,1.0,224.0,452.0,370.95,0.4978224993306221,386.7445633350304,gamma_gamma_conditional_expectation,192.53,116.43,High risk / Low value
15859,0.6853560090065003,True,0.0,0.0,249.0,0.0,0.38739991182991984,438.46,own_observed_transaction (Gamma-Gamma unstable at frequency=0),169.86,116.41,High risk / Low value
15489,0.23286690413951874,False,5.0,482.0,510.0,283.918,1.7426628820772188,286.8679321936726,gamma_gamma_conditional_expectation,499.91,116.41,Low risk / High value
15023,0.04562543779611587,False,11.0,456.0,491.0,683.22,3.7224858215353644,684.9394779806257,gamma_gamma_conditional_expectation,2549.68,116.33,Low risk / High value
15107,0.3793220281600952,True,8.0,140.0,268.0,108.4375,2.786587157396159,110.04997547578215,gamma_gamma_conditional_expectation,306.66,116.32,Low risk / Low value
14447,0.23286690413951874,False,2.0,204.0,217.0,300.515,1.621860481111487,308.00037354983226,gamma_gamma_conditional_expectation,499.53,116.32,Low risk / High value
16411,0.4331237733364105,False,2.0,59.0,245.0,241.20999999999998,1.0811460370035908,248.38351986193803,gamma_gamma_conditional_expectation,268.54,116.31,Low risk / Low value
15246,0.42089284062385557,True,2.0,317.0,372.0,257.075,1.0452759580516204,264.33194552180555,gamma_gamma_conditional_expectation,276.3,116.29,Low risk / Low value
14476,0.6331708192825317,True,0.0,0.0,74.0,0.0,0.8512966578638995,215.7,own_observed_transaction (Gamma-Gamma unstable at frequency=0),183.62,116.26,High risk / Low value
13748,0.2108182966709137,False,6.0,506.0,555.0,287.97499999999997,1.8986884379705953,290.43950441808386,gamma_gamma_conditional_expectation,551.45,116.26,Low risk / High value
15405,0.5161922097206115,True,1.0,387.0,393.0,349.1,0.6175450216282531,364.66355334466857,gamma_gamma_conditional_expectation,225.2,116.25,High risk / Low value
14609,0.3423706591129303,False,6.0,372.0,485.0,162.56,2.0590072204554284,164.80544194786597,gamma_gamma_conditional_expectation,339.34,116.18,Low risk / High value
17324,0.20748278498649597,False,8.0,390.0,538.0,239.10375,2.32456488316501,240.8873268843061,gamma_gamma_conditional_expectation,559.96,116.18,Low risk / High value
13627,0.30619765222072604,False,3.0,436.0,457.0,302.98333333333335,1.2317997108772363,307.9734886104332,gamma_gamma_conditional_expectation,379.36,116.16,Low risk / High value
16199,0.47978479862213136,True,6.0,239.0,448.0,146.125,1.6309341666747534,148.3417349216089,gamma_gamma_conditional_expectation,241.94,116.08,High risk / Low value
12701,0.22118866741657256,False,4.0,391.0,450.0,328.115,1.579835179841833,331.92024879259213,gamma_gamma_conditional_expectation,524.38,115.99,Low risk / High value
17731,0.3538887739181519,False,2.0,485.0,485.0,379.175,0.8464652453522541,387.0740049652232,gamma_gamma_conditional_expectation,327.64,115.95,Low risk / Low value
14625,0.09305609539151191,True,9.0,527.0,540.0,434.8644444444444,2.851731232696686,436.67743973490406,gamma_gamma_conditional_expectation,1245.29,115.88,Low risk / High value
17987,0.2965662062168121,True,4.0,365.0,367.0,201.57999999999998,1.9048267282611953,205.05343083673307,gamma_gamma_conditional_expectation,390.59,115.84,Low risk / High value
17670,0.5245869994163513,True,0.0,0.0,44.0,0.0,1.0732320270485094,205.7,own_observed_transaction (Gamma-Gamma unstable at frequency=0),220.76,115.81,High risk / Low value
17241,0.31679787039756774,True,10.0,277.0,479.0,220.234,1.6488522002045847,221.64072584733694,gamma_gamma_conditional_expectation,365.45,115.77,Low risk / High value
17926,0.3639321982860565,False,3.0,376.0,396.0,223.87666666666667,1.3915564187082876,228.58998705355162,gamma_gamma_conditional_expectation,318.1,115.77,Low risk / Low value
13404,0.430217844247818,False,0.0,0.0,29.0,0.0,1.2348005832680258,217.81,own_observed_transaction (Gamma-Gamma unstable at frequency=0),268.95,115.71,Low risk / Low value
15952,0.4551150560379028,False,0.0,0.0,42.0,0.0,1.0922630402549223,232.65,own_observed_transaction (Gamma-Gamma unstable at frequency=0),254.11,115.65,High risk / Low value
17205,0.5899480104446411,False,1.0,148.0,381.0,340.32,0.5508549028423364,355.7907264469396,gamma_gamma_conditional_expectation,195.99,115.62,High risk / Low value
13585,0.5743089079856872,True,2.0,208.0,555.0,335.895,0.5857055294368911,343.56641829273246,gamma_gamma_conditional_expectation,201.23,115.57,High risk / Low value
15841,0.19324253499507904,False,6.0,511.0,546.0,306.9483333333333,1.9325849159909254,309.44597848632344,gamma_gamma_conditional_expectation,598.03,115.56,Low risk / High value
17099,0.6726304650306701,True,0.0,0.0,350.0,0.0,0.2949744386124333,582.17,own_observed_transaction (Gamma-Gamma unstable at frequency=0),171.73,115.51,High risk / Low value
14408,0.15696212500333787,False,6.0,543.0,549.0,377.3383333333333,1.9337440506909478,379.9589287496782,gamma_gamma_conditional_expectation,734.74,115.33,Low risk / High value
12654,0.4472618937492371,False,1.0,98.0,112.0,153.15,1.5472936086491882,166.64186420913484,gamma_gamma_conditional_expectation,257.84,115.32,Low risk / Low value
14599,0.6081708192825317,True,1.0,119.0,326.0,288.9,0.623970564115182,303.8270864604678,gamma_gamma_conditional_expectation,189.58,115.3,High risk / Low value
16870,0.7364726781845092,True,0.0,0.0,286.0,0.0,0.34749495792442553,450.16,own_observed_transaction (Gamma-Gamma unstable at frequency=0),156.43,115.21,High risk / Low value
16699,0.4771506547927856,True,6.0,355.0,552.0,142.86666666666667,1.6635314481583476,145.07771025511133,gamma_gamma_conditional_expectation,241.34,115.16,High risk / Low value
15346,0.5245869994163513,True,2.0,99.0,248.0,166.82,1.2642265190994835,173.6023421224144,gamma_gamma_conditional_expectation,219.47,115.13,High risk / Low value
14454,0.431981360912323,True,4.0,357.0,550.0,212.84,1.2318403757519063,216.34295839972336,gamma_gamma_conditional_expectation,266.5,115.12,Low risk / Low value
13963,0.19324253499507904,True,16.0,289.0,414.0,169.15875,3.5031826891476565,170.00419003925347,gamma_gamma_conditional_expectation,595.56,115.09,Low risk / High value
14719,0.5714856743812561,False,0.0,0.0,66.0,0.0,0.9009017555386254,223.46,own_observed_transaction (Gamma-Gamma unstable at frequency=0),201.32,115.05,High risk / Low value
13607,0.6726304650306701,False,0.0,0.0,219.0,0.0,0.4272015889859949,400.3,own_observed_transaction (Gamma-Gamma unstable at frequency=0),171.01,115.03,High risk / Low value
17894,0.19527957141399382,False,14.0,184.0,286.0,147.76142857142855,3.9598995827561363,148.71173431697056,gamma_gamma_conditional_expectation,588.88,115.0,Low risk / High value
14682,0.27710674703121185,True,5.0,485.0,489.0,225.558,1.8158395497885562,228.3855645012267,gamma_gamma_conditional_expectation,414.71,114.92,Low risk / High value
15748,0.6706136584281921,False,0.0,0.0,266.0,0.0,0.36798110037779325,465.45,own_observed_transaction (Gamma-Gamma unstable at frequency=0),171.28,114.86,High risk / Low value
16155,0.4771506547927856,True,3.0,158.0,356.0,189.4333333333333,1.2403177093817945,194.0261187918266,gamma_gamma_conditional_expectation,240.65,114.83,High risk / Low value
13055,0.35659763813018797,False,1.0,216.0,246.0,344.86,0.8932235019521448,360.3787257767448,gamma_gamma_conditional_expectation,321.9,114.79,Low risk / Low value
14237,0.6151273608207702,True,1.0,217.0,407.0,322.0,0.5532165191332445,337.27703752138217,gamma_gamma_conditional_expectation,186.59,114.78,High risk / Low value
14834,0.47069520950317384,False,1.0,167.0,224.0,243.69,0.9444573679074847,258.13910194494105,gamma_gamma_conditional_expectation,243.8,114.76,High risk / Low value
17716,0.03407371304929256,False,12.0,488.0,554.0,936.0333333333333,3.590599231165575,937.829998401512,gamma_gamma_conditional_expectation,3367.37,114.74,Low risk / High value
15687,0.0895712472498417,False,4.0,144.0,147.0,331.4875,3.8142614111915005,335.30159263861214,gamma_gamma_conditional_expectation,1278.93,114.56,Low risk / High value
17394,0.487015563249588,True,0.0,0.0,36.0,0.0,1.1536828049960848,203.87,own_observed_transaction (Gamma-Gamma unstable at frequency=0),235.2,114.55,High risk / Low value
16435,0.5574468493461608,True,1.0,2.0,331.0,599.4,0.3327182126581254,617.6098600077156,gamma_gamma_conditional_expectation,205.49,114.55,High risk / Low value
15822,0.3909714698791504,False,4.0,374.0,550.0,230.1175,1.2534304818348143,233.66576590146087,gamma_gamma_conditional_expectation,292.88,114.51,Low risk / Low value
14586,0.6407037734985351,True,0.0,0.0,93.0,0.0,0.752971640174993,237.36,own_observed_transaction (Gamma-Gamma unstable at frequency=0),178.73,114.51,High risk / Low value
16091,0.5060705184936524,False,0.0,0.0,15.0,0.0,1.4374749976254422,157.25,own_observed_transaction (Gamma-Gamma unstable at frequency=0),226.04,114.39,High risk / Low value
16933,0.15696212500333787,False,6.0,491.0,547.0,376.99333333333334,1.919064326787279,379.61332613793144,gamma_gamma_conditional_expectation,728.5,114.35,Low risk / High value
14342,0.4284809172153473,False,2.0,262.0,289.0,199.10000000000002,1.2940556366545757,206.05208560180446,gamma_gamma_conditional_expectation,266.64,114.25,Low risk / Low value
17764,0.37060232162475587,False,3.0,525.0,553.0,290.71333333333337,1.0423278012724846,295.6605495732311,gamma_gamma_conditional_expectation,308.18,114.21,Low risk / Low value
13777,0.010793289542198181,False,35.0,553.0,554.0,1020.2159999999999,10.36289629369944,1020.8568171891483,gamma_gamma_conditional_expectation,10579.03,114.18,Low risk / High value
13587,0.6047326803207398,False,1.0,214.0,480.0,392.8,0.46165408811608255,408.8255733253923,gamma_gamma_conditional_expectation,188.74,114.14,High risk / Low value
12998,0.5451408505439759,True,2.0,161.0,470.0,309.94,0.6583531937194457,317.4749346493753,gamma_gamma_conditional_expectation,209.01,113.94,High risk / Low value
16495,0.6137598514556885,False,0.0,0.0,93.0,0.0,0.752971640174993,246.51,own_observed_transaction (Gamma-Gamma unstable at frequency=0),185.62,113.93,High risk / Low value
16440,0.5319321513175964,False,1.0,279.0,310.0,272.46,0.7452070545434462,287.21327390936716,gamma_gamma_conditional_expectation,214.03,113.85,High risk / Low value
15331,0.606708562374115,True,1.0,110.0,426.0,402.32,0.44839243658611705,418.4462239024287,gamma_gamma_conditional_expectation,187.63,113.84,High risk / Low value
14976,0.33997012972831725,False,2.0,130.0,143.0,147.155,2.1761584894281016,153.83393426856668,gamma_gamma_conditional_expectation,334.77,113.81,Low risk / High value
17290,0.42152072191238404,False,4.0,345.0,543.0,214.8175,1.2351512877499302,218.3256440796357,gamma_gamma_conditional_expectation,269.67,113.67,Low risk / Low value
13503,0.4820705235004425,False,2.0,182.0,478.0,338.16,0.6818060665952007,345.84332873203914,gamma_gamma_conditional_expectation,235.8,113.67,High risk / Low value
12993,0.3458887755870819,False,4.0,452.0,476.0,212.655,1.5202470203487228,216.15747326658362,gamma_gamma_conditional_expectation,328.61,113.66,Low risk / Low value
13613,0.5355163812637329,True,2.0,208.0,477.0,285.925,0.7232126955434635,293.33365244189235,gamma_gamma_conditional_expectation,212.14,113.6,High risk / Low value
14861,0.4092897891998291,False,7.0,351.0,548.0,148.56285714285715,1.8442526137739441,150.46609062732227,gamma_gamma_conditional_expectation,277.5,113.58,Low risk / Low value
13706,0.6079378128051758,True,1.0,324.0,443.0,330.79,0.5395763164404762,346.15997014450716,gamma_gamma_conditional_expectation,186.78,113.55,High risk / Low value
13711,0.2108182966709137,True,7.0,506.0,541.0,237.96571428571428,2.243425894206656,240.00276583690103,gamma_gamma_conditional_expectation,538.43,113.51,Low risk / High value
18089,0.7129017949104309,True,0.0,0.0,263.0,0.0,0.37126482187824217,428.45,own_observed_transaction (Gamma-Gamma unstable at frequency=0),159.07,113.4,High risk / Low value
16849,0.5438308238983154,True,0.0,0.0,3.0,0.0,1.6739444560949142,124.57,own_observed_transaction (Gamma-Gamma unstable at frequency=0),208.52,113.4,High risk / Low value
16638,0.12449024543166161,False,9.0,221.0,295.0,203.75555555555556,4.4370783058957715,205.29958873708446,gamma_gamma_conditional_expectation,910.93,113.4,Low risk / High value
16825,0.21529114246368408,False,3.0,349.0,351.0,335.7033333333333,1.5454393375767892,340.8079927096389,gamma_gamma_conditional_expectation,526.7,113.39,Low risk / High value
16631,0.5060705184936524,True,5.0,170.0,468.0,305.438,0.7261123507187123,308.4330547560686,gamma_gamma_conditional_expectation,223.96,113.34,High risk / Low value
12648,0.5829280972480774,False,2.0,264.0,518.0,267.09999999999997,0.7078652820444143,274.40966170460865,gamma_gamma_conditional_expectation,194.25,113.23,High risk / Low value
14922,0.5708974480628968,True,1.0,114.0,324.0,303.45,0.6226044751644904,318.5309169117157,gamma_gamma_conditional_expectation,198.32,113.22,High risk / Low value
12808,0.3866349279880524,False,3.0,278.0,279.0,152.71666666666667,1.862285076221091,157.18096163486345,gamma_gamma_conditional_expectation,292.72,113.18,Low risk / Low value
14252,0.7001762509346008,True,0.0,0.0,198.0,0.0,0.4603272946577759,350.99,own_observed_transaction (Gamma-Gamma unstable at frequency=0),161.57,113.13,High risk / Low value
16441,0.4284809172153473,False,3.0,336.0,444.0,210.84666666666666,1.225043813190164,215.51438838568333,gamma_gamma_conditional_expectation,264.01,113.12,Low risk / Low value
16726,0.13654545843601226,False,4.0,215.0,228.0,294.83750000000003,2.774894410622039,298.5554838301225,gamma_gamma_conditional_expectation,828.46,113.12,Low risk / High value
18003,0.6726304650306701,True,0.0,0.0,193.0,0.0,0.4689889141757878,358.61,own_observed_transaction (Gamma-Gamma unstable at frequency=0),168.18,113.12,High risk / Low value
16354,0.4771506547927856,False,2.0,212.0,408.0,261.44,0.8819588817523727,268.71989875252234,gamma_gamma_conditional_expectation,237.0,113.08,High risk / Low value
16545,0.6850515246391297,False,0.0,0.0,192.0,0.0,0.470760657470698,350.52,own_observed_transaction (Gamma-Gamma unstable at frequency=0),165.01,113.04,High risk / Low value
14522,0.3538887739181519,False,4.0,486.0,501.0,215.6275,1.4568870926447262,219.13776817608527,gamma_gamma_conditional_expectation,319.26,112.98,Low risk / Low value
15703,0.6575504064559936,True,0.0,0.0,81.0,0.0,0.81219892837582,211.5,own_observed_transaction (Gamma-Gamma unstable at frequency=0),171.78,112.95,High risk / Low value
12996,0.6745352268218994,True,0.0,0.0,192.0,0.0,0.470760657470698,355.5,own_observed_transaction (Gamma-Gamma unstable at frequency=0),167.36,112.89,High risk / Low value
16325,0.12090909481048584,False,9.0,490.0,552.0,336.6722222222222,2.7588594970609144,338.3709424309381,gamma_gamma_conditional_expectation,933.52,112.87,Low risk / High value
15651,0.42089284062385557,False,2.0,336.0,413.0,274.40999999999997,0.9515139234964363,281.75810113566007,gamma_gamma_conditional_expectation,268.1,112.84,Low risk / Low value
12937,0.18901951611042023,False,6.0,539.0,553.0,308.585,1.9189289019693243,311.0855039198276,gamma_gamma_conditional_expectation,596.95,112.84,Low risk / High value
16813,0.2965662062168121,False,1.0,13.0,21.0,110.55,3.077610825677708,123.59147402197621,gamma_gamma_conditional_expectation,380.37,112.8,Low risk / High value
17322,0.4472618937492371,True,4.0,360.0,553.0,202.01,1.227228264305491,205.48455844349024,gamma_gamma_conditional_expectation,252.18,112.79,Low risk / Low value
17760,0.4531506597995758,False,3.0,276.0,466.0,220.77999999999997,1.103536289168875,225.48248355842506,gamma_gamma_conditional_expectation,248.83,112.76,High risk / Low value
16628,0.3538887739181519,False,3.0,423.0,458.0,254.98666666666668,1.2256104489522652,259.80885693516194,gamma_gamma_conditional_expectation,318.42,112.69,Low risk / Low value
17368,0.22118866741657256,False,7.0,465.0,541.0,228.15285714285713,2.2130313235565224,230.17522082372477,gamma_gamma_conditional_expectation,509.38,112.67,Low risk / High value
14684,0.2535876214504242,False,2.0,175.0,207.0,259.63,1.664472595852088,266.9003809180212,gamma_gamma_conditional_expectation,444.25,112.66,Low risk / High value
13566,0.5305713415145874,False,2.0,205.0,456.0,271.145,0.7624393850651067,278.4759322242534,gamma_gamma_conditional_expectation,212.32,112.65,High risk / Low value
17685,0.09138942882418633,False,9.0,400.0,483.0,403.05111111111114,3.044953355932426,404.8270823768066,gamma_gamma_conditional_expectation,1232.68,112.65,Low risk / High value
15784,0.6319721579551697,True,1.0,205.0,489.0,382.14,0.4477507818500645,398.05287005320656,gamma_gamma_conditional_expectation,178.23,112.64,High risk / Low value
17903,0.6726304650306701,True,0.0,0.0,211.0,0.0,0.43924082417396304,381.09,own_observed_transaction (Gamma-Gamma unstable at frequency=0),167.39,112.59,High risk / Low value
13548,0.4871299505233765,False,1.0,228.0,288.0,281.01,0.7805217692270865,295.853669122987,gamma_gamma_conditional_expectation,230.92,112.49,High risk / Low value
13574,0.643980085849762,True,0.0,0.0,228.0,0.0,0.4144252267414075,421.25,own_observed_transaction (Gamma-Gamma unstable at frequency=0),174.58,112.43,High risk / Low value
16042,0.40034921169281007,False,2.0,121.0,270.0,224.325,1.2126903344950122,231.4097305605285,gamma_gamma_conditional_expectation,280.63,112.35,Low risk / Low value
16768,0.2965662062168121,False,6.0,461.0,549.0,198.04999999999998,1.8905309465917095,200.35743235625438,gamma_gamma_conditional_expectation,378.78,112.33,Low risk / High value
14167,0.38092064261436465,False,5.0,418.0,498.0,165.74,1.7505152848649446,168.44213971324308,gamma_gamma_conditional_expectation,294.86,112.32,Low risk / Low value
12987,0.37696678638458253,False,3.0,491.0,505.0,258.49333333333334,1.131400979417067,263.32779523104256,gamma_gamma_conditional_expectation,297.93,112.31,Low risk / Low value
14452,0.6407037734985351,False,1.0,126.0,338.0,273.85,0.6070912845053975,288.6179697394177,gamma_gamma_conditional_expectation,175.22,112.26,High risk / Low value
14915,0.2535876214504242,False,8.0,459.0,553.0,180.49875,2.42936518401245,182.20558634842521,gamma_gamma_conditional_expectation,442.64,112.25,Low risk / High value
17843,0.6023807406425477,True,1.0,108.0,228.0,197.73,0.8802471370295788,211.6931880247107,gamma_gamma_conditional_expectation,186.34,112.25,High risk / Low value
18241,0.2535876214504242,False,4.0,400.0,434.0,265.85749999999996,1.641362575257415,269.49948837937126,gamma_gamma_conditional_expectation,442.35,112.17,Low risk / High value
17181,0.6269662976264954,False,1.0,222.0,412.0,311.04,0.548386855317246,326.2011624873151,gamma_gamma_conditional_expectation,178.88,112.15,High risk / Low value
14964,0.5946153998374939,True,0.0,0.0,64.0,0.0,0.9142279507184883,206.21,own_observed_transaction (Gamma-Gamma unstable at frequency=0),188.52,112.1,High risk / Low value
16261,0.3763166069984436,False,2.0,196.0,259.0,207.945,1.384483830524605,214.9435967875295,gamma_gamma_conditional_expectation,297.59,111.99,Low risk / Low value
16097,0.6270384311676025,True,0.0,0.0,57.0,0.0,0.9641754835206932,185.05,own_observed_transaction (Gamma-Gamma unstable at frequency=0),178.42,111.88,High risk / Low value
17759,0.6260984539985657,False,1.0,190.0,400.0,309.77,0.5498709454620293,324.91773536201714,gamma_gamma_conditional_expectation,178.66,111.86,High risk / Low value
14231,0.18490920066833497,True,3.0,267.0,267.0,308.57,1.92864803185917,313.5797058955054,gamma_gamma_conditional_expectation,604.78,111.83,Low risk / High value
15970,0.5971756696701049,True,1.0,295.0,415.0,314.1,0.5686281933016264,329.29351445850534,gamma_gamma_conditional_expectation,187.25,111.82,High risk / Low value
13192,0.2108182966709137,False,3.0,481.0,503.0,462.0133333333333,1.1336194890705273,467.56001632732443,gamma_gamma_conditional_expectation,530.04,111.74,Low risk / High value
15624,0.4085874676704407,False,1.0,50.0,73.0,127.5,1.940872763252409,140.72067856827525,gamma_gamma_conditional_expectation,273.12,111.59,Low risk / Low value
16457,0.45975791215896605,True,0.0,0.0,35.0,0.0,1.1646051286376544,208.36,own_observed_transaction (Gamma-Gamma unstable at frequency=0),242.66,111.56,High risk / Low value
13537,0.6157037734985351,True,1.0,26.0,268.0,302.0,0.5708280097207097,317.0655867292889,gamma_gamma_conditional_expectation,180.99,111.44,High risk / Low value
15456,0.19027957171201706,True,8.0,448.0,548.0,238.4825,2.437069512696873,240.26526338617597,gamma_gamma_conditional_expectation,585.54,111.42,Low risk / High value
16658,0.4512350022792816,True,4.0,251.0,436.0,168.395,1.4371905629636799,171.78140844083327,gamma_gamma_conditional_expectation,246.88,111.4,Low risk / Low value
13181,0.6726304650306701,True,0.0,0.0,198.0,0.0,0.4603272946577759,359.69,own_observed_transaction (Gamma-Gamma unstable at frequency=0),165.58,111.37,High risk / Low value
17555,0.4168778657913208,False,3.0,252.0,403.0,204.42666666666665,1.275826051787784,209.07192150558245,gamma_gamma_conditional_expectation,266.74,111.2,Low risk / Low value
12475,0.6726304650306701,False,0.0,0.0,226.0,0.0,0.41719771110259707,396.26,own_observed_transaction (Gamma-Gamma unstable at frequency=0),165.32,111.2,High risk / Low value
13194,0.6726304650306701,False,0.0,0.0,238.0,0.0,0.40109944258974356,412.08,own_observed_transaction (Gamma-Gamma unstable at frequency=0),165.29,111.18,High risk / Low value
16211,0.6189089059829712,False,1.0,17.0,255.0,300.0,0.5700982949778642,315.0444416500796,gamma_gamma_conditional_expectation,179.61,111.16,High risk / Low value
14197,0.6853560090065003,True,0.0,0.0,227.0,0.0,0.4158068319707154,390.05,own_observed_transaction (Gamma-Gamma unstable at frequency=0),162.19,111.16,High risk / Low value
13921,0.5355163812637329,True,3.0,319.0,538.0,209.3166666666667,0.9699434705226248,213.97903412921073,gamma_gamma_conditional_expectation,207.55,111.15,High risk / Low value
16430,0.47978479862213136,False,4.0,300.0,498.0,174.285,1.3036330089207424,177.68685403106528,gamma_gamma_conditional_expectation,231.64,111.14,High risk / Low value
17325,0.4907220959663391,True,2.0,361.0,458.0,253.835,0.8669080009446537,261.07490807220137,gamma_gamma_conditional_expectation,226.33,111.07,High risk / Low value
16522,0.6585854053497314,True,1.0,15.0,267.0,304.56,0.5276032300036346,319.6526524306769,gamma_gamma_conditional_expectation,168.65,111.07,High risk / Low value
12489,0.6726304650306701,True,0.0,0.0,153.0,0.0,0.552168924840869,298.93,own_observed_transaction (Gamma-Gamma unstable at frequency=0),165.06,111.02,High risk / Low value
14942,0.5319321513175964,True,3.0,328.0,546.0,212.40333333333334,0.9615086997579426,217.0765026291969,gamma_gamma_conditional_expectation,208.72,111.02,High risk / Low value
18034,0.6367905378341675,False,0.0,0.0,192.0,0.0,0.470760657470698,369.97,own_observed_transaction (Gamma-Gamma unstable at frequency=0),174.17,110.91,High risk / Low value
13441,0.6726304650306701,False,0.0,0.0,248.0,0.0,0.38860641598131573,424.26,own_observed_transaction (Gamma-Gamma unstable at frequency=0),164.87,110.9,High risk / Low value
18269,0.6745352268218994,True,0.0,0.0,183.0,0.0,0.4873325790692348,337.2,own_observed_transaction (Gamma-Gamma unstable at frequency=0),164.33,110.85,High risk / Low value
15304,0.33080255389213564,False,5.0,203.0,238.0,100.95,3.2351820356371994,103.51628976818537,gamma_gamma_conditional_expectation,334.89,110.78,Low risk / High value
14902,0.6008865237236023,False,1.0,158.0,370.0,304.56,0.5765433876587733,319.6526524306769,gamma_gamma_conditional_expectation,184.29,110.74,High risk / Low value
13233,0.4771506547927856,False,2.0,358.0,511.0,292.475,0.7733958338995502,299.9180954341478,gamma_gamma_conditional_expectation,231.96,110.68,High risk / Low value
16500,0.5060705184936524,False,3.0,213.0,360.0,153.5,1.3843777288062624,157.9670362541904,gamma_gamma_conditional_expectation,218.69,110.67,High risk / Low value
17489,0.4296499490737915,False,0.0,0.0,29.0,0.0,1.2348005832680258,208.56,own_observed_transaction (Gamma-Gamma unstable at frequency=0),257.53,110.65,Low risk / Low value
15756,0.3952851057052612,False,1.0,36.0,66.0,125.53,2.0171910096428722,138.72985066525408,gamma_gamma_conditional_expectation,279.84,110.62,Low risk / Low value
16657,0.5245869994163513,False,0.0,0.0,71.0,0.0,0.8692394899276716,242.55,own_observed_transaction (Gamma-Gamma unstable at frequency=0),210.83,110.6,High risk / Low value
16836,0.6189089059829712,False,1.0,168.0,391.0,309.75,0.549925484235707,324.89752391122505,gamma_gamma_conditional_expectation,178.67,110.58,High risk / Low value
13655,0.2108182966709137,False,4.0,350.0,408.0,302.02750000000003,1.7153352173470087,305.76433846403904,gamma_gamma_conditional_expectation,524.49,110.57,Low risk / High value
17384,0.5731026768684387,False,1.0,248.0,284.0,227.65,0.7973240748742028,241.92951840968223,gamma_gamma_conditional_expectation,192.9,110.55,High risk / Low value
14966,0.42700276970863343,False,3.0,337.0,541.0,258.94666666666666,0.9814062650588137,263.7827150107382,gamma_gamma_conditional_expectation,258.88,110.54,Low risk / Low value
12880,0.6151273608207702,True,1.0,193.0,391.0,302.95,0.5649627530973588,318.0256306419133,gamma_gamma_conditional_expectation,179.67,110.52,High risk / Low value
14419,0.4138260543346405,False,2.0,130.0,199.0,153.78,1.66405599110757,160.49377164622962,gamma_gamma_conditional_expectation,267.07,110.52,Low risk / Low value
17574,0.6270384311676025,True,0.0,0.0,59.0,0.0,0.9493513652393183,185.65,own_observed_transaction (Gamma-Gamma unstable at frequency=0),176.25,110.52,High risk / Low value
16095,0.6853560090065003,True,0.0,0.0,273.0,0.0,0.36054100837998876,447.05,own_observed_transaction (Gamma-Gamma unstable at frequency=0),161.18,110.47,High risk / Low value
16987,0.3458887755870819,False,4.0,532.0,554.0,236.01,1.3324560780264219,239.57371804754612,gamma_gamma_conditional_expectation,319.22,110.41,Low risk / Low value
17334,0.47978479862213136,True,2.0,104.0,223.0,153.51,1.435599660221896,160.22235185876258,gamma_gamma_conditional_expectation,230.02,110.36,High risk / Low value
15971,0.13654545843601226,False,9.0,489.0,548.0,289.0333333333333,2.7796542412285072,290.6766119011661,gamma_gamma_conditional_expectation,807.98,110.33,Low risk / High value
12593,0.4736473083496094,False,0.0,0.0,35.0,0.0,1.1646051286376544,200.0,own_observed_transaction (Gamma-Gamma unstable at frequency=0),232.92,110.32,High risk / Low value
13408,0.010793289542198181,False,51.0,545.0,552.0,678.640980392157,15.05127455512283,679.0106319727926,gamma_gamma_conditional_expectation,10219.98,110.31,Low risk / High value
13713,0.5110155582427979,True,2.0,175.0,400.0,246.39,0.8511715127387037,253.59075874741637,gamma_gamma_conditional_expectation,215.85,110.3,High risk / Low value
14087,0.5920506715774536,False,1.0,331.0,552.0,415.11,0.4315478893543716,431.37144668397235,gamma_gamma_conditional_expectation,186.16,110.22,High risk / Low value
14161,0.12013942822813987,True,6.0,511.0,543.0,468.9583333333333,1.9432136384065442,471.73896146922027,gamma_gamma_conditional_expectation,916.69,110.13,Low risk / High value
13643,0.24190938472747803,False,7.0,546.0,548.0,201.91857142857143,2.2320690643415877,203.90166766868492,gamma_gamma_conditional_expectation,455.12,110.1,Low risk / High value
13048,0.11275306567549706,False,6.0,443.0,498.0,465.6033333333333,2.0813751626864683,468.3781012883202,gamma_gamma_conditional_expectation,974.87,109.92,Low risk / High value
14670,0.565748393535614,True,1.0,452.0,549.0,411.53,0.4539599946598992,427.7535969921876,gamma_gamma_conditional_expectation,194.18,109.86,High risk / Low value
17411,0.4907220959663391,False,2.0,475.0,553.0,293.81,0.7430392290838748,301.26011549440136,gamma_gamma_conditional_expectation,223.85,109.85,High risk / Low value
15252,0.23286690413951874,False,3.0,428.0,428.0,355.0466666666666,1.3084062929607154,360.2190183094443,gamma_gamma_conditional_expectation,471.31,109.75,Low risk / High value
15752,0.09305609539151191,False,4.0,208.0,274.0,499.6525,2.3386422054396383,503.90757866261373,gamma_gamma_conditional_expectation,1178.46,109.66,Low risk / High value
12953,0.7253228545188903,False,0.0,0.0,339.0,0.0,0.3028390305599212,498.96,own_observed_transaction (Gamma-Gamma unstable at frequency=0),151.1,109.6,High risk / Low value
16834,0.5036080479621887,True,1.0,447.0,491.0,413.46,0.5063407140686154,429.7040019936246,gamma_gamma_conditional_expectation,217.58,109.58,High risk / Low value
14593,0.11275306567549706,False,6.0,532.0,547.0,498.8433333333333,1.9371210993258594,501.67616162009904,gamma_gamma_conditional_expectation,971.81,109.57,Low risk / High value
16456,0.052385063469409944,False,9.0,393.0,437.0,614.6522222222222,3.3918402071000675,616.6744526490003,gamma_gamma_conditional_expectation,2091.66,109.57,Low risk / High value
15160,0.47978479862213136,True,3.0,64.0,238.0,162.65333333333334,1.366278073978192,167.1524018059853,gamma_gamma_conditional_expectation,228.38,109.57,High risk / Low value
18193,0.5297557353973389,False,1.0,62.0,259.0,279.44,0.7026513032881893,294.26707023580775,gamma_gamma_conditional_expectation,206.77,109.54,High risk / Low value
14205,0.1527024909853935,False,6.0,378.0,459.0,322.9583333333333,2.203122230129456,325.48394316477646,gamma_gamma_conditional_expectation,717.08,109.5,Low risk / High value
15223,0.27304708063602445,True,4.0,509.0,551.0,296.9375,1.333580313619104,300.6609907468436,gamma_gamma_conditional_expectation,400.96,109.48,Low risk / High value
13677,0.6157037734985351,True,1.0,116.0,337.0,282.23,0.5984965841716564,297.08656762130477,gamma_gamma_conditional_expectation,177.81,109.48,High risk / Low value
14723,0.2965662062168121,False,6.0,377.0,552.0,210.12166666666667,1.737569519867515,212.45018461172342,gamma_gamma_conditional_expectation,369.15,109.48,Low risk / High value
17464,0.6514967203140258,False,1.0,97.0,436.0,384.69,0.41941004607020294,400.6298300291985,gamma_gamma_conditional_expectation,168.03,109.47,High risk / Low value
15387,0.7152189493179322,True,0.0,0.0,309.0,0.0,0.3265921599152861,468.65,own_observed_transaction (Gamma-Gamma unstable at frequency=0),153.06,109.47,High risk / Low value
12694,0.293975430727005,False,1.0,238.0,238.0,385.5,0.9267733651800689,401.44839378627825,gamma_gamma_conditional_expectation,372.05,109.37,Low risk / High value
17809,0.04562543779611587,False,11.0,520.0,554.0,712.8618181818182,3.353296678702329,714.6095148771614,gamma_gamma_conditional_expectation,2396.3,109.33,Low risk / High value
15039,0.010793289542198181,False,64.0,545.0,546.0,531.34265625,19.04817906123546,531.6131276277545,gamma_gamma_conditional_expectation,10126.26,109.3,Low risk / High value
14240,0.50070139169693,False,1.0,198.0,240.0,226.85,0.9050116898331109,241.12106037799848,gamma_gamma_conditional_expectation,218.22,109.26,High risk / Low value
12596,0.5377458453178405,False,0.0,0.0,59.0,0.0,0.9493513652393183,213.95,own_observed_transaction (Gamma-Gamma unstable at frequency=0),203.11,109.22,High risk / Low value
13104,0.39032334089279175,False,4.0,386.0,470.0,181.92,1.5086194292123394,185.3418756068584,gamma_gamma_conditional_expectation,279.61,109.14,Low risk / Low value
13740,0.2535876214504242,True,4.0,497.0,554.0,321.52,1.3226679792252225,325.3079544517466,gamma_gamma_conditional_expectation,430.27,109.11,Low risk / High value
16965,0.5245869994163513,True,0.0,0.0,43.0,0.0,1.0826630360782759,192.07,own_observed_transaction (Gamma-Gamma unstable at frequency=0),207.95,109.09,High risk / Low value
16483,0.5060705184936524,True,0.0,0.0,9.0,0.0,1.5465957038132596,139.35,own_observed_transaction (Gamma-Gamma unstable at frequency=0),215.52,109.07,High risk / Low value
16062,0.12829545736312867,False,4.0,295.0,353.0,436.1725,1.9308799850401426,440.26111243715883,gamma_gamma_conditional_expectation,850.09,109.06,Low risk / High value
17335,0.6281152606010437,True,1.0,301.0,501.0,353.23,0.470586626866844,368.8372179332358,gamma_gamma_conditional_expectation,173.57,109.02,High risk / Low value
15554,0.6706136584281921,True,0.0,0.0,94.0,0.0,0.7484262546508726,217.2,own_observed_transaction (Gamma-Gamma unstable at frequency=0),162.56,109.01,High risk / Low value
12785,0.49694046974182127,True,2.0,367.0,548.0,296.75,0.7207870964164911,304.2155754023755,gamma_gamma_conditional_expectation,219.27,108.96,High risk / Low value
13772,0.1720462992787361,False,4.0,415.0,471.0,411.9775,1.5214588005993996,416.0026648895079,gamma_gamma_conditional_expectation,632.93,108.89,Low risk / High value
12492,0.6726304650306701,False,0.0,0.0,220.0,0.0,0.4257430891554334,380.0,own_observed_transaction (Gamma-Gamma unstable at frequency=0),161.78,108.82,High risk / Low value
14296,0.6657952785491943,True,1.0,153.0,391.0,288.15,0.5391478590926286,303.0691570557643,gamma_gamma_conditional_expectation,163.4,108.79,High risk / Low value
17871,0.3382697284221649,True,4.0,489.0,510.0,220.8675,1.432854206117822,224.39150924447506,gamma_gamma_conditional_expectation,321.52,108.76,Low risk / Low value
17979,0.5357783079147339,False,0.0,0.0,76.0,0.0,0.8397439257356416,241.67,own_observed_transaction (Gamma-Gamma unstable at frequency=0),202.94,108.73,High risk / Low value
13569,0.47978479862213136,False,2.0,61.0,245.0,199.925,1.0947403403127958,206.881423841287,gamma_gamma_conditional_expectation,226.48,108.66,High risk / Low value
17137,0.47978479862213136,True,4.0,261.0,494.0,183.3275,1.2126857432682812,186.75306655223218,gamma_gamma_conditional_expectation,226.47,108.66,High risk / Low value
15793,0.23286690413951874,False,5.0,470.0,555.0,289.804,1.5935021251670238,292.76627380158436,gamma_gamma_conditional_expectation,466.52,108.64,Low risk / High value
15850,0.4531506597995758,False,3.0,350.0,543.0,237.74,0.9884192998174341,242.5018353164486,gamma_gamma_conditional_expectation,239.69,108.62,High risk / Low value
17864,0.4571237683296204,False,2.0,152.0,244.0,161.56,1.4115805376369963,168.3146825591681,gamma_gamma_conditional_expectation,237.59,108.61,High risk / Low value
16920,0.7364726781845092,True,0.0,0.0,228.0,0.0,0.4144252267414075,355.45,own_observed_transaction (Gamma-Gamma unstable at frequency=0),147.31,108.49,High risk / Low value
15110,0.4771506547927856,False,2.0,167.0,302.0,188.875,1.1602421733861163,195.7733177245813,gamma_gamma_conditional_expectation,227.14,108.38,High risk / Low value
16465,0.6105547189712525,True,1.0,24.0,261.0,289.6,0.5825357109360165,304.5344872381911,gamma_gamma_conditional_expectation,177.4,108.31,High risk / Low value
13539,0.27710674703121185,False,5.0,350.0,407.0,184.036,2.0924404846907274,186.7765022783731,gamma_gamma_conditional_expectation,390.82,108.3,Low risk / High value
17306,0.04562543779611587,False,8.0,199.0,220.0,444.4575,5.311265585489021,446.50997811833304,gamma_gamma_conditional_expectation,2371.53,108.2,Low risk / High value
16675,0.6319721579551697,True,1.0,37.0,295.0,301.8,0.5402337069117003,316.863472221368,gamma_gamma_conditional_expectation,171.18,108.18,High risk / Low value
18280,0.5824150562286377,True,1.0,117.0,211.0,180.6,0.9552936935669525,194.38208042128284,gamma_gamma_conditional_expectation,185.69,108.15,High risk / Low value
16378,0.42152072191238404,True,2.0,63.0,127.0,109.375,2.21404417706218,115.85526919262634,gamma_gamma_conditional_expectation,256.51,108.12,Low risk / Low value
15751,0.5112420320510864,True,6.0,273.0,550.0,183.58333333333334,1.1377635999123803,185.86549675257208,gamma_gamma_conditional_expectation,211.47,108.11,High risk / Low value
16187,0.04562543779611587,False,3.0,81.0,101.0,629.58,3.726630423745914,635.7130848956895,gamma_gamma_conditional_expectation,2369.07,108.09,Low risk / High value
15433,0.3458887755870819,True,1.0,54.0,84.0,160.66,1.79234620899986,174.23126398156586,gamma_gamma_conditional_expectation,312.28,108.01,Low risk / Low value
15861,0.19324253499507904,False,4.0,413.0,497.0,384.21500000000003,1.4395962234093735,388.16736213928436,gamma_gamma_conditional_expectation,558.8,107.98,Low risk / High value
13918,0.6221997261047363,False,0.0,0.0,70.0,0.0,0.87539114251235,198.2,own_observed_transaction (Gamma-Gamma unstable at frequency=0),173.5,107.95,High risk / Low value
15713,0.49694046974182127,False,2.0,357.0,540.0,290.69,0.7284404422505478,298.1237090614491,gamma_gamma_conditional_expectation,217.17,107.92,High risk / Low value
12909,0.12829545736312867,False,4.0,452.0,470.0,542.195,1.538895278025659,546.5616396171888,gamma_gamma_conditional_expectation,841.1,107.91,Low risk / High value
16039,0.6609565734863281,True,1.0,205.0,445.0,312.92,0.49745370204808254,328.1010388617718,gamma_gamma_conditional_expectation,163.22,107.88,High risk / Low value
17758,0.11093488410115242,False,5.0,360.0,385.0,435.14,2.2165646526846534,438.4070104525321,gamma_gamma_conditional_expectation,971.76,107.8,Low risk / High value
18284,0.6726304650306701,True,0.0,0.0,248.0,0.0,0.38860641598131573,411.68,own_observed_transaction (Gamma-Gamma unstable at frequency=0),159.98,107.61,High risk / Low value
16705,0.010793289542198181,False,17.0,523.0,547.0,1931.7194117647061,5.155830431309793,1933.6004507067798,gamma_gamma_conditional_expectation,9969.32,107.6,Low risk / High value
16943,0.2535876214504242,True,2.0,107.0,135.0,182.85,2.2361330547751246,189.7166354301784,gamma_gamma_conditional_expectation,424.23,107.58,Low risk / High value
17886,0.2535876214504242,False,4.0,379.0,406.0,240.20749999999998,1.739767884635296,243.78222532513507,gamma_gamma_conditional_expectation,424.12,107.55,Low risk / High value
17109,0.2535876214504242,False,2.0,265.0,314.0,345.15999999999997,1.2013959327708201,352.8801380367395,gamma_gamma_conditional_expectation,423.95,107.51,Low risk / High value
17490,0.5933535695075989,False,1.0,181.0,386.0,305.04,0.5658627944428487,320.1377272496871,gamma_gamma_conditional_expectation,181.15,107.49,High risk / Low value
14727,0.5914096474647522,True,1.0,272.0,363.0,268.58,0.6412998984436338,283.2922524557011,gamma_gamma_conditional_expectation,181.68,107.45,High risk / Low value
16224,0.23286690413951874,False,2.0,147.0,204.0,271.605,1.6540150796245756,278.9383511214195,gamma_gamma_conditional_expectation,461.37,107.44,Low risk / High value
14247,0.391142863035202,True,4.0,273.0,368.0,147.0775,1.8248976247739372,150.40800668026085,gamma_gamma_conditional_expectation,274.48,107.36,Low risk / Low value
13208,0.23286690413951874,False,5.0,530.0,553.0,280.738,1.6251639249165974,283.6812644544337,gamma_gamma_conditional_expectation,461.03,107.36,Low risk / High value
14273,0.4284809172153473,False,1.0,25.0,59.0,105.9,2.1054355777600304,118.89231171281453,gamma_gamma_conditional_expectation,250.32,107.26,Low risk / Low value
15053,0.6585854053497314,False,0.0,0.0,98.0,0.0,0.730784176077033,222.65,own_observed_transaction (Gamma-Gamma unstable at frequency=0),162.71,107.16,High risk / Low value
17715,0.5261715054512024,True,1.0,392.0,409.0,326.4,0.5955461614625146,341.7235566956427,gamma_gamma_conditional_expectation,203.51,107.08,High risk / Low value
18062,0.2535876214504242,False,4.0,377.0,414.0,243.82999999999998,1.7066699173440263,247.41422475647894,gamma_gamma_conditional_expectation,422.25,107.08,Low risk / High value
17420,0.5196419596672058,False,2.0,28.0,218.0,202.85,0.9821039605345174,209.82180487217965,gamma_gamma_conditional_expectation,206.07,107.08,High risk / Low value
14890,0.4771506547927856,True,2.0,406.0,476.0,257.73,0.8467967551229721,264.9903898210311,gamma_gamma_conditional_expectation,224.39,107.07,High risk / Low value
13881,0.010723408311605453,False,19.0,432.0,462.0,1505.4494736842105,6.625599563899844,1506.897553999751,gamma_gamma_conditional_expectation,9984.1,107.06,Low risk / High value
14450,0.3642070949077606,False,5.0,367.0,427.0,143.712,2.008204255209862,146.36795198998743,gamma_gamma_conditional_expectation,293.94,107.06,Low risk / Low value
14585,0.4571237683296204,False,3.0,34.0,233.0,254.85666666666665,0.9013660379245843,259.67840199833745,gamma_gamma_conditional_expectation,234.07,107.0,High risk / Low value
14203,0.7253228545188903,True,0.0,0.0,214.0,0.0,0.43464714217748496,339.34,own_observed_transaction (Gamma-Gamma unstable at frequency=0),147.49,106.98,High risk / Low value
16864,0.6678120851516723,True,1.0,164.0,415.0,297.53,0.512288360307054,312.54832747725607,gamma_gamma_conditional_expectation,160.11,106.92,High risk / Low value
13654,0.07326689809560775,False,7.0,536.0,554.0,659.0757142857144,2.2049799809624515,661.7430826732758,gamma_gamma_conditional_expectation,1459.13,106.91,Low risk / High value
12997,0.1770462989807129,False,5.0,376.0,429.0,297.908,2.0059709164112767,300.8872660527767,gamma_gamma_conditional_expectation,603.57,106.86,Low risk / High value
15439,0.5110155582427979,True,2.0,249.0,470.0,260.1,0.7818204960672688,267.37285239990825,gamma_gamma_conditional_expectation,209.04,106.82,High risk / Low value
13249,0.27710674703121185,False,6.0,423.0,501.0,185.49333333333334,2.0517503129153036,187.77883295093844,gamma_gamma_conditional_expectation,385.28,106.76,Low risk / High value
15291,0.03407371304929256,False,31.0,489.0,553.0,367.15967741935486,8.517673579100821,367.6627396975369,gamma_gamma_conditional_expectation,3131.63,106.71,Low risk / High value
17719,0.052385063469409944,False,4.0,65.0,72.0,347.9075,5.789907769635808,351.7646514826885,gamma_gamma_conditional_expectation,2036.68,106.69,Low risk / High value
14336,0.12680609449744223,False,2.0,78.0,93.0,289.985,2.826424021263537,297.4150018386186,gamma_gamma_conditional_expectation,840.62,106.6,Low risk / High value
18112,0.6657952785491943,False,1.0,133.0,368.0,271.27,0.5592577858784005,286.0106925872376,gamma_gamma_conditional_expectation,159.95,106.49,High risk / Low value
13897,0.6079378128051758,False,1.0,239.0,494.0,366.89,0.457724313115177,382.6416388242355,gamma_gamma_conditional_expectation,175.14,106.47,High risk / Low value
16109,0.4255356967449188,True,2.0,480.0,515.0,305.94,0.7981399322763308,313.4539007609751,gamma_gamma_conditional_expectation,250.18,106.46,Low risk / Low value
14397,0.4284809172153473,False,1.0,15.0,30.0,76.8,2.774730228850441,89.48465081031884,gamma_gamma_conditional_expectation,248.3,106.39,Low risk / Low value
16917,0.48449580669403075,True,1.0,356.0,449.0,391.52,0.5387807233508056,407.5320404746983,gamma_gamma_conditional_expectation,219.57,106.38,High risk / Low value
17513,0.6260984539985657,False,1.0,71.0,296.0,258.6,0.6217215121196068,273.2067385104466,gamma_gamma_conditional_expectation,169.86,106.35,High risk / Low value
13550,0.6657749533653259,True,0.0,0.0,200.0,0.0,0.456951908985628,349.51,own_observed_transaction (Gamma-Gamma unstable at frequency=0),159.71,106.33,High risk / Low value
17678,0.5933535695075989,True,1.0,340.0,420.0,298.11,0.5720038290572336,313.1344595502268,gamma_gamma_conditional_expectation,179.11,106.28,High risk / Low value
17613,0.05202274471521377,False,5.0,111.0,122.0,388.04200000000003,5.220552154646791,391.21025662150385,gamma_gamma_conditional_expectation,2042.33,106.25,Low risk / High value
16175,0.23286690413951874,False,4.0,359.0,380.0,244.04500000000002,1.8419382575484602,247.6297885598576,gamma_gamma_conditional_expectation,456.12,106.22,Low risk / High value
13780,0.6726304650306701,False,0.0,0.0,224.0,0.0,0.4200076681188364,375.81,own_observed_transaction (Gamma-Gamma unstable at frequency=0),157.84,106.17,High risk / Low value
13024,0.6726304650306701,True,1.0,112.0,399.0,308.04,0.4883377200038549,323.1694448685011,gamma_gamma_conditional_expectation,157.82,106.15,High risk / Low value
15669,0.6527320265769958,False,0.0,0.0,80.0,0.0,0.8175612810623328,198.8,own_observed_transaction (Gamma-Gamma unstable at frequency=0),162.53,106.09,High risk / Low value
12464,0.31679787039756774,False,2.0,109.0,126.0,135.475,2.355547619004158,142.09251531443795,gamma_gamma_conditional_expectation,334.71,106.04,Low risk / High value
14294,0.6726304650306701,True,0.0,0.0,224.0,0.0,0.4200076681188364,375.34,own_observed_transaction (Gamma-Gamma unstable at frequency=0),157.65,106.04,High risk / Low value
13512,0.4092897891998291,True,3.0,323.0,400.0,186.6966666666667,1.3539595534937765,191.2798751217525,gamma_gamma_conditional_expectation,258.99,106.0,Low risk / Low value
15630,0.4771506547927856,False,1.0,440.0,461.0,396.86,0.5373328621667133,412.92849783618726,gamma_gamma_conditional_expectation,221.88,105.87,High risk / Low value
17047,0.18490920066833497,False,3.0,526.0,548.0,538.37,1.0518163023992004,544.1838942206115,gamma_gamma_conditional_expectation,572.38,105.84,Low risk / High value
13465,0.6189089059829712,True,1.0,140.0,403.0,319.62,0.5105818783071029,334.8718748771231,gamma_gamma_conditional_expectation,170.98,105.82,High risk / Low value
15132,0.2965662062168121,False,1.0,63.0,79.0,176.1,1.8790087735741166,189.83450399306184,gamma_gamma_conditional_expectation,356.7,105.79,Low risk / High value
14538,0.4335174083709717,False,3.0,427.0,500.0,212.16333333333333,1.1253809784557438,216.83566274582864,gamma_gamma_conditional_expectation,244.02,105.79,Low risk / Low value
14615,0.4771506547927856,True,4.0,154.0,365.0,162.0275,1.3404029168637819,165.3972106826325,gamma_gamma_conditional_expectation,221.7,105.78,High risk / Low value
14009,0.22249653339385986,True,2.0,264.0,279.0,347.805,1.3360410489089576,355.5390466954442,gamma_gamma_conditional_expectation,475.01,105.69,Low risk / High value
14061,0.6157037734985351,True,2.0,231.0,555.0,271.5,0.6155098532572257,278.83279898184895,gamma_gamma_conditional_expectation,171.62,105.67,High risk / Low value
14110,0.040863532945513724,False,21.0,518.0,555.0,415.29809523809524,6.210386050445212,416.0648242792974,gamma_gamma_conditional_expectation,2583.92,105.59,Low risk / High value
14762,0.6113759517669678,True,1.0,363.0,443.0,300.52,0.5471870981257367,315.569939370674,gamma_gamma_conditional_expectation,172.68,105.57,High risk / Low value
14725,0.512682569026947,False,1.0,140.0,351.0,330.35,0.5955282755844081,345.7153182270811,gamma_gamma_conditional_expectation,205.88,105.55,High risk / Low value
14381,0.6726304650306701,False,0.0,0.0,268.0,0.0,0.36582412319592233,428.66,own_observed_transaction (Gamma-Gamma unstable at frequency=0),156.81,105.48,High risk / Low value
17176,0.4025745213031769,True,2.0,476.0,494.0,307.99,0.8303260656533701,315.51468062878024,gamma_gamma_conditional_expectation,261.98,105.47,Low risk / Low value
13243,0.23286690413951874,True,2.0,428.0,448.0,492.69000000000005,0.9029520860394584,501.1859204256618,gamma_gamma_conditional_expectation,452.55,105.38,Low risk / High value
15966,0.6733034491539002,True,0.0,0.0,267.0,0.0,0.3668994327566997,426.53,own_observed_transaction (Gamma-Gamma unstable at frequency=0),156.49,105.37,High risk / Low value
13291,0.2965662062168121,False,9.0,252.0,483.0,308.9288888888889,1.143843225666969,310.59532169629375,gamma_gamma_conditional_expectation,355.27,105.36,Low risk / High value
16144,0.6527320265769958,True,0.0,0.0,63.0,0.0,0.9210413247915022,175.2,own_observed_transaction (Gamma-Gamma unstable at frequency=0),161.37,105.33,High risk / Low value
12970,0.3678934574127197,False,3.0,413.0,552.0,278.63,1.0096333390249057,283.53493044531535,gamma_gamma_conditional_expectation,286.27,105.32,Low risk / Low value
17607,0.6726304650306701,True,0.0,0.0,193.0,0.0,0.4689889141757878,333.81,own_observed_transaction (Gamma-Gamma unstable at frequency=0),156.55,105.3,High risk / Low value
17708,0.2535876214504242,True,3.0,236.0,240.0,193.79333333333332,2.092800241433273,198.40137667301664,gamma_gamma_conditional_expectation,415.21,105.29,Low risk / High value
14006,0.17924252450466155,False,5.0,411.0,469.0,313.18199999999996,1.857415309858299,316.19329216885643,gamma_gamma_conditional_expectation,587.3,105.27,Low risk / High value
12899,0.6977770686149597,True,0.0,0.0,230.0,0.0,0.41168946847343063,366.4,own_observed_transaction (Gamma-Gamma unstable at frequency=0),150.84,105.25,High risk / Low value
16241,0.07292741686105728,False,6.0,198.0,227.0,361.465,3.96399048945116,364.0578694536563,gamma_gamma_conditional_expectation,1443.12,105.24,Low risk / High value
17069,0.09123791381716728,False,7.0,510.0,553.0,522.4428571428572,2.1964371956202378,524.9057136682944,gamma_gamma_conditional_expectation,1152.92,105.19,Low risk / High value
15434,0.19324253499507904,False,6.0,484.0,501.0,257.865,2.0911241066088135,260.27691125954414,gamma_gamma_conditional_expectation,544.27,105.18,Low risk / High value
16678,0.0895712472498417,False,4.0,85.0,99.0,238.6175,4.847812969916878,242.18805580247482,gamma_gamma_conditional_expectation,1174.08,105.16,Low risk / High value
13549,0.2535876214504242,False,3.0,195.0,204.0,170.85,2.360750033989399,175.37775282268728,gamma_gamma_conditional_expectation,414.02,104.99,Low risk / High value
13513,0.6657952785491943,False,1.0,214.0,472.0,319.85,0.47037923284061794,335.1043065612322,gamma_gamma_conditional_expectation,157.63,104.95,High risk / Low value
14577,0.40086663961410524,False,4.0,496.0,545.0,191.3025,1.3442701730664468,194.7489797240659,gamma_gamma_conditional_expectation,261.8,104.95,Low risk / Low value
16880,0.4907220959663391,False,1.0,304.0,310.0,269.88,0.7511313189626264,284.60599675718714,gamma_gamma_conditional_expectation,213.78,104.91,High risk / Low value
14611,0.6319721579551697,True,1.0,155.0,415.0,312.93,0.5057404792185668,328.11114458716787,gamma_gamma_conditional_expectation,165.94,104.87,High risk / Low value
17349,0.4531506597995758,False,3.0,251.0,448.0,201.80000000000004,1.1203577748607922,206.43606278205215,gamma_gamma_conditional_expectation,231.28,104.8,High risk / Low value
12810,0.6657952785491943,True,1.0,142.0,493.0,375.33,0.4023363891656374,391.17087105849885,gamma_gamma_conditional_expectation,157.38,104.78,High risk / Low value
13950,0.6342279791831971,False,0.0,0.0,63.0,0.0,0.9210413247915022,179.31,own_observed_transaction (Gamma-Gamma unstable at frequency=0),165.15,104.74,High risk / Low value
17281,0.4771506547927856,True,5.0,299.0,490.0,137.07,1.5702937114604518,139.71202522142636,gamma_gamma_conditional_expectation,219.39,104.68,High risk / Low value
13453,0.5719809770584107,False,1.0,113.0,219.0,185.0,0.9194886886821848,198.82859959554335,gamma_gamma_conditional_expectation,182.82,104.57,High risk / Low value
14532,0.0895712472498417,True,10.0,462.0,515.0,358.323,3.243224473221236,359.874344897908,gamma_gamma_conditional_expectation,1167.15,104.54,Low risk / High value
13770,0.5355163812637329,True,3.0,308.0,547.0,203.67999999999998,0.9364529255745659,208.32264186843676,gamma_gamma_conditional_expectation,195.08,104.47,High risk / Low value
16899,0.2660642623901367,False,3.0,190.0,214.0,168.86666666666667,2.263702999914755,173.38747878651907,gamma_gamma_conditional_expectation,392.5,104.43,Low risk / High value
17664,0.38203089237213134,False,2.0,408.0,437.0,289.46500000000003,0.9204548941760794,296.8922674331266,gamma_gamma_conditional_expectation,273.28,104.4,Low risk / Low value
13742,0.06395877227187156,False,6.0,136.0,137.0,281.14000000000004,5.745942407008516,283.5925657186944,gamma_gamma_conditional_expectation,1629.51,104.22,Low risk / High value
14575,0.6853560090065003,True,0.0,0.0,305.0,0.0,0.3300444431988941,460.71,own_observed_transaction (Gamma-Gamma unstable at frequency=0),152.05,104.21,High risk / Low value
14820,0.4771506547927856,False,4.0,297.0,494.0,163.0675,1.3119458463588256,166.43993791758007,gamma_gamma_conditional_expectation,218.36,104.19,High risk / Low value
12561,0.6706136584281921,True,0.0,0.0,119.0,0.0,0.6503738010331337,238.85,own_observed_transaction (Gamma-Gamma unstable at frequency=0),155.34,104.17,High risk / Low value
13795,0.4531506597995758,True,3.0,249.0,454.0,204.6,1.0977254455505079,209.24586142134842,gamma_gamma_conditional_expectation,229.69,104.08,High risk / Low value
15847,0.4771506547927856,False,3.0,353.0,458.0,177.78666666666666,1.1963062177186117,182.33869445170595,gamma_gamma_conditional_expectation,218.13,104.08,High risk / Low value
15337,0.6726304650306701,True,0.0,0.0,228.0,0.0,0.4144252267414075,373.02,own_observed_transaction (Gamma-Gamma unstable at frequency=0),154.59,103.98,High risk / Low value
15780,0.34859763979911806,True,2.0,174.0,174.0,149.065,1.9144054005071285,155.7539779502778,gamma_gamma_conditional_expectation,298.18,103.94,Low risk / Low value
16774,0.5258154511451721,False,3.0,238.0,478.0,192.74333333333334,1.001579348193233,197.34770218328052,gamma_gamma_conditional_expectation,197.66,103.93,High risk / Low value
13545,0.6657952785491943,True,1.0,154.0,361.0,250.5,0.5889730345447075,265.02110093964876,gamma_gamma_conditional_expectation,156.09,103.92,High risk / Low value
12414,0.37220709323883056,True,3.0,246.0,280.0,147.47,1.8362594235581964,151.91593418456293,gamma_gamma_conditional_expectation,278.96,103.83,Low risk / Low value
16194,0.7129017949104309,True,0.0,0.0,192.0,0.0,0.470760657470698,308.6,own_observed_transaction (Gamma-Gamma unstable at frequency=0),145.28,103.57,High risk / Low value
17169,0.5188263535499573,False,1.0,395.0,395.0,308.68,0.6157611222059725,323.8162112938481,gamma_gamma_conditional_expectation,199.39,103.45,High risk / Low value
15237,0.2535876214504242,False,1.0,24.0,44.0,154.73,2.424670907450039,168.2385688217102,gamma_gamma_conditional_expectation,407.92,103.44,Low risk / High value
17551,0.6726304650306701,True,0.0,0.0,176.0,0.0,0.5010548462222281,306.84,own_observed_transaction (Gamma-Gamma unstable at frequency=0),153.74,103.41,High risk / Low value
15289,0.3763166069984436,False,2.0,372.0,438.0,294.57,0.9094975801049865,302.0241119331974,gamma_gamma_conditional_expectation,274.69,103.37,Low risk / Low value
14367,0.02560810446739197,False,4.0,92.0,93.0,790.59,5.07180204900907,795.6080160833493,gamma_gamma_conditional_expectation,4035.17,103.33,Low risk / High value
15095,0.12829545736312867,False,5.0,484.0,504.0,453.33000000000004,1.763589194446533,456.6351507596876,gamma_gamma_conditional_expectation,805.32,103.32,Low risk / High value
15204,0.64599689245224,True,0.0,0.0,174.0,0.0,0.5051192144289793,316.58,own_observed_transaction (Gamma-Gamma unstable at frequency=0),159.91,103.3,High risk / Low value
15220,0.13496212363243104,False,2.0,77.0,97.0,271.03999999999996,2.747964219798021,278.3703800846829,gamma_gamma_conditional_expectation,764.95,103.24,Low risk / High value
17711,0.6706136584281921,False,0.0,0.0,106.0,0.0,0.6978978914891943,220.53,own_observed_transaction (Gamma-Gamma unstable at frequency=0),153.91,103.21,High risk / Low value
12411,0.7129017949104309,True,0.0,0.0,226.0,0.0,0.41719771110259707,346.9,own_observed_transaction (Gamma-Gamma unstable at frequency=0),144.73,103.18,High risk / Low value
16681,0.28267852663993837,False,3.0,436.0,458.0,291.94666666666666,1.2292290467256912,296.8981989738735,gamma_gamma_conditional_expectation,364.96,103.17,Low risk / High value
14508,0.5609864950180053,False,1.0,164.0,357.0,289.91,0.6032346923183838,304.84776472546855,gamma_gamma_conditional_expectation,183.89,103.16,High risk / Low value
17430,0.50070139169693,False,2.0,114.0,296.0,185.605,1.0701532488718273,192.48612252081406,gamma_gamma_conditional_expectation,205.99,103.14,High risk / Low value
15627,0.6609565734863281,True,1.0,65.0,339.0,286.74,0.5171797253161267,301.6442497749218,gamma_gamma_conditional_expectation,156.0,103.11,High risk / Low value
14198,0.3256571114063263,False,5.0,464.0,520.0,183.276,1.7015788506847935,186.0149087306305,gamma_gamma_conditional_expectation,316.52,103.08,Low risk / Low value
14754,0.37060232162475587,False,4.0,395.0,507.0,195.385,1.398009061326743,198.84218543240584,gamma_gamma_conditional_expectation,277.98,103.02,Low risk / Low value
13033,0.6595672130584717,True,1.0,72.0,246.0,190.55,0.763944383514361,204.43727719034925,gamma_gamma_conditional_expectation,156.18,103.01,High risk / Low value
13891,0.47978479862213136,True,2.0,204.0,399.0,232.58,0.8955125539886063,239.70813924771454,gamma_gamma_conditional_expectation,214.66,102.99,High risk / Low value
15561,0.2535876214504242,False,4.0,448.0,480.0,265.82,1.5066386505178595,269.4618900415727,gamma_gamma_conditional_expectation,405.98,102.95,Low risk / High value
18221,0.22118866741657256,False,2.0,206.0,207.0,268.505,1.6873985338352302,275.82204985790924,gamma_gamma_conditional_expectation,465.42,102.95,Low risk / High value
16783,0.6862186908721923,True,0.0,0.0,253.0,0.0,0.3826481117504293,391.95,own_observed_transaction (Gamma-Gamma unstable at frequency=0),149.98,102.92,High risk / Low value
14150,0.6699443459510803,False,0.0,0.0,176.0,0.0,0.5010548462222281,306.18,own_observed_transaction (Gamma-Gamma unstable at frequency=0),153.41,102.78,High risk / Low value
14026,0.6391617059707642,True,1.0,155.0,442.0,326.58,0.4703255635941737,341.9054597527715,gamma_gamma_conditional_expectation,160.81,102.78,High risk / Low value
13953,0.07326689809560775,False,7.0,518.0,545.0,625.0,2.2330153537419624,627.6163639079106,gamma_gamma_conditional_expectation,1401.48,102.68,Low risk / High value
17362,0.3458887755870819,True,6.0,463.0,519.0,145.49,2.0082138237979206,147.70562576665466,gamma_gamma_conditional_expectation,296.62,102.6,Low risk / Low value
16016,0.09305609539151191,False,5.0,206.0,219.0,313.418,3.483847105272933,316.42978700736603,gamma_gamma_conditional_expectation,1102.39,102.58,Low risk / High value
13972,0.5060705184936524,False,0.0,0.0,18.0,0.0,1.3885611299365885,145.9,own_observed_transaction (Gamma-Gamma unstable at frequency=0),202.59,102.52,High risk / Low value
15247,0.6609565734863281,False,1.0,60.0,354.0,308.5,0.4791785595664379,323.6343082367192,gamma_gamma_conditional_expectation,155.08,102.5,High risk / Low value
14152,0.19324253499507904,False,4.0,425.0,476.0,347.3125,1.5100748889937663,351.16809118961754,gamma_gamma_conditional_expectation,530.29,102.47,Low risk / High value
14985,0.4771506547927856,True,1.0,160.0,175.0,172.24,1.15468855057185,185.93369399018786,gamma_gamma_conditional_expectation,214.7,102.44,High risk / Low value
18114,0.6706136584281921,True,0.0,0.0,107.0,0.0,0.6939953755548637,220.1,own_observed_transaction (Gamma-Gamma unstable at frequency=0),152.75,102.44,High risk / Low value
16287,0.4531506597995758,False,3.0,313.0,506.0,212.62,1.0399231023768631,217.29392752390436,gamma_gamma_conditional_expectation,225.97,102.4,High risk / Low value
16729,0.02560810446739197,False,7.0,51.0,58.0,374.4614285714286,10.611058881729075,376.7027867095102,gamma_gamma_conditional_expectation,3997.22,102.36,Low risk / High value
17821,0.7253228545188903,True,0.0,0.0,223.0,0.0,0.42142693773703305,334.62,own_observed_transaction (Gamma-Gamma unstable at frequency=0),141.02,102.29,High risk / Low value
15068,0.41500407457351685,False,2.0,365.0,438.0,264.29,0.9074515746783242,271.58488539800754,gamma_gamma_conditional_expectation,246.45,102.28,Low risk / Low value
14872,0.5722619414329528,True,2.0,150.0,450.0,256.31,0.6777324924688108,263.562922790649,gamma_gamma_conditional_expectation,178.63,102.22,High risk / Low value
15862,0.15696212500333787,False,7.0,518.0,539.0,285.70714285714286,2.2575481803120305,287.81565370927507,gamma_gamma_conditional_expectation,649.76,101.99,Low risk / High value
12441,0.6726304650306701,True,0.0,0.0,183.0,0.0,0.4873325790692348,311.1,own_observed_transaction (Gamma-Gamma unstable at frequency=0),151.61,101.98,High risk / Low value
15510,0.7189401507377624,True,0.0,0.0,147.0,0.0,0.5672742726320814,250.0,own_observed_transaction (Gamma-Gamma unstable at frequency=0),141.82,101.96,High risk / Low value
14428,0.5647824883460999,False,1.0,86.0,142.0,127.07,1.286774655424496,140.28613237624523,gamma_gamma_conditional_expectation,180.52,101.95,High risk / Low value
14272,0.4571237683296204,False,2.0,328.0,399.0,220.175,0.9811242952544912,227.23790790131326,gamma_gamma_conditional_expectation,222.95,101.92,High risk / Low value
16520,0.12090909481048584,True,5.0,461.0,464.0,440.15200000000004,1.9006642738725208,443.42951948054,gamma_gamma_conditional_expectation,842.81,101.9,Low risk / High value
12622,0.6112612128257752,True,0.0,0.0,49.0,0.0,1.0284613855299178,162.1,own_observed_transaction (Gamma-Gamma unstable at frequency=0),166.71,101.9,High risk / Low value
16807,0.17990920096635818,False,4.0,408.0,440.0,345.01750000000004,1.623174500578786,348.8670729163438,gamma_gamma_conditional_expectation,566.27,101.88,Low risk / High value
15410,0.11275306567549706,False,5.0,396.0,416.0,430.858,2.0795289550592577,434.11603206906653,gamma_gamma_conditional_expectation,902.76,101.79,Low risk / High value
12831,0.5621641635894775,True,1.0,201.0,280.0,215.05,0.7896076579231119,229.1963044106635,gamma_gamma_conditional_expectation,180.98,101.74,High risk / Low value
16693,0.38892064094543455,False,3.0,385.0,473.0,218.15,1.1733906170248716,222.8432798365146,gamma_gamma_conditional_expectation,261.48,101.69,Low risk / Low value
17717,0.6726304650306701,True,0.0,0.0,238.0,0.0,0.40109944258974356,376.92,own_observed_transaction (Gamma-Gamma unstable at frequency=0),151.18,101.69,High risk / Low value
17300,0.6189089059829712,True,1.0,91.0,298.0,237.84,0.6509154971003904,252.22725258825372,gamma_gamma_conditional_expectation,164.18,101.61,High risk / Low value
15641,0.07243815064430237,False,10.0,473.0,550.0,461.33299999999997,3.027615664261244,462.9922261078474,gamma_gamma_conditional_expectation,1401.76,101.54,Low risk / High value
15705,0.5110155582427979,True,0.0,0.0,18.0,0.0,1.3885611299365885,143.1,own_observed_transaction (Gamma-Gamma unstable at frequency=0),198.7,101.54,High risk / Low value
16915,0.2965662062168121,False,6.0,321.0,386.0,131.42333333333332,2.5616690954479067,133.61438884325844,gamma_gamma_conditional_expectation,342.28,101.51,Low risk / High value
13657,0.47978479862213136,False,0.0,0.0,18.0,0.0,1.3885611299365885,152.34,own_observed_transaction (Gamma-Gamma unstable at frequency=0),211.53,101.49,High risk / Low value
16618,0.12680609449744223,False,2.0,112.0,139.0,356.56500000000005,2.1963348661248667,364.3451109110408,gamma_gamma_conditional_expectation,800.22,101.47,Low risk / High value
17547,0.6151273608207702,True,1.0,290.0,482.0,323.3,0.4870462592685878,338.5907818228682,gamma_gamma_conditional_expectation,164.91,101.44,High risk / Low value
13014,0.11275306567549706,False,3.0,212.0,249.0,442.6766666666667,2.007429609097537,448.1556807242792,gamma_gamma_conditional_expectation,899.64,101.44,Low risk / High value
15350,0.565748393535614,True,1.0,10.0,200.0,231.3,0.7294716583557468,245.61810817923924,gamma_gamma_conditional_expectation,179.17,101.37,High risk / Low value
14264,0.2965662062168121,False,4.0,366.0,428.0,204.1275,1.645860884088,207.60761125118404,gamma_gamma_conditional_expectation,341.69,101.33,Low risk / High value
18092,0.030810622870922087,False,12.0,551.0,552.0,891.9683333333334,3.6787355505101202,893.7265477988482,gamma_gamma_conditional_expectation,3287.78,101.3,Low risk / High value
12890,0.6677917599678039,False,0.0,0.0,204.0,0.0,0.45034803555681113,336.8,own_observed_transaction (Gamma-Gamma unstable at frequency=0),151.68,101.29,High risk / Low value
15180,0.48449580669403075,True,2.0,222.0,406.0,225.795,0.8977379846014283,232.8874605145156,gamma_gamma_conditional_expectation,209.07,101.29,High risk / Low value
15141,0.5281712293624878,True,5.0,164.0,438.0,220.766,0.8575599527385642,223.58351676335488,gamma_gamma_conditional_expectation,191.74,101.27,High risk / Low value
13274,0.6726304650306701,True,0.0,0.0,226.0,0.0,0.41719771110259707,360.85,own_observed_transaction (Gamma-Gamma unstable at frequency=0),150.55,101.26,High risk / Low value
15393,0.4771506547927856,False,3.0,443.0,541.0,198.58,1.0438462019922157,203.20479434686132,gamma_gamma_conditional_expectation,212.11,101.21,High risk / Low value
12554,0.7129017949104309,True,0.0,0.0,265.0,0.0,0.36906918274712197,384.5,own_observed_transaction (Gamma-Gamma unstable at frequency=0),141.91,101.17,High risk / Low value
16593,0.3382697284221649,False,6.0,545.0,551.0,152.835,1.9275519105400114,155.06345528340904,gamma_gamma_conditional_expectation,298.89,101.11,Low risk / Low value
12633,0.07326689809560775,False,4.0,329.0,342.0,680.335,2.014193072672241,685.0638898437851,gamma_gamma_conditional_expectation,1379.85,101.1,Low risk / High value
18016,0.3538887739181519,False,4.0,495.0,498.0,191.115,1.4675926774162245,194.56098803507294,gamma_gamma_conditional_expectation,285.54,101.05,Low risk / Low value
17639,0.4037745654582977,True,3.0,207.0,300.0,144.79666666666665,1.6764771943130745,149.23324548371096,gamma_gamma_conditional_expectation,250.19,101.02,Low risk / Low value
12393,0.09972276166081429,False,4.0,183.0,245.0,393.5375,2.5483936254780155,397.5143089160141,gamma_gamma_conditional_expectation,1013.02,101.02,Low risk / High value
14024,0.7129017949104309,False,0.0,0.0,207.0,0.0,0.44551950404626317,318.04,own_observed_transaction (Gamma-Gamma unstable at frequency=0),141.69,101.01,High risk / Low value
14071,0.4284809172153473,False,1.0,4.0,81.0,131.41,1.6289583076880507,144.67201719812948,gamma_gamma_conditional_expectation,235.66,100.98,Low risk / Low value
17251,0.5319321513175964,True,2.0,362.0,541.0,253.015,0.7289759240715784,260.2505961250793,gamma_gamma_conditional_expectation,189.72,100.92,High risk / Low value
13538,0.1562424287199974,False,7.0,492.0,492.0,261.0857142857143,2.4540428539233337,263.15737181932127,gamma_gamma_conditional_expectation,645.8,100.9,Low risk / High value
13778,0.565748393535614,False,2.0,74.0,382.0,296.53999999999996,0.5864502648937961,304.00447112323445,gamma_gamma_conditional_expectation,178.28,100.86,High risk / Low value
12673,0.4933562397956848,False,1.0,75.0,218.0,220.9,0.8693732735833963,235.10815376735076,gamma_gamma_conditional_expectation,204.4,100.84,High risk / Low value
17367,0.6112612128257752,True,0.0,0.0,55.0,0.0,0.9794744156757992,168.4,own_observed_transaction (Gamma-Gamma unstable at frequency=0),164.94,100.82,High risk / Low value
13137,0.05202274471521377,False,9.0,250.0,319.0,453.9533333333333,4.2514304723133005,455.7885440731311,gamma_gamma_conditional_expectation,1937.75,100.81,Low risk / High value
17746,0.42089284062385557,True,2.0,370.0,427.0,249.8,0.9316846511183733,257.01869013727764,gamma_gamma_conditional_expectation,239.46,100.79,Low risk / Low value
15428,0.5609864950180053,False,2.0,335.0,539.0,242.265,0.7201562097621312,249.4440675500036,gamma_gamma_conditional_expectation,179.64,100.78,High risk / Low value
18244,0.6287670254707336,True,1.0,72.0,319.0,265.84,0.5713617598852638,280.5232836971843,gamma_gamma_conditional_expectation,160.28,100.78,High risk / Low value
16232,0.1433796316385269,False,3.0,335.0,367.0,469.93666666666667,1.4778192330954099,475.51107747685705,gamma_gamma_conditional_expectation,702.72,100.76,Low risk / High value
14020,0.6659234285354614,False,1.0,53.0,346.0,301.53,0.4778274015777209,316.5906176356747,gamma_gamma_conditional_expectation,151.28,100.74,High risk / Low value
15465,0.03407371304929256,False,25.0,496.0,546.0,401.10760000000005,7.35715483465673,401.74566015065227,gamma_gamma_conditional_expectation,2955.71,100.71,Low risk / High value
12588,0.6079378128051758,False,1.0,198.0,414.0,294.98,0.5342298431552158,309.9713675012642,gamma_gamma_conditional_expectation,165.6,100.67,High risk / Low value
15043,0.47978479862213136,False,4.0,70.0,350.0,479.78499999999997,0.43321694693796825,483.9879792969202,gamma_gamma_conditional_expectation,209.67,100.6,High risk / Low value
14940,0.6407037734985351,True,1.0,316.0,550.0,349.48,0.42971658402938406,365.04757090971833,gamma_gamma_conditional_expectation,156.87,100.51,High risk / Low value
15717,0.4284809172153473,True,4.0,358.0,409.0,133.375,1.7163342990119483,136.6695740486557,gamma_gamma_conditional_expectation,234.57,100.51,Low risk / Low value
14859,0.4991190433502197,False,1.0,350.0,371.0,296.86,0.6455741366174721,311.87124387572095,gamma_gamma_conditional_expectation,201.34,100.49,High risk / Low value
13593,0.07160023152828217,False,10.0,384.0,464.0,402.881,3.4695701630410927,404.47900998821456,gamma_gamma_conditional_expectation,1403.37,100.48,Low risk / High value
17278,0.6185654997825623,True,1.0,324.0,382.0,246.04,0.6231872416691554,260.513947413012,gamma_gamma_conditional_expectation,162.35,100.42,High risk / Low value
14280,0.5086974263191223,True,0.0,0.0,13.0,0.0,1.4720726278165472,134.04,own_observed_transaction (Gamma-Gamma unstable at frequency=0),197.32,100.38,High risk / Low value
14204,0.5355163812637329,False,2.0,315.0,554.0,265.33000000000004,0.6874413820581061,272.6303542089916,gamma_gamma_conditional_expectation,187.42,100.37,High risk / Low value
16756,0.2535876214504242,True,6.0,426.0,457.0,173.13833333333332,2.2565226725609917,175.40225246360004,gamma_gamma_conditional_expectation,395.8,100.37,Low risk / High value
15341,0.7135753512382508,False,0.0,0.0,266.0,0.0,0.36798110037779325,382.2,own_observed_transaction (Gamma-Gamma unstable at frequency=0),140.64,100.36,High risk / Low value
15406,0.4771506547927856,False,1.0,152.0,270.0,252.29,0.7878712494433465,266.8300257855411,gamma_gamma_conditional_expectation,210.23,100.31,High risk / Low value
14616,0.4284809172153473,True,4.0,306.0,365.0,121.32,1.8785249739017797,124.5829617243353,gamma_gamma_conditional_expectation,234.03,100.28,Low risk / Low value
14905,0.22249653339385986,False,6.0,503.0,553.0,234.28166666666667,1.904166703364929,236.6523849010067,gamma_gamma_conditional_expectation,450.63,100.26,Low risk / High value
13602,0.4933562397956848,False,2.0,179.0,377.0,213.45,0.9216980779108304,220.47754467644032,gamma_gamma_conditional_expectation,203.21,100.25,High risk / Low value
16903,0.5355163812637329,False,1.0,35.0,232.0,246.99,0.7155251646694939,261.4739913256364,gamma_gamma_conditional_expectation,187.09,100.19,High risk / Low value
16239,0.1433796316385269,False,4.0,274.0,280.0,290.825,2.372053319684694,294.53246168567324,gamma_gamma_conditional_expectation,698.65,100.17,Low risk / High value
17143,0.6157037734985351,True,1.0,98.0,332.0,262.6,0.586214452909117,277.2490286688652,gamma_gamma_conditional_expectation,162.53,100.07,High risk / Low value
13167,0.6726304650306701,False,0.0,0.0,207.0,0.0,0.44551950404626317,333.82,own_observed_transaction (Gamma-Gamma unstable at frequency=0),148.72,100.03,High risk / Low value
16739,0.7364726781845092,False,0.0,0.0,353.0,0.0,0.2929000844887027,463.43,own_observed_transaction (Gamma-Gamma unstable at frequency=0),135.74,99.97,High risk / Low value
14697,0.4551150560379028,True,0.0,0.0,35.0,0.0,1.1646051286376544,188.61,own_observed_transaction (Gamma-Gamma unstable at frequency=0),219.66,99.97,High risk / Low value
15306,0.4557848036289215,False,5.0,159.0,476.0,384.57399999999996,0.5655159870830005,387.7349850115414,gamma_gamma_conditional_expectation,219.27,99.94,High risk / Low value
17495,0.7253228545188903,False,0.0,0.0,207.0,0.0,0.44551950404626317,309.16,own_observed_transaction (Gamma-Gamma unstable at frequency=0),137.74,99.91,High risk / Low value
17310,0.6047326803207398,True,1.0,147.0,351.0,260.1,0.6013857409068009,274.72259731985355,gamma_gamma_conditional_expectation,165.21,99.91,High risk / Low value
12457,0.16457586735486984,False,3.0,202.0,252.0,302.4166666666667,1.9746236994954116,307.4048388858137,gamma_gamma_conditional_expectation,607.01,99.9,Low risk / High value
13966,0.6657749533653259,True,0.0,0.0,252.0,0.0,0.3838250670037932,390.86,own_observed_transaction (Gamma-Gamma unstable at frequency=0),150.02,99.88,High risk / Low value
13118,0.09123791381716728,False,6.0,231.0,256.0,299.32166666666666,3.6272838684966735,301.80599031553425,gamma_gamma_conditional_expectation,1094.74,99.88,Low risk / High value
15625,0.11275306567549706,False,5.0,307.0,359.0,377.86800000000005,2.3242303045985,381.0149240494863,gamma_gamma_conditional_expectation,885.57,99.85,Low risk / High value
18010,0.6657952785491943,True,0.0,0.0,73.0,0.0,0.8571940464203481,174.8,own_observed_transaction (Gamma-Gamma unstable at frequency=0),149.84,99.76,High risk / Low value
14996,0.6706136584281921,True,0.0,0.0,298.0,0.0,0.33626531508849644,442.29,own_observed_transaction (Gamma-Gamma unstable at frequency=0),148.73,99.74,High risk / Low value
14527,0.015555194392800332,False,91.0,553.0,554.0,240.2886813186813,26.664953083436757,240.4454284831223,gamma_gamma_conditional_expectation,6411.47,99.73,Low risk / High value
12573,0.2965662062168121,True,4.0,238.0,282.0,141.3475,2.323128200590049,144.66298066463617,gamma_gamma_conditional_expectation,336.07,99.67,Low risk / High value
17027,0.4115120112895966,False,5.0,446.0,546.0,148.17000000000002,1.6056612852283043,150.8352994055619,gamma_gamma_conditional_expectation,242.19,99.66,Low risk / Low value
15810,0.12829545736312867,False,5.0,441.0,490.0,429.50200000000007,1.7944845288903017,432.75718884441005,gamma_gamma_conditional_expectation,776.58,99.63,Low risk / High value
13059,0.1562424287199974,True,8.0,369.0,435.0,209.635,3.0163783532260955,211.37998891968294,gamma_gamma_conditional_expectation,637.6,99.62,Low risk / High value
17934,0.6853560090065003,False,0.0,0.0,223.0,0.0,0.42142693773703305,344.9,own_observed_transaction (Gamma-Gamma unstable at frequency=0),145.35,99.62,High risk / Low value
15030,0.22118866741657256,False,6.0,377.0,462.0,203.62,2.1860814762491483,205.937161479239,gamma_gamma_conditional_expectation,450.2,99.58,Low risk / High value
13294,0.2535876214504242,True,2.0,457.0,463.0,436.87,0.8802245353839687,445.0723925130363,gamma_gamma_conditional_expectation,391.76,99.35,Low risk / High value
16990,0.565748393535614,True,1.0,204.0,239.0,179.0,0.9109352635726694,192.76516435791538,gamma_gamma_conditional_expectation,175.6,99.35,High risk / Low value
16907,0.1720462992787361,False,6.0,292.0,343.0,200.9333333333333,2.840858874971419,203.2458020099837,gamma_gamma_conditional_expectation,577.39,99.34,Low risk / High value
14170,0.4771506547927856,True,2.0,20.0,212.0,217.68,0.9263316689977885,224.7297880134236,gamma_gamma_conditional_expectation,208.17,99.33,High risk / Low value
13785,0.6137598514556885,True,2.0,32.0,277.0,231.13,0.6791796733896067,238.25051446316942,gamma_gamma_conditional_expectation,161.81,99.31,High risk / Low value
16898,0.4871299505233765,False,2.0,208.0,393.0,215.5,0.916026781147742,222.53832454424546,gamma_gamma_conditional_expectation,203.85,99.3,High risk / Low value
16960,0.20361290574073793,False,5.0,395.0,464.0,258.396,1.8663918368976926,261.2924183443476,gamma_gamma_conditional_expectation,487.67,99.3,Low risk / High value
18006,0.5536413431167603,False,2.0,341.0,539.0,240.89,0.722984551430228,248.061837150866,gamma_gamma_conditional_expectation,179.34,99.29,High risk / Low value
17560,0.20361290574073793,False,5.0,456.0,477.0,260.73999999999995,1.8494230143225592,263.6413331810695,gamma_gamma_conditional_expectation,487.58,99.28,Low risk / High value
17190,0.22118866741657256,False,3.0,437.0,461.0,362.0133333333333,1.2218328112922558,367.21006492388403,gamma_gamma_conditional_expectation,448.67,99.24,Low risk / High value
16612,0.13615835905075074,False,6.0,550.0,553.0,375.9666666666667,1.922265064839674,378.5848661918637,gamma_gamma_conditional_expectation,727.74,99.09,Low risk / High value
14437,0.4331237733364105,True,4.0,218.0,400.0,148.34,1.5073305863375213,151.67381738614677,gamma_gamma_conditional_expectation,228.62,99.02,Low risk / Low value
15048,0.5269871115684509,False,1.0,148.0,185.0,157.75,1.0967083379425708,171.29049789131628,gamma_gamma_conditional_expectation,187.86,99.0,High risk / Low value
13843,0.6726304650306701,True,0.0,0.0,198.0,0.0,0.4603272946577759,319.75,own_observed_transaction (Gamma-Gamma unstable at frequency=0),147.19,99.0,High risk / Low value
17556,0.5439133286476135,True,1.0,174.0,196.0,157.9,1.061338027658539,171.442083772257,gamma_gamma_conditional_expectation,181.96,98.97,High risk / Low value
15266,0.4531506597995758,True,4.0,363.0,518.0,160.0525,1.3355040606260051,163.41703155857337,gamma_gamma_conditional_expectation,218.24,98.9,High risk / Low value
16315,0.6478933215141296,True,1.0,206.0,353.0,226.37,0.6343737222522381,240.63598555898827,gamma_gamma_conditional_expectation,152.65,98.9,High risk / Low value
16141,0.7253228545188903,False,0.0,0.0,234.0,0.0,0.4063252420277747,335.54,own_observed_transaction (Gamma-Gamma unstable at frequency=0),136.34,98.89,High risk / Low value
15370,0.11941973194479942,False,3.0,207.0,227.0,375.98,2.1703366247280567,381.2256081365646,gamma_gamma_conditional_expectation,827.39,98.81,Low risk / High value
16565,0.4917847990989685,True,3.0,191.0,372.0,152.6833333333333,1.2779115515342125,157.14751165106227,gamma_gamma_conditional_expectation,200.82,98.76,High risk / Low value
14324,0.6079378128051758,True,1.0,284.0,510.0,339.8,0.45712357579386337,355.2652287263452,gamma_gamma_conditional_expectation,162.4,98.73,High risk / Low value
13110,0.1720462992787361,False,7.0,481.0,555.0,262.64428571428573,2.1671675536735915,264.7182761153433,gamma_gamma_conditional_expectation,573.69,98.7,Low risk / High value
12944,0.6726304650306701,False,0.0,0.0,171.0,0.0,0.511341480431795,286.95,own_observed_transaction (Gamma-Gamma unstable at frequency=0),146.73,98.7,High risk / Low value
12900,0.7253228545188903,True,0.0,0.0,239.0,0.0,0.39981399447275634,340.33,own_observed_transaction (Gamma-Gamma unstable at frequency=0),136.07,98.69,High risk / Low value
16326,0.1562424287199974,False,12.0,466.0,497.0,156.47,4.005902143420705,157.5864272381268,gamma_gamma_conditional_expectation,631.28,98.63,Low risk / High value
12576,0.22265497744083404,False,4.0,308.0,343.0,218.4475,1.9957201329895808,221.9651631785393,gamma_gamma_conditional_expectation,442.98,98.63,Low risk / High value
16476,0.7240516185760498,True,0.0,0.0,248.0,0.0,0.38860641598131573,350.35,own_observed_transaction (Gamma-Gamma unstable at frequency=0),136.15,98.58,High risk / Low value
13733,0.6478933215141296,True,1.0,325.0,552.0,337.93,0.43018158015728175,353.37545807728446,gamma_gamma_conditional_expectation,152.02,98.49,High risk / Low value
14767,0.750517725944519,True,0.0,0.0,291.0,0.0,0.34272581320580775,382.81,own_observed_transaction (Gamma-Gamma unstable at frequency=0),131.2,98.47,High risk / Low value
15766,0.6678120851516723,False,1.0,226.0,499.0,314.4,0.4473103449289953,329.59668622038674,gamma_gamma_conditional_expectation,147.43,98.46,High risk / Low value
14398,0.5989432215690613,True,1.0,126.0,344.0,261.3,0.5955438015389058,275.93528436737915,gamma_gamma_conditional_expectation,164.33,98.42,High risk / Low value
15234,0.6634241104125976,True,0.0,0.0,93.0,0.0,0.752971640174993,197.0,own_observed_transaction (Gamma-Gamma unstable at frequency=0),148.34,98.41,High risk / Low value
14243,0.05202274471521377,False,11.0,231.0,293.0,344.99545454545455,5.459511406879275,346.39294613846795,gamma_gamma_conditional_expectation,1891.14,98.38,Low risk / High value
13220,0.28267852663993837,False,3.0,390.0,392.0,242.16333333333333,1.4091597592590086,246.94064816686074,gamma_gamma_conditional_expectation,347.98,98.37,Low risk / High value
15900,0.5355163812637329,False,2.0,149.0,379.0,206.535,0.8600963547943975,213.52618234186838,gamma_gamma_conditional_expectation,183.65,98.35,High risk / Low value
13761,0.5281712293624878,False,2.0,154.0,473.0,284.81,0.6368403809110137,292.2127892455008,gamma_gamma_conditional_expectation,186.09,98.29,High risk / Low value
16713,0.03407371304929256,False,23.0,489.0,541.0,421.0552173913044,6.836605538893935,421.7578639152112,gamma_gamma_conditional_expectation,2883.39,98.25,Low risk / High value
16912,0.11275306567549706,False,6.0,523.0,547.0,447.79833333333335,1.9339260733467991,450.5420012820831,gamma_gamma_conditional_expectation,871.31,98.24,Low risk / High value
12632,0.6319721579551697,True,1.0,44.0,381.0,374.56,0.3980959340492556,390.3927302030032,gamma_gamma_conditional_expectation,155.41,98.21,High risk / Low value
18036,0.2535876214504242,False,7.0,476.0,538.0,171.1457142857143,2.2362633278458146,173.08274975795123,gamma_gamma_conditional_expectation,387.06,98.15,Low risk / High value
16489,0.6706136584281921,True,1.0,56.0,253.0,193.05,0.7069885596635582,206.9637085393609,gamma_gamma_conditional_expectation,146.32,98.12,High risk / Low value
17480,0.6726304650306701,False,0.0,0.0,261.0,0.0,0.3734868173812382,390.21,own_observed_transaction (Gamma-Gamma unstable at frequency=0),145.74,98.03,High risk / Low value
18272,0.15124253332614898,False,4.0,420.0,462.0,413.235,1.5529654539301576,417.2634624836873,gamma_gamma_conditional_expectation,648.0,98.01,Low risk / High value
13292,0.4168778657913208,False,3.0,242.0,343.0,151.56333333333333,1.506647661276636,156.02359219534375,gamma_gamma_conditional_expectation,235.07,98.0,Low risk / Low value
15319,0.6634241104125976,True,0.0,0.0,100.0,0.0,0.7222734646261884,204.5,own_observed_transaction (Gamma-Gamma unstable at frequency=0),147.7,97.99,High risk / Low value
15264,0.7253228545188903,False,0.0,0.0,347.0,0.0,0.2970784446886204,454.66,own_observed_transaction (Gamma-Gamma unstable at frequency=0),135.07,97.97,High risk / Low value
13281,0.7364726781845092,True,0.0,0.0,256.0,0.0,0.3791602846726981,350.85,own_observed_transaction (Gamma-Gamma unstable at frequency=0),133.03,97.97,High risk / Low value
17610,0.5219449400901794,True,4.0,193.0,550.0,287.86,0.6436426158724013,291.5596864437313,gamma_gamma_conditional_expectation,187.66,97.95,High risk / Low value
16963,0.5364856719970703,True,0.0,0.0,4.0,0.0,1.6512608657716208,110.55,own_observed_transaction (Gamma-Gamma unstable at frequency=0),182.55,97.94,High risk / Low value
14963,0.11275306567549706,False,6.0,342.0,342.0,296.87,2.9014641757645223,299.35004132094707,gamma_gamma_conditional_expectation,868.55,97.93,Low risk / High value
16667,0.6706136584281921,False,0.0,0.0,101.0,0.0,0.7180925102251418,203.35,own_observed_transaction (Gamma-Gamma unstable at frequency=0),146.02,97.92,High risk / Low value
17889,0.3091788232326508,True,4.0,406.0,435.0,189.6075,1.6402748014662716,193.04953485556956,gamma_gamma_conditional_expectation,316.65,97.9,Low risk / Low value
14005,0.43575791716575624,False,0.0,0.0,32.0,0.0,1.1986642714302873,187.16,own_observed_transaction (Gamma-Gamma unstable at frequency=0),224.34,97.76,Low risk / Low value
16784,0.4331237733364105,False,3.0,245.0,438.0,192.82000000000002,1.1425866211130433,197.42463714602317,gamma_gamma_conditional_expectation,225.57,97.7,Low risk / Low value
16906,0.23286690413951874,False,4.0,389.0,392.0,229.10250000000002,1.802028916985753,232.64810422504567,gamma_gamma_conditional_expectation,419.24,97.63,Low risk / High value
14572,0.071237912774086,False,5.0,367.0,438.0,696.246,1.956566212305034,700.0604905536933,gamma_gamma_conditional_expectation,1369.71,97.58,Low risk / High value
14059,0.6626232504844666,True,0.0,0.0,83.0,0.0,0.8016840945414987,183.6,own_observed_transaction (Gamma-Gamma unstable at frequency=0),147.19,97.53,High risk / Low value
17096,0.1012121245265007,False,7.0,294.0,372.0,319.2342857142857,2.9966870953885985,321.3929799451513,gamma_gamma_conditional_expectation,963.11,97.48,Low risk / High value
15634,0.6853560090065003,False,0.0,0.0,200.0,0.0,0.456951908985628,311.1,own_observed_transaction (Gamma-Gamma unstable at frequency=0),142.16,97.43,High risk / Low value
14414,0.5245869994163513,False,1.0,16.0,191.0,217.2,0.8022441998277484,231.3690353708135,gamma_gamma_conditional_expectation,185.61,97.37,High risk / Low value
14748,0.12090909481048584,False,6.0,433.0,462.0,357.3566666666666,2.236761390513208,359.9423600915506,gamma_gamma_conditional_expectation,805.11,97.35,Low risk / High value
16117,0.37060232162475587,True,2.0,402.0,408.0,260.45,0.9807332497688971,267.72469286514325,gamma_gamma_conditional_expectation,262.57,97.31,Low risk / Low value
14453,0.5110155582427979,True,0.0,0.0,7.0,0.0,1.5868044228458593,119.93,own_observed_transaction (Gamma-Gamma unstable at frequency=0),190.31,97.25,High risk / Low value
16306,0.22249653339385986,True,6.0,221.0,251.0,116.72833333333334,3.672543043476499,118.89372107624614,gamma_gamma_conditional_expectation,436.64,97.15,Low risk / High value
17147,0.12829545736312867,False,6.0,491.0,514.0,368.145,2.042532019130865,370.74953741443494,gamma_gamma_conditional_expectation,757.27,97.15,Low risk / High value
14790,0.18537963330745696,False,6.0,475.0,545.0,270.8183333333333,1.9163513650298523,273.2528701894772,gamma_gamma_conditional_expectation,523.65,97.07,Low risk / High value
16140,0.5112597107887268,False,1.0,70.0,258.0,248.28,0.722448408603477,262.7776299017264,gamma_gamma_conditional_expectation,189.84,97.06,High risk / Low value
16184,0.5245869994163513,False,0.0,0.0,28.0,0.0,1.247341050555118,148.22,own_observed_transaction (Gamma-Gamma unstable at frequency=0),184.88,96.99,High risk / Low value
14441,0.09972276166081429,False,7.0,435.0,507.0,412.3142857142857,2.3424929789258204,414.6123019539607,gamma_gamma_conditional_expectation,971.23,96.85,Low risk / High value
18047,0.6137598514556885,True,0.0,0.0,198.0,0.0,0.4603272946577759,342.69,own_observed_transaction (Gamma-Gamma unstable at frequency=0),157.75,96.82,High risk / Low value
15385,0.6151273608207702,False,1.0,285.0,494.0,317.4,0.47320912371748564,332.6284038392007,gamma_gamma_conditional_expectation,157.4,96.82,High risk / Low value
16496,0.12013942822813987,False,3.0,302.0,326.0,487.7633333333333,1.6324187352945487,493.40012881371035,gamma_gamma_conditional_expectation,805.44,96.77,Low risk / High value
18191,0.5715378522872925,True,1.0,216.0,294.0,207.8,0.7612265901347844,221.8696534985297,gamma_gamma_conditional_expectation,168.89,96.53,High risk / Low value
13046,0.567953622341156,False,1.0,190.0,273.0,197.72,0.802833732183838,211.68308229931466,gamma_gamma_conditional_expectation,169.95,96.52,High risk / Low value
18125,0.2108182966709137,False,2.0,115.0,133.0,194.34,2.2743512172273723,201.26705527460814,gamma_gamma_conditional_expectation,457.75,96.5,Low risk / High value
15726,0.6726304650306701,True,0.0,0.0,207.0,0.0,0.44551950404626317,321.91,own_observed_transaction (Gamma-Gamma unstable at frequency=0),143.42,96.47,High risk / Low value
17882,0.6634241104125976,True,0.0,0.0,196.0,0.0,0.463753113914243,313.46,own_observed_transaction (Gamma-Gamma unstable at frequency=0),145.37,96.44,High risk / Low value
18258,0.47978479862213136,True,4.0,108.0,389.0,296.22,0.6700238433331289,299.9416092169639,gamma_gamma_conditional_expectation,200.97,96.42,High risk / Low value
13554,0.3866349279880524,True,5.0,66.0,263.0,306.366,0.8059964918097324,309.36300056173326,gamma_gamma_conditional_expectation,249.35,96.41,Low risk / Low value
13763,0.5145997881889344,False,1.0,18.0,252.0,306.0,0.5834259664423787,321.10787688770756,gamma_gamma_conditional_expectation,187.34,96.41,High risk / Low value
13524,0.5245869994163513,False,0.0,0.0,36.0,0.0,1.1536828049960848,159.2,own_observed_transaction (Gamma-Gamma unstable at frequency=0),183.67,96.35,High risk / Low value
12948,0.28267852663993837,False,4.0,523.0,554.0,252.565,1.330236092293665,256.1721309076974,gamma_gamma_conditional_expectation,340.77,96.33,Low risk / High value
14649,0.11275306567549706,False,5.0,476.0,505.0,482.646,1.7572639399045942,486.0126197670855,gamma_gamma_conditional_expectation,854.05,96.3,Low risk / High value
12765,0.5232261896133423,True,5.0,169.0,458.0,233.516,0.7784525295875413,236.36025062351052,gamma_gamma_conditional_expectation,184.0,96.27,High risk / Low value
12515,0.6726304650306701,True,0.0,0.0,170.0,0.0,0.5134499285791174,278.7,own_observed_transaction (Gamma-Gamma unstable at frequency=0),143.1,96.25,High risk / Low value
16857,0.7253228545188903,True,0.0,0.0,259.0,0.0,0.375735647820242,352.8,own_observed_transaction (Gamma-Gamma unstable at frequency=0),132.56,96.15,High risk / Low value
16263,0.6872607707977295,True,0.0,0.0,240.0,0.0,0.3985367851126046,351.01,own_observed_transaction (Gamma-Gamma unstable at frequency=0),139.89,96.14,High risk / Low value
12494,0.2535876214504242,False,5.0,380.0,393.0,170.708,2.1854542046515673,173.42055648322372,gamma_gamma_conditional_expectation,379.0,96.11,Low risk / High value
17505,0.23286690413951874,False,2.0,400.0,422.0,426.23,0.94972141230899,434.3764423698916,gamma_gamma_conditional_expectation,412.54,96.07,Low risk / High value
14536,0.6657952785491943,True,0.0,0.0,76.0,0.0,0.8397439257356416,171.8,own_observed_transaction (Gamma-Gamma unstable at frequency=0),144.27,96.05,High risk / Low value
13072,0.6756865024566651,True,0.0,0.0,83.0,0.0,0.8016840945414987,177.15,own_observed_transaction (Gamma-Gamma unstable at frequency=0),142.02,95.96,High risk / Low value
17076,0.4284809172153473,False,4.0,462.0,552.0,167.04749999999999,1.313941551359394,170.4303748359372,gamma_gamma_conditional_expectation,223.94,95.95,Low risk / Low value
14542,0.5474150538444519,True,0.0,0.0,2.0,0.0,1.6972698393459487,103.25,own_observed_transaction (Gamma-Gamma unstable at frequency=0),175.24,95.93,High risk / Low value
17121,0.7129017949104309,True,0.0,0.0,219.0,0.0,0.4272015889859949,314.74,own_observed_transaction (Gamma-Gamma unstable at frequency=0),134.46,95.86,High risk / Low value
17830,0.58508460521698,False,1.0,27.0,105.0,99.15,1.4617089768740714,112.07094707048306,gamma_gamma_conditional_expectation,163.82,95.85,High risk / Low value
17302,0.4933562397956848,False,1.0,97.0,122.0,120.27,1.4563011606409941,133.41423910693354,gamma_gamma_conditional_expectation,194.29,95.85,High risk / Low value
17226,0.4771506547927856,True,2.0,357.0,482.0,237.245,0.8217014350968744,244.39767002006133,gamma_gamma_conditional_expectation,200.82,95.82,High risk / Low value
13833,0.7129017949104309,False,0.0,0.0,221.0,0.0,0.4242945483943226,316.56,own_observed_transaction (Gamma-Gamma unstable at frequency=0),134.31,95.75,High risk / Low value
13466,0.2965662062168121,True,3.0,444.0,445.0,250.34666666666666,1.265232558015321,255.1526191900423,gamma_gamma_conditional_expectation,322.83,95.74,Low risk / Low value
13309,0.20540966987609863,False,2.0,186.0,209.0,273.32,1.660387273523618,280.66236940107103,gamma_gamma_conditional_expectation,466.01,95.72,Low risk / High value
17159,0.6678120851516723,False,1.0,168.0,462.0,299.41,0.45571385623471805,314.4482038517129,gamma_gamma_conditional_expectation,143.3,95.7,High risk / Low value
16829,0.6745352268218994,False,0.0,0.0,205.0,0.0,0.44872689457073395,316.1,own_observed_transaction (Gamma-Gamma unstable at frequency=0),141.84,95.68,High risk / Low value
18136,0.19324253499507904,False,3.0,240.0,268.0,255.03333333333333,1.9048998767834924,259.8556869124835,gamma_gamma_conditional_expectation,495.0,95.66,Low risk / High value
18210,0.6113759517669678,False,1.0,115.0,199.0,142.4,1.0039625898146871,155.77820940838473,gamma_gamma_conditional_expectation,156.4,95.62,High risk / Low value
16344,0.5609864950180053,False,2.0,159.0,485.0,266.11,0.6233600777517456,273.4144558172296,gamma_gamma_conditional_expectation,170.44,95.61,High risk / Low value
17688,0.7129017949104309,True,0.0,0.0,210.0,0.0,0.44079378421511184,304.2,own_observed_transaction (Gamma-Gamma unstable at frequency=0),134.09,95.59,High risk / Low value
14570,0.50070139169693,True,1.0,163.0,260.0,217.21,0.8239763240636472,231.37914109620954,gamma_gamma_conditional_expectation,190.65,95.46,High risk / Low value
15885,0.42089284062385557,False,11.0,304.0,504.0,130.84727272727272,1.7168793063255983,132.04089739104032,gamma_gamma_conditional_expectation,226.7,95.42,Low risk / Low value
16399,0.4980672478675842,False,1.0,154.0,206.0,176.61,1.0065077705181702,190.34989598826024,gamma_gamma_conditional_expectation,191.59,95.42,High risk / Low value
17418,0.5821024417877197,False,1.0,64.0,204.0,167.39,0.9049627154036014,181.03241717310522,gamma_gamma_conditional_expectation,163.83,95.37,High risk / Low value
18049,0.6189089059829712,True,1.0,153.0,407.0,283.97,0.515470004961374,298.8449638402169,gamma_gamma_conditional_expectation,154.05,95.34,High risk / Low value
15070,0.4933562397956848,True,2.0,352.0,541.0,259.225,0.7248864496989271,266.4932512368207,gamma_gamma_conditional_expectation,193.18,95.31,High risk / Low value
12351,0.6726304650306701,True,0.0,0.0,192.0,0.0,0.470760657470698,300.93,own_observed_transaction (Gamma-Gamma unstable at frequency=0),141.67,95.29,High risk / Low value
14472,0.17497476637363435,False,5.0,502.0,506.0,305.92600000000004,1.762554440510746,308.92207798146126,gamma_gamma_conditional_expectation,544.49,95.27,Low risk / High value
15542,0.6105547189712525,True,1.0,225.0,554.0,377.72,0.39642083548006934,393.586139428154,gamma_gamma_conditional_expectation,156.03,95.26,High risk / Low value
16780,0.5824150562286377,False,1.0,148.0,224.0,161.89,0.9319483350708458,175.47426820527957,gamma_gamma_conditional_expectation,163.53,95.24,High risk / Low value
17931,0.09269325658679009,False,9.0,406.0,478.0,329.85999999999996,3.0976128249052364,331.550792215707,gamma_gamma_conditional_expectation,1027.02,95.2,Low risk / High value
17734,0.4284809172153473,False,3.0,409.0,459.0,177.65666666666664,1.2186036719502358,182.20823951488146,gamma_gamma_conditional_expectation,222.04,95.14,Low risk / Low value
15906,0.09972276166081429,False,4.0,231.0,267.0,387.99,2.433842631220142,391.95226147767585,gamma_gamma_conditional_expectation,953.95,95.13,Low risk / High value
14104,0.5134156703948974,False,2.0,171.0,377.0,196.95,0.9087403072377,203.8907798867893,gamma_gamma_conditional_expectation,185.28,95.13,High risk / Low value
17854,0.2965662062168121,True,4.0,546.0,548.0,233.8775,1.3496939033421254,237.43562590473292,gamma_gamma_conditional_expectation,320.47,95.04,Low risk / Low value
16617,0.6237118601799011,True,0.0,0.0,52.0,0.0,1.003364558393977,151.85,own_observed_transaction (Gamma-Gamma unstable at frequency=0),152.36,95.03,High risk / Low value
15140,0.12680609449744223,False,3.0,244.0,259.0,375.8166666666666,1.9658915394581677,381.0617032159389,gamma_gamma_conditional_expectation,749.13,94.99,Low risk / High value
12575,0.6609565734863281,True,1.0,69.0,343.0,263.02,0.5175124042618483,277.67346913549915,gamma_gamma_conditional_expectation,143.7,94.98,High risk / Low value
16044,0.7253228545188903,True,0.0,0.0,252.0,0.0,0.3838250670037932,340.84,own_observed_transaction (Gamma-Gamma unstable at frequency=0),130.82,94.89,High risk / Low value
14427,0.6609565734863281,False,1.0,137.0,448.0,305.08,0.44814667595696916,320.17815015127127,gamma_gamma_conditional_expectation,143.49,94.84,High risk / Low value
14758,0.10787879079580306,False,5.0,405.0,427.0,429.07,2.0330032640792473,432.3242830383247,gamma_gamma_conditional_expectation,878.92,94.82,Low risk / High value
17168,0.7364726781845092,True,0.0,0.0,315.0,0.0,0.32154736483221236,400.2,own_observed_transaction (Gamma-Gamma unstable at frequency=0),128.68,94.77,High risk / Low value
14289,0.2535876214504242,False,2.0,90.0,106.0,135.99,2.619548315874866,142.6102234275695,gamma_gamma_conditional_expectation,373.57,94.73,Low risk / High value
17852,0.5609864950180053,False,2.0,343.0,548.0,230.41,0.7106694463933284,237.52672836325738,gamma_gamma_conditional_expectation,168.8,94.69,High risk / Low value
13689,0.7253228545188903,False,0.0,0.0,261.0,0.0,0.3734868173812382,349.5,own_observed_transaction (Gamma-Gamma unstable at frequency=0),130.53,94.68,High risk / Low value
15519,0.6455424785614013,True,1.0,63.0,263.0,197.5,0.6930191957075578,211.46075634060165,gamma_gamma_conditional_expectation,146.55,94.6,High risk / Low value
17075,0.1562424287199974,False,8.0,472.0,542.0,239.4975,2.5040584953754643,241.28159248171252,gamma_gamma_conditional_expectation,604.18,94.4,Low risk / High value
13229,0.5366940498352051,True,0.0,0.0,42.0,0.0,1.0922630402549223,160.95,own_observed_transaction (Gamma-Gamma unstable at frequency=0),175.8,94.35,High risk / Low value
15837,0.7364726781845092,False,0.0,0.0,302.0,0.0,0.3326820528422975,385.03,own_observed_transaction (Gamma-Gamma unstable at frequency=0),128.09,94.33,High risk / Low value
14868,0.12680609449744223,False,3.0,187.0,237.0,354.5,2.067111872516345,359.67043857510555,gamma_gamma_conditional_expectation,743.48,94.28,Low risk / High value
16661,0.603021764755249,True,3.0,182.0,539.0,234.77666666666664,0.6527244590996542,239.5281317565266,gamma_gamma_conditional_expectation,156.35,94.28,High risk / Low value
17035,0.4771506547927856,True,3.0,491.0,553.0,186.33,1.0348929038939703,190.9119252999399,gamma_gamma_conditional_expectation,197.57,94.27,High risk / Low value
18090,0.6726304650306701,True,0.0,0.0,238.0,0.0,0.40109944258974356,349.4,own_observed_transaction (Gamma-Gamma unstable at frequency=0),140.14,94.26,High risk / Low value
17435,0.6853560090065003,True,0.0,0.0,228.0,0.0,0.4144252267414075,331.35,own_observed_transaction (Gamma-Gamma unstable at frequency=0),137.32,94.11,High risk / Low value
15201,0.23286690413951874,False,3.0,407.0,428.0,305.2066666666667,1.302765997293516,310.20460252996975,gamma_gamma_conditional_expectation,404.12,94.11,Low risk / High value
16298,0.3458887755870819,False,4.0,256.0,259.0,104.55,2.524391245194556,107.76898506080539,gamma_gamma_conditional_expectation,272.05,94.1,Low risk / Low value
16767,0.05202274471521377,False,6.0,371.0,407.0,724.1833333333334,2.485431076225013,727.4097631593002,gamma_gamma_conditional_expectation,1807.93,94.05,Low risk / High value
16493,0.3423706591129303,False,4.0,338.0,440.0,170.6875,1.5776687188319554,174.07992015825377,gamma_gamma_conditional_expectation,274.64,94.03,Low risk / Low value
13927,0.6858922481536865,False,0.0,0.0,254.0,0.0,0.38147837370149246,359.27,own_observed_transaction (Gamma-Gamma unstable at frequency=0),137.05,94.0,High risk / Low value
16885,0.5693318009376526,False,1.0,28.0,202.0,190.65,0.8069272456535737,204.5383344443097,gamma_gamma_conditional_expectation,165.05,93.97,High risk / Low value
15244,0.5875641107559204,False,1.0,418.0,483.0,297.94,0.510865787466197,312.96266221849396,gamma_gamma_conditional_expectation,159.88,93.94,High risk / Low value
14978,0.09305609539151191,False,8.0,355.0,407.0,312.245,3.213174561590067,314.1243519669782,gamma_gamma_conditional_expectation,1009.34,93.93,Low risk / High value
17800,0.391142863035202,False,2.0,117.0,151.0,109.4,2.0693616621481845,115.88040065442884,gamma_gamma_conditional_expectation,239.8,93.8,Low risk / Low value
12500,0.12090909481048584,False,10.0,407.0,490.0,232.61599999999999,3.3123252753184786,234.0356933761348,gamma_gamma_conditional_expectation,775.2,93.73,Low risk / High value
14531,0.7364726781845092,True,0.0,0.0,296.0,0.0,0.3380861215411601,376.34,own_observed_transaction (Gamma-Gamma unstable at frequency=0),127.24,93.71,High risk / Low value
16805,0.4455625832080841,False,2.0,365.0,542.0,281.21,0.7286838933265173,288.5938587459405,gamma_gamma_conditional_expectation,210.29,93.7,Low risk / Low value
16470,0.15747735351324083,False,7.0,536.0,545.0,263.17,2.2404767604724087,265.2447772894369,gamma_gamma_conditional_expectation,594.27,93.58,Low risk / High value
13745,0.6850515246391297,False,0.0,0.0,363.0,0.0,0.2861918475880832,477.32,own_observed_transaction (Gamma-Gamma unstable at frequency=0),136.61,93.58,High risk / Low value
16794,0.42152072191238404,False,4.0,244.0,441.0,156.2925,1.3905262862518668,159.6471715553013,gamma_gamma_conditional_expectation,221.99,93.57,Low risk / Low value
14896,0.16362879127264024,True,7.0,529.0,550.0,255.70285714285714,2.21784713862228,257.76645762371083,gamma_gamma_conditional_expectation,571.69,93.54,Low risk / High value
15664,0.5402782797813416,False,2.0,200.0,466.0,228.56,0.7345380319030885,235.66700018987228,gamma_gamma_conditional_expectation,173.11,93.53,High risk / Low value
14082,0.6137598514556885,True,1.0,28.0,209.0,182.25,0.7772605616184773,196.04952511163052,gamma_gamma_conditional_expectation,152.38,93.52,High risk / Low value
13646,0.6634241104125976,True,0.0,0.0,216.0,0.0,0.4316378835763016,326.25,own_observed_transaction (Gamma-Gamma unstable at frequency=0),140.82,93.42,High risk / Low value
17196,0.6726304650306701,True,0.0,0.0,244.0,0.0,0.3935087673089228,352.9,own_observed_transaction (Gamma-Gamma unstable at frequency=0),138.87,93.41,High risk / Low value
14263,0.7253228545188903,True,0.0,0.0,240.0,0.0,0.3985367851126046,322.93,own_observed_transaction (Gamma-Gamma unstable at frequency=0),128.7,93.35,High risk / Low value
14031,0.010804850980639458,False,31.0,540.0,553.0,939.0558064516129,9.190948658200561,939.7519383232226,gamma_gamma_conditional_expectation,8637.21,93.32,Low risk / High value
14097,0.6726304650306701,True,1.0,164.0,462.0,290.86,0.4529595105564736,305.807808638093,gamma_gamma_conditional_expectation,138.52,93.17,High risk / Low value
17469,0.09305609539151191,False,9.0,519.0,540.0,349.7033333333333,2.8473298391986224,351.41721901293613,gamma_gamma_conditional_expectation,1000.6,93.11,Low risk / High value
16252,0.6869562864303589,True,0.0,0.0,199.0,0.0,0.4586333676953811,295.09,own_observed_transaction (Gamma-Gamma unstable at frequency=0),135.34,92.97,High risk / Low value
14647,0.5196419596672058,True,1.0,322.0,340.0,243.22,0.6943305389619474,257.6641328513268,gamma_gamma_conditional_expectation,178.9,92.96,High risk / Low value
13417,0.3538887739181519,False,3.0,464.0,486.0,220.18666666666664,1.1679366526535102,224.88707384676465,gamma_gamma_conditional_expectation,262.65,92.95,Low risk / Low value
13820,0.5695945501327515,True,2.0,262.0,497.0,212.76500000000001,0.7424565369290994,219.7889426230518,gamma_gamma_conditional_expectation,163.18,92.95,High risk / Low value
15199,0.09972276166081429,False,7.0,340.0,392.0,315.70714285714286,2.9313225760956785,317.8605576657027,gamma_gamma_conditional_expectation,931.75,92.92,Low risk / High value
14365,0.6079378128051758,True,1.0,287.0,498.0,310.18,0.46975238976494305,325.3320701032551,gamma_gamma_conditional_expectation,152.83,92.91,High risk / Low value
13981,0.6858522415161132,True,0.0,0.0,232.0,0.0,0.4089897094782953,331.14,own_observed_transaction (Gamma-Gamma unstable at frequency=0),135.43,92.88,High risk / Low value
17634,0.09790458008646966,False,4.0,125.0,154.0,257.255,3.6353046300572993,260.8744296883745,gamma_gamma_conditional_expectation,948.36,92.85,Low risk / High value
17005,0.6287670254707336,True,1.0,118.0,405.0,288.61,0.48629296123472493,303.5340204239825,gamma_gamma_conditional_expectation,147.61,92.81,High risk / Low value
14292,0.05036249086260795,False,6.0,426.0,447.0,795.8249999999999,2.3054198270063044,799.1765663763836,gamma_gamma_conditional_expectation,1842.44,92.79,Low risk / High value
17696,0.052385063469409944,False,19.0,544.0,546.0,305.4710526315789,5.777883578235994,306.2580273049718,gamma_gamma_conditional_expectation,1769.52,92.7,Low risk / High value
13564,0.20361290574073793,False,24.0,383.0,554.0,687.985,0.6609253018887615,688.7747659292744,gamma_gamma_conditional_expectation,455.23,92.69,Low risk / High value
16310,0.6629733800888061,True,1.0,228.0,459.0,269.7,0.4913098011809301,284.4240937000583,gamma_gamma_conditional_expectation,139.74,92.64,High risk / Low value
15469,0.7253228545188903,False,0.0,0.0,255.0,0.0,0.38031578651790554,335.7,own_observed_transaction (Gamma-Gamma unstable at frequency=0),127.67,92.6,High risk / Low value
16204,0.6189089059829712,False,1.0,351.0,548.0,325.26,0.4391277767489664,340.57150400049335,gamma_gamma_conditional_expectation,149.55,92.56,High risk / Low value
14621,0.19324253499507904,False,5.0,496.0,500.0,266.034,1.7809997699032347,268.94643349916083,gamma_gamma_conditional_expectation,478.99,92.56,Low risk / High value
17212,0.42089284062385557,True,2.0,233.0,303.0,172.945,1.2232929122499567,179.7595502640273,gamma_gamma_conditional_expectation,219.9,92.55,Low risk / Low value
14927,0.6883593678474427,True,0.0,0.0,213.0,0.0,0.43616761792830905,308.2,own_observed_transaction (Gamma-Gamma unstable at frequency=0),134.43,92.54,High risk / Low value
14216,0.7253228545188903,False,0.0,0.0,231.0,0.0,0.41033513373981223,310.74,own_observed_transaction (Gamma-Gamma unstable at frequency=0),127.51,92.49,High risk / Low value
13901,0.08944834843277931,False,8.0,447.0,520.0,397.29125,2.5897960611767488,399.2819660963129,gamma_gamma_conditional_expectation,1034.06,92.49,Low risk / High value
15134,0.3538887739181519,False,3.0,209.0,239.0,121.34999999999998,2.078063173463692,125.7045268779843,gamma_gamma_conditional_expectation,261.22,92.44,Low risk / Low value
14477,0.2535876214504242,False,4.0,520.0,521.0,254.5,1.4112367316348686,258.11220513810474,gamma_gamma_conditional_expectation,364.26,92.37,Low risk / High value
15314,0.3458887755870819,True,2.0,229.0,245.0,173.88500000000002,1.4778010723199475,180.70449322780138,gamma_gamma_conditional_expectation,267.05,92.37,Low risk / Low value
14848,0.7001762509346008,True,0.0,0.0,221.0,0.0,0.4242945483943226,310.56,own_observed_transaction (Gamma-Gamma unstable at frequency=0),131.77,92.26,High risk / Low value
17081,0.4531506597995758,False,3.0,260.0,472.0,187.11666666666667,1.061624164593825,191.70134491764694,gamma_gamma_conditional_expectation,203.51,92.22,High risk / Low value
16469,0.45248091220855713,False,1.0,268.0,331.0,276.88,0.698663141861119,291.68000453441977,gamma_gamma_conditional_expectation,203.79,92.21,Low risk / Low value
15735,0.7010849118232727,True,0.0,0.0,238.0,0.0,0.40109944258974356,327.68,own_observed_transaction (Gamma-Gamma unstable at frequency=0),131.43,92.14,High risk / Low value
14968,0.7263887286186218,False,0.0,0.0,275.0,0.0,0.35847035785326725,353.65,own_observed_transaction (Gamma-Gamma unstable at frequency=0),126.77,92.08,High risk / Low value
14699,0.37232802510261537,True,3.0,311.0,342.0,153.38,1.5664818036768813,157.84661631250626,gamma_gamma_conditional_expectation,247.26,92.06,Low risk / Low value
14268,0.7484270572662354,True,0.0,0.0,287.0,0.0,0.34653051285231734,354.85,own_observed_transaction (Gamma-Gamma unstable at frequency=0),122.97,92.03,High risk / Low value
14133,0.6151273608207702,False,1.0,418.0,550.0,318.0,0.44871187996543827,333.2347473629635,gamma_gamma_conditional_expectation,149.53,91.98,High risk / Low value
14818,0.4284809172153473,False,3.0,394.0,464.0,174.12,1.2001728621845964,178.65919623357982,gamma_gamma_conditional_expectation,214.42,91.87,Low risk / Low value
17314,0.1012121245265007,False,11.0,480.0,553.0,273.57363636363635,3.3007900381298376,274.903135099413,gamma_gamma_conditional_expectation,907.4,91.84,Low risk / High value
12538,0.7129017949104309,False,0.0,0.0,195.0,0.0,0.46548529177841397,276.5,own_observed_transaction (Gamma-Gamma unstable at frequency=0),128.71,91.76,High risk / Low value
16027,0.18537963330745696,False,11.0,482.0,517.0,137.80090909090907,3.5602915005593365,139.00115354701163,gamma_gamma_conditional_expectation,494.88,91.74,Low risk / High value
17923,0.540329098701477,True,2.0,262.0,361.0,154.75,1.0498497971762528,161.46887236416666,gamma_gamma_conditional_expectation,169.52,91.6,High risk / Low value
16473,0.4907220959663391,False,2.0,87.0,191.0,108.905,1.6170244468230843,115.38279771073931,gamma_gamma_conditional_expectation,186.58,91.56,High risk / Low value
14730,0.23286690413951874,False,2.0,44.0,93.0,139.215,2.6955427320728416,145.8521820000922,gamma_gamma_conditional_expectation,393.15,91.55,Low risk / High value
17766,0.6634241104125976,True,0.0,0.0,198.0,0.0,0.4603272946577759,299.61,own_observed_transaction (Gamma-Gamma unstable at frequency=0),137.92,91.5,High risk / Low value
14425,0.5944783568382264,True,2.0,303.0,554.0,219.14499999999998,0.6801251659007068,226.20249167505017,gamma_gamma_conditional_expectation,153.85,91.46,High risk / Low value
14421,0.22118866741657256,False,4.0,480.0,508.0,284.11,1.4357544933545996,287.79985266387223,gamma_gamma_conditional_expectation,413.21,91.4,Low risk / High value
18017,0.6189089059829712,False,1.0,121.0,248.0,165.0,0.8265015149624382,178.6171488034501,gamma_gamma_conditional_expectation,147.63,91.37,High risk / Low value
14584,0.18490920066833497,False,6.0,477.0,477.0,223.30499999999998,2.188870352651415,225.65654528282099,gamma_gamma_conditional_expectation,493.93,91.33,Low risk / High value
13542,0.29733841121196747,True,16.0,353.0,546.0,239.26624999999999,1.2789267947246594,240.1575612698349,gamma_gamma_conditional_expectation,307.14,91.32,Low risk / Low value
13660,0.6745352268218994,True,0.0,0.0,217.0,0.0,0.4301488806800971,314.59,own_observed_transaction (Gamma-Gamma unstable at frequency=0),135.32,91.28,High risk / Low value
14871,0.340175062417984,False,6.0,483.0,555.0,140.03166666666667,1.885261012083043,142.23775835858325,gamma_gamma_conditional_expectation,268.16,91.22,Low risk / Low value
17000,0.6189089059829712,True,1.0,12.0,225.0,214.58,0.6424371978460021,228.7213353170493,gamma_gamma_conditional_expectation,146.94,90.94,High risk / Low value
17029,0.16362879127264024,False,5.0,427.0,480.0,301.65999999999997,1.824197855277922,304.64713314636913,gamma_gamma_conditional_expectation,555.74,90.94,Low risk / High value
13433,0.6105547189712525,True,3.0,195.0,513.0,187.70666666666668,0.7744712143265802,192.29340963092724,gamma_gamma_conditional_expectation,148.93,90.93,High risk / Low value
14390,0.06686317846179009,False,5.0,214.0,242.0,420.532,3.2080371520456272,423.76838078750046,gamma_gamma_conditional_expectation,1359.46,90.9,Low risk / High value
17141,0.5431120157241821,True,1.0,266.0,501.0,347.89,0.4603540222884682,363.44076057174686,gamma_gamma_conditional_expectation,167.31,90.87,High risk / Low value
14260,0.6137598514556885,True,1.0,77.0,365.0,285.48,0.4927805373756626,300.3709283750199,gamma_gamma_conditional_expectation,148.02,90.85,High risk / Low value
17619,0.6726304650306701,True,0.0,0.0,129.0,0.0,0.6180243975320795,218.52,own_observed_transaction (Gamma-Gamma unstable at frequency=0),135.05,90.84,High risk / Low value
16264,0.6105547189712525,True,1.0,8.0,263.0,280.05,0.5044120243277196,294.8835194849666,gamma_gamma_conditional_expectation,148.74,90.81,High risk / Low value
17373,0.4531506597995758,False,3.0,337.0,466.0,167.37666666666667,1.16440692623829,171.89226451060782,gamma_gamma_conditional_expectation,200.15,90.7,High risk / Low value
18230,0.07326689809560775,False,4.0,318.0,342.0,611.79,2.007866427676581,616.3391414596672,gamma_gamma_conditional_expectation,1237.53,90.67,Low risk / High value
17250,0.6722629308700562,False,0.0,0.0,78.0,0.0,0.8285029730804067,162.65,own_observed_transaction (Gamma-Gamma unstable at frequency=0),134.76,90.59,High risk / Low value
13904,0.6634241104125976,False,0.0,0.0,111.0,0.0,0.6788148632009405,201.12,own_observed_transaction (Gamma-Gamma unstable at frequency=0),136.52,90.57,High risk / Low value
15081,0.13654545843601226,False,8.0,327.0,352.0,179.15875,3.6669296494209878,180.86383168042622,gamma_gamma_conditional_expectation,663.21,90.56,Low risk / High value
15026,0.31679787039756774,False,3.0,208.0,265.0,146.57666666666668,1.8926029903107888,151.01947461869221,gamma_gamma_conditional_expectation,285.82,90.55,Low risk / Low value
17114,0.2965662062168121,False,3.0,126.0,151.0,101.28333333333332,2.8909006284816896,105.56763662969394,gamma_gamma_conditional_expectation,305.19,90.51,Low risk / Low value
17455,0.5060705184936524,True,0.0,0.0,20.0,0.0,1.3577827240856224,131.7,own_observed_transaction (Gamma-Gamma unstable at frequency=0),178.82,90.5,High risk / Low value
16437,0.6455424785614013,True,1.0,48.0,246.0,183.9,0.7084175136072198,197.71696980197822,gamma_gamma_conditional_expectation,140.07,90.42,High risk / Low value
18128,0.7364726781845092,True,0.0,0.0,354.0,0.0,0.2922151141689482,420.04,own_observed_transaction (Gamma-Gamma unstable at frequency=0),122.74,90.39,High risk / Low value
17236,0.18537963330745696,False,9.0,400.0,459.0,149.46222222222224,3.230266486683004,150.94306938998758,gamma_gamma_conditional_expectation,487.59,90.39,Low risk / High value
13324,0.030810622870922087,False,9.0,360.0,380.0,760.0388888888889,3.8484042223172774,762.2303187984955,gamma_gamma_conditional_expectation,2933.37,90.38,Low risk / High value
15182,0.11275306567549706,False,5.0,388.0,473.0,436.338,1.8232493604520361,439.60752238700013,gamma_gamma_conditional_expectation,801.51,90.37,Low risk / High value
15658,0.13496212363243104,True,7.0,546.0,553.0,300.26000000000005,2.2125826516272467,302.39029354756696,gamma_gamma_conditional_expectation,669.06,90.3,Low risk / High value
15038,0.12680609449744223,False,6.0,238.0,242.0,184.02,3.8200371284607666,186.30292614521778,gamma_gamma_conditional_expectation,711.68,90.25,Low risk / High value
14839,0.49694046974182127,True,2.0,286.0,521.0,245.11,0.7197580067732594,252.30402790312831,gamma_gamma_conditional_expectation,181.6,90.24,High risk / Low value
14904,0.5829169631004334,False,1.0,19.0,244.0,238.05,0.6124396999206124,252.43947282157072,gamma_gamma_conditional_expectation,154.6,90.12,High risk / Low value
15764,0.07326689809560775,False,3.0,294.0,295.0,684.2400000000001,1.7812163849496274,690.5643683328101,gamma_gamma_conditional_expectation,1230.04,90.12,Low risk / High value
12825,0.6726304650306701,True,1.0,120.0,458.0,303.8,0.4198754124222293,318.8846173005773,gamma_gamma_conditional_expectation,133.89,90.06,High risk / Low value
12946,0.7253228545188903,True,0.0,0.0,253.0,0.0,0.3826481117504293,324.45,own_observed_transaction (Gamma-Gamma unstable at frequency=0),124.15,90.05,High risk / Low value
15484,0.6047326803207398,False,1.0,194.0,551.0,372.19,0.38373037194003173,387.9976732841402,gamma_gamma_conditional_expectation,148.89,90.04,High risk / Low value
15214,0.27304708063602445,False,1.0,59.0,59.0,136.7,2.1974397101851255,150.01794593263813,gamma_gamma_conditional_expectation,329.66,90.01,Low risk / Low value
13015,0.052385063469409944,False,7.0,406.0,420.0,609.6485714285715,2.804577765483826,612.241957340493,gamma_gamma_conditional_expectation,1717.08,89.95,Low risk / High value
14083,0.3256571114063263,False,5.0,522.0,538.0,162.826,1.667011891678365,165.52202971571415,gamma_gamma_conditional_expectation,275.93,89.86,Low risk / Low value
17122,0.5355163812637329,False,2.0,111.0,316.0,165.08,0.9756611349588826,171.8531923809603,gamma_gamma_conditional_expectation,167.67,89.79,High risk / Low value
15732,0.1770462989807129,True,8.0,461.0,490.0,181.33375,2.7707510205122845,183.04167974229026,gamma_gamma_conditional_expectation,507.16,89.79,Low risk / High value
14736,0.6726304650306701,True,0.0,0.0,302.0,0.0,0.3326820528422975,401.08,own_observed_transaction (Gamma-Gamma unstable at frequency=0),133.43,89.75,High risk / Low value
15544,0.04562543779611587,False,14.0,469.0,497.0,422.28357142857146,4.644888116480397,423.4391757011996,gamma_gamma_conditional_expectation,1966.83,89.74,Low risk / High value
14614,0.6726304650306701,True,0.0,0.0,203.0,0.0,0.4519809768356928,295.13,own_observed_transaction (Gamma-Gamma unstable at frequency=0),133.39,89.72,High risk / Low value
17955,0.2535876214504242,True,4.0,467.0,482.0,231.22500000000002,1.5066192349655947,234.77617014444593,gamma_gamma_conditional_expectation,353.72,89.7,Low risk / High value
15420,0.5355163812637329,True,5.0,300.0,551.0,129.178,1.270527414016547,131.80347748618334,gamma_gamma_conditional_expectation,167.46,89.68,High risk / Low value
12421,0.4907220959663391,False,2.0,186.0,322.0,157.605,1.109622513205019,164.33888530201233,gamma_gamma_conditional_expectation,182.35,89.48,High risk / Low value
13134,0.09972276166081429,False,4.0,233.0,233.0,323.385,2.741784324653919,327.1778451182632,gamma_gamma_conditional_expectation,897.05,89.46,Low risk / High value
14182,0.5281712293624878,True,3.0,153.0,413.0,173.82333333333335,0.9496378167028006,178.36149137774962,gamma_gamma_conditional_expectation,169.38,89.46,High risk / Low value
16343,0.6726304650306701,False,0.0,0.0,224.0,0.0,0.4200076681188364,316.59,own_observed_transaction (Gamma-Gamma unstable at frequency=0),132.97,89.44,High risk / Low value
14656,0.3965087175369263,False,3.0,320.0,420.0,170.75333333333333,1.2867454357128512,175.28074786966397,gamma_gamma_conditional_expectation,225.54,89.43,Low risk / Low value
15595,0.7552531123161316,True,0.0,0.0,304.0,0.0,0.33091897582342383,357.6,own_observed_transaction (Gamma-Gamma unstable at frequency=0),118.34,89.38,High risk / Low value
15563,0.13615835905075074,False,4.0,480.0,497.0,443.345,1.4665312871884226,447.4524211801027,gamma_gamma_conditional_expectation,656.2,89.35,Low risk / High value
12850,0.726948869228363,True,0.0,0.0,262.0,0.0,0.37237249544261014,330.0,own_observed_transaction (Gamma-Gamma unstable at frequency=0),122.88,89.33,High risk / Low value
17699,0.6726304650306701,True,1.0,85.0,378.0,259.3,0.48443860830987173,273.91413928816985,gamma_gamma_conditional_expectation,132.69,89.25,High risk / Low value
16600,0.22118866741657256,False,8.0,468.0,538.0,158.41750000000002,2.5199164275561223,160.09542197323677,gamma_gamma_conditional_expectation,403.43,89.23,Low risk / High value
17025,0.4531506597995758,False,2.0,268.0,458.0,232.57,0.8208908825398792,239.69808666299352,gamma_gamma_conditional_expectation,196.77,89.17,High risk / Low value
12519,0.7474616885185241,False,0.0,0.0,293.0,0.0,0.34085470037414717,349.7,own_observed_transaction (Gamma-Gamma unstable at frequency=0),119.2,89.1,High risk / Low value
16010,0.09138942882418633,True,9.0,166.0,228.0,179.14,5.396954663680266,180.6553858552986,gamma_gamma_conditional_expectation,974.99,89.1,Low risk / High value
13223,0.31679787039756774,True,5.0,465.0,482.0,150.504,1.8343317513012318,153.17419327455036,gamma_gamma_conditional_expectation,280.97,89.01,Low risk / Low value
13136,0.07326689809560775,False,5.0,519.0,548.0,738.4639999999999,1.6363031796063943,742.3670121307954,gamma_gamma_conditional_expectation,1214.74,89.0,Low risk / High value
12520,0.09790458008646966,False,2.0,69.0,90.0,310.07,2.86201916039173,317.60561825074836,gamma_gamma_conditional_expectation,908.99,88.99,Low risk / High value
15418,0.6482030630111695,True,1.0,161.0,403.0,245.83,0.527185841116034,260.30172717969504,gamma_gamma_conditional_expectation,137.23,88.95,High risk / Low value
14372,0.6189089059829712,True,1.0,156.0,416.0,269.73,0.505113345830864,284.45441087624647,gamma_gamma_conditional_expectation,143.68,88.92,High risk / Low value
17080,0.39685714840888975,False,5.0,257.0,343.0,92.636,2.3514625299269007,95.18485719459052,gamma_gamma_conditional_expectation,223.82,88.82,Low risk / Low value
12672,0.6547488331794739,True,1.0,266.0,412.0,225.9,0.5645277813786109,240.16101646537408,gamma_gamma_conditional_expectation,135.58,88.77,High risk / Low value
16755,0.12829545736312867,False,5.0,504.0,547.0,419.928,1.6339814785714057,423.16311433639976,gamma_gamma_conditional_expectation,691.44,88.71,Low risk / High value
16278,0.6706136584281921,False,1.0,19.0,316.0,291.16,0.4319622402609097,306.1109803999744,gamma_gamma_conditional_expectation,132.23,88.68,High risk / Low value
14192,0.6726304650306701,True,0.0,0.0,205.0,0.0,0.44872689457073395,293.74,own_observed_transaction (Gamma-Gamma unstable at frequency=0),131.81,88.66,High risk / Low value
13041,0.5281712293624878,True,3.0,139.0,406.0,180.99,0.9045531234784207,185.55323789499616,gamma_gamma_conditional_expectation,167.84,88.65,High risk / Low value
13150,0.6726304650306701,True,1.0,146.0,447.0,273.45,0.4570681217844377,288.21374072357577,gamma_gamma_conditional_expectation,131.73,88.61,High risk / Low value
14512,0.2535876214504242,True,6.0,545.0,549.0,178.365,1.9343324857640494,180.6380485526724,gamma_gamma_conditional_expectation,349.41,88.61,Low risk / High value
17166,0.5110155582427979,False,0.0,0.0,20.0,0.0,1.3577827240856224,127.59,own_observed_transaction (Gamma-Gamma unstable at frequency=0),173.24,88.53,High risk / Low value
14549,0.4272350072860718,True,3.0,426.0,554.0,200.11,1.0115735691747996,204.74014860333398,gamma_gamma_conditional_expectation,207.11,88.48,Low risk / Low value
15799,0.23286690413951874,False,2.0,233.0,235.0,240.62,1.5331663294318556,247.79041736339903,gamma_gamma_conditional_expectation,379.9,88.47,Low risk / High value
13573,0.37060232162475587,False,3.0,384.0,454.0,190.66333333333333,1.2223988063725117,195.26042319408896,gamma_gamma_conditional_expectation,238.69,88.46,Low risk / Low value
12956,0.5319321513175964,True,3.0,418.0,541.0,156.29666666666665,1.0340105147017866,160.7734898951066,gamma_gamma_conditional_expectation,166.24,88.43,High risk / Low value
16992,0.057122116535902025,False,9.0,467.0,483.0,490.94,3.1414192604424276,492.8182554358145,gamma_gamma_conditional_expectation,1548.15,88.43,Low risk / High value
16676,0.0895712472498417,False,4.0,205.0,235.0,362.725,2.6911170752750064,366.62100802483843,gamma_gamma_conditional_expectation,986.62,88.37,Low risk / High value
13203,0.168628790974617,False,6.0,480.0,539.0,267.43333333333334,1.941920773244548,269.86195760755567,gamma_gamma_conditional_expectation,524.05,88.37,Low risk / High value
16799,0.6189089059829712,True,1.0,21.0,270.0,247.19,0.5455985349670591,261.67610583355736,gamma_gamma_conditional_expectation,142.77,88.36,High risk / Low value
15052,0.6853560090065003,True,0.0,0.0,136.0,0.0,0.5972398468965967,215.78,own_observed_transaction (Gamma-Gamma unstable at frequency=0),128.87,88.32,High risk / Low value
13296,0.5232261896133423,False,4.0,154.0,394.0,145.94,1.1308203466889186,149.26752376703695,gamma_gamma_conditional_expectation,168.79,88.32,High risk / Low value
14148,0.5574022650718689,True,1.0,181.0,231.0,157.2,0.9272319773994803,170.73468299453373,gamma_gamma_conditional_expectation,158.31,88.24,High risk / Low value
15581,0.07160023152828217,False,23.0,511.0,554.0,181.62608695652176,6.762001737419253,182.2197756188941,gamma_gamma_conditional_expectation,1232.17,88.22,Low risk / High value
13000,0.4933562397956848,False,2.0,466.0,542.0,229.265,0.7564406079359658,236.3757074127028,gamma_gamma_conditional_expectation,178.8,88.21,High risk / Low value
13008,0.5429331600666046,True,2.0,400.0,540.0,211.41,0.7434586890694492,218.4268173933562,gamma_gamma_conditional_expectation,162.39,88.17,High risk / Low value
15778,0.7364726781845092,True,0.0,0.0,248.0,0.0,0.38860641598131573,307.95,own_observed_transaction (Gamma-Gamma unstable at frequency=0),119.67,88.13,High risk / Low value
17356,0.38525718450546265,True,4.0,377.0,505.0,161.2225,1.389587652366002,164.5900996978894,gamma_gamma_conditional_expectation,228.71,88.11,Low risk / Low value
14777,0.6726304650306701,True,0.0,0.0,220.0,0.0,0.4257430891554334,307.56,own_observed_transaction (Gamma-Gamma unstable at frequency=0),130.94,88.07,High risk / Low value
13634,0.07160023152828217,False,10.0,456.0,515.0,378.791,3.2339449923740933,380.36378080320884,gamma_gamma_conditional_expectation,1230.08,88.07,Low risk / High value
16946,0.4531506597995758,True,4.0,264.0,464.0,140.675,1.3489558404725828,143.98871714011477,gamma_gamma_conditional_expectation,194.23,88.02,High risk / Low value
12445,0.7253228545188903,False,0.0,0.0,237.0,0.0,0.4023932096440021,301.58,own_observed_transaction (Gamma-Gamma unstable at frequency=0),121.35,88.02,High risk / Low value
14340,0.5609864950180053,True,0.0,0.0,35.0,0.0,1.1646051286376544,134.7,own_observed_transaction (Gamma-Gamma unstable at frequency=0),156.87,88.0,High risk / Low value
12738,0.6726304650306701,True,0.0,0.0,189.0,0.0,0.4761574567177378,274.7,own_observed_transaction (Gamma-Gamma unstable at frequency=0),130.8,87.98,High risk / Low value
13101,0.4294610917568207,True,3.0,447.0,498.0,175.61666666666667,1.136160425273667,180.1611005062513,gamma_gamma_conditional_expectation,204.69,87.91,Low risk / Low value
18154,0.50070139169693,False,2.0,102.0,307.0,172.055,0.9813634537230406,178.86487022385825,gamma_gamma_conditional_expectation,175.53,87.89,High risk / Low value
13867,0.5433783411979676,False,0.0,0.0,35.0,0.0,1.1646051286376544,138.85,own_observed_transaction (Gamma-Gamma unstable at frequency=0),161.71,87.87,High risk / Low value
14491,0.7253228545188903,False,0.0,0.0,189.0,0.0,0.4761574567177378,254.4,own_observed_transaction (Gamma-Gamma unstable at frequency=0),121.13,87.86,High risk / Low value
18224,0.6756865024566651,True,0.0,0.0,80.0,0.0,0.8175612810623328,158.95,own_observed_transaction (Gamma-Gamma unstable at frequency=0),129.95,87.81,High risk / Low value
13555,0.04562543779611587,False,7.0,488.0,506.0,803.3542857142857,2.387137124738796,806.2376100580094,gamma_gamma_conditional_expectation,1924.6,87.81,Low risk / High value
16936,0.6706136584281921,False,0.0,0.0,202.0,0.0,0.4536258481034158,288.49,own_observed_transaction (Gamma-Gamma unstable at frequency=0),130.87,87.76,High risk / Low value
14852,0.07160023152828217,False,7.0,392.0,461.0,479.87142857142857,2.540567366924566,482.27056424441133,gamma_gamma_conditional_expectation,1225.24,87.73,Low risk / High value
12604,0.6595672130584717,False,0.0,0.0,78.0,0.0,0.8285029730804067,160.5,own_observed_transaction (Gamma-Gamma unstable at frequency=0),132.97,87.7,High risk / Low value
15616,0.726948869228363,True,0.0,0.0,255.0,0.0,0.38031578651790554,317.11,own_observed_transaction (Gamma-Gamma unstable at frequency=0),120.6,87.67,High risk / Low value
13807,0.5557145953178406,True,2.0,368.0,552.0,213.425,0.715480086753102,220.45241321463783,gamma_gamma_conditional_expectation,157.73,87.65,High risk / Low value
14991,0.7145278096199036,True,0.0,0.0,247.0,0.0,0.3898204816649439,314.67,own_observed_transaction (Gamma-Gamma unstable at frequency=0),122.66,87.64,High risk / Low value
17917,0.606226897239685,False,1.0,106.0,179.0,119.55,1.0893915824374991,132.68662687841817,gamma_gamma_conditional_expectation,144.55,87.63,High risk / Low value
17090,0.14829068928956984,False,7.0,281.0,325.0,170.5457142857143,3.4262272353266248,172.48185167882266,gamma_gamma_conditional_expectation,590.96,87.63,Low risk / High value
13781,0.47978479862213136,True,2.0,471.0,538.0,232.195,0.7629944972925886,239.32111473595597,gamma_gamma_conditional_expectation,182.6,87.61,High risk / Low value
15242,0.7253228545188903,True,0.0,0.0,239.0,0.0,0.39981399447275634,302.04,own_observed_transaction (Gamma-Gamma unstable at frequency=0),120.76,87.59,High risk / Low value
13330,0.12829545736312867,False,4.0,469.0,471.0,438.725,1.5406636769404107,442.8203059633163,gamma_gamma_conditional_expectation,682.24,87.53,Low risk / High value
18181,0.5109485030174256,False,3.0,335.0,552.0,174.71666666666667,0.9554047439079786,179.25795094362033,gamma_gamma_conditional_expectation,171.26,87.51,High risk / Low value
16071,0.6105547189712525,False,2.0,128.0,472.0,243.13,0.572555894212616,250.31361612837017,gamma_gamma_conditional_expectation,143.32,87.5,High risk / Low value
14988,0.12680609449744223,True,6.0,391.0,419.0,280.66,2.4314090769394805,283.11172730235097,gamma_gamma_conditional_expectation,688.36,87.29,Low risk / High value
13261,0.538601565361023,True,1.0,17.0,102.0,99.0,1.4476130447005804,111.91936118954236,gamma_gamma_conditional_expectation,162.02,87.26,High risk / Low value
18246,0.6185654997825623,False,1.0,376.0,426.0,232.9,0.5705282033072426,247.2350242426067,gamma_gamma_conditional_expectation,141.05,87.25,High risk / Low value
17268,0.2535876214504242,False,8.0,488.0,548.0,136.37875,2.4908697004430924,138.02781324983184,gamma_gamma_conditional_expectation,343.81,87.19,Low risk / High value
17795,0.6575504064559936,False,0.0,0.0,81.0,0.0,0.81219892837582,163.25,own_observed_transaction (Gamma-Gamma unstable at frequency=0),132.59,87.18,High risk / Low value
16055,0.565748393535614,True,0.0,0.0,37.0,0.0,1.1429656569653117,134.8,own_observed_transaction (Gamma-Gamma unstable at frequency=0),154.07,87.16,High risk / Low value
14817,0.07196685075759887,True,6.0,427.0,444.0,518.9716666666667,2.320869193163944,521.8396531276649,gamma_gamma_conditional_expectation,1211.12,87.16,Low risk / High value
14094,0.6853560090065003,True,0.0,0.0,256.0,0.0,0.3791602846726981,335.22,own_observed_transaction (Gamma-Gamma unstable at frequency=0),127.1,87.11,High risk / Low value
14793,0.7474616885185241,False,0.0,0.0,352.0,0.0,0.2935882800516584,396.91,own_observed_transaction (Gamma-Gamma unstable at frequency=0),116.53,87.1,High risk / Low value
18177,0.2108182966709137,False,6.0,520.0,541.0,209.1,1.953865155413072,211.42673339915922,gamma_gamma_conditional_expectation,413.1,87.09,Low risk / High value
16074,0.7364726781845092,True,0.0,0.0,207.0,0.0,0.44551950404626317,265.25,own_observed_transaction (Gamma-Gamma unstable at frequency=0),118.17,87.03,High risk / Low value
17303,0.7001762509346008,True,0.0,0.0,178.0,0.0,0.4970556379569826,250.04,own_observed_transaction (Gamma-Gamma unstable at frequency=0),124.28,87.02,High risk / Low value
15545,0.6726304650306701,False,0.0,0.0,188.0,0.0,0.4779841048340019,270.66,own_observed_transaction (Gamma-Gamma unstable at frequency=0),129.37,87.02,High risk / Low value
17189,0.4531506597995758,False,3.0,378.0,554.0,189.99666666666667,0.985936818774255,194.59142351806602,gamma_gamma_conditional_expectation,191.85,86.94,High risk / Low value
17051,0.36854363679885865,True,3.0,434.0,445.0,182.24666666666667,1.2628314780406833,186.8143022842994,gamma_gamma_conditional_expectation,235.91,86.94,Low risk / Low value
17698,0.6724875807762146,True,0.0,0.0,77.0,0.0,0.8340852754935126,154.95,own_observed_transaction (Gamma-Gamma unstable at frequency=0),129.24,86.91,High risk / Low value
13965,0.6157037734985351,True,2.0,227.0,520.0,204.14999999999998,0.6676529156443075,211.12864088590973,gamma_gamma_conditional_expectation,140.96,86.79,High risk / Low value
16809,0.23286690413951874,False,5.0,397.0,422.0,178.882,2.051885488094584,181.61169550855018,gamma_gamma_conditional_expectation,372.65,86.78,Low risk / High value
17643,0.6189089059829712,True,1.0,132.0,322.0,203.1,0.6453759334779772,217.11996256238774,gamma_gamma_conditional_expectation,140.12,86.72,High risk / Low value
17900,0.487015563249588,True,0.0,0.0,7.0,0.0,1.5868044228458593,112.2,own_observed_transaction (Gamma-Gamma unstable at frequency=0),178.04,86.71,High risk / Low value
17355,0.6726304650306701,True,0.0,0.0,203.0,0.0,0.4519809768356928,285.11,own_observed_transaction (Gamma-Gamma unstable at frequency=0),128.86,86.68,High risk / Low value
15241,0.11275306567549706,False,6.0,471.0,471.0,343.9066666666667,2.213018805447353,346.468866966929,gamma_gamma_conditional_expectation,766.74,86.45,Low risk / High value
15452,0.2535876214504242,False,3.0,247.0,328.0,210.7266666666667,1.5822274751737082,215.39396844399923,gamma_gamma_conditional_expectation,340.8,86.42,Low risk / High value
13500,0.6726304650306701,False,0.0,0.0,218.0,0.0,0.4286701512326433,299.53,own_observed_transaction (Gamma-Gamma unstable at frequency=0),128.4,86.37,High risk / Low value
17631,0.35659763813018797,False,4.0,498.0,547.0,177.3025,1.339984638851491,180.71226694592525,gamma_gamma_conditional_expectation,242.15,86.35,Low risk / Low value
13070,0.4025745213031769,True,3.0,540.0,549.0,199.16666666666666,1.052429864788384,203.7935140617615,gamma_gamma_conditional_expectation,214.48,86.34,Low risk / Low value
15368,0.7125973105430603,False,0.0,0.0,211.0,0.0,0.43924082417396304,275.8,own_observed_transaction (Gamma-Gamma unstable at frequency=0),121.14,86.32,High risk / Low value
17774,0.11275306567549706,False,6.0,420.0,486.0,358.58,2.116259171975526,361.16783022209245,gamma_gamma_conditional_expectation,764.32,86.18,Low risk / High value
15262,0.4933562397956848,True,2.0,165.0,305.0,145.875,1.1451496924362972,152.54720342427862,gamma_gamma_conditional_expectation,174.69,86.18,High risk / Low value
17869,0.23286690413951874,False,4.0,332.0,364.0,190.9375,1.902770084405316,194.38302256949294,gamma_gamma_conditional_expectation,369.87,86.13,Low risk / High value
16138,0.4771506547927856,True,2.0,212.0,407.0,197.07,0.8844651826354503,204.0114109034413,gamma_gamma_conditional_expectation,180.44,86.1,High risk / Low value
17194,0.5708974480628968,True,1.0,170.0,347.0,226.78,0.6254087742783466,241.05032030022616,gamma_gamma_conditional_expectation,150.75,86.06,High risk / Low value
16579,0.7364726781845092,True,0.0,0.0,242.0,0.0,0.3960067670704817,295.05,own_observed_transaction (Gamma-Gamma unstable at frequency=0),116.84,86.05,High risk / Low value
13002,0.5355163812637329,True,2.0,116.0,251.0,116.875,1.299638784055367,123.3947077333768,gamma_gamma_conditional_expectation,160.37,85.88,High risk / Low value
14001,0.05036249086260795,False,6.0,261.0,310.0,549.2633333333333,3.0817276980248103,552.1842302701679,gamma_gamma_conditional_expectation,1701.68,85.7,Low risk / High value
16988,0.7199904084205627,False,0.0,0.0,196.0,0.0,0.463753113914243,256.55,own_observed_transaction (Gamma-Gamma unstable at frequency=0),118.98,85.66,High risk / Low value
14645,0.6260984539985657,False,1.0,359.0,451.0,240.1,0.5369703876124906,254.51114652776027,gamma_gamma_conditional_expectation,136.66,85.56,High risk / Low value
16014,0.4331237733364105,False,2.0,386.0,494.0,236.555,0.8106166303120498,243.70404167431226,gamma_gamma_conditional_expectation,197.55,85.56,Low risk / Low value
13639,0.7145278096199036,False,0.0,0.0,253.0,0.0,0.3826481117504293,312.93,own_observed_transaction (Gamma-Gamma unstable at frequency=0),119.74,85.56,High risk / Low value
17571,0.4331237733364105,False,2.0,265.0,359.0,179.97500000000002,1.0573896660041326,186.82651732289077,gamma_gamma_conditional_expectation,197.55,85.56,Low risk / Low value
15261,0.4284809172153473,False,2.0,53.0,251.0,192.425,1.0011092969326423,199.34198530053652,gamma_gamma_conditional_expectation,199.56,85.51,Low risk / Low value
16808,0.673669695854187,False,0.0,0.0,91.0,0.0,0.7622313006339315,166.5,own_observed_transaction (Gamma-Gamma unstable at frequency=0),126.91,85.5,High risk / Low value
14947,0.5110155582427979,False,3.0,236.0,441.0,145.45666666666668,1.115549727789278,149.8955551629737,gamma_gamma_conditional_expectation,167.22,85.45,High risk / Low value
16445,0.565748393535614,False,1.0,25.0,228.0,204.15,0.6920266762689692,218.18106372897265,gamma_gamma_conditional_expectation,150.99,85.42,High risk / Low value
14587,0.07509313225746155,False,7.0,147.0,148.0,178.95428571428573,6.286643660790701,180.9030090448957,gamma_gamma_conditional_expectation,1137.27,85.4,Low risk / High value
17558,0.7474616885185241,True,0.0,0.0,210.0,0.0,0.44079378421511184,259.17,own_observed_transaction (Gamma-Gamma unstable at frequency=0),114.24,85.39,High risk / Low value
13487,0.41500407457351685,False,3.0,521.0,551.0,192.10666666666668,1.0452618077849745,196.70880749267863,gamma_gamma_conditional_expectation,205.61,85.33,Low risk / Low value
12626,0.5245869994163513,False,1.0,10.0,143.0,142.1,1.0456713557557828,155.47503764650332,gamma_gamma_conditional_expectation,162.58,85.29,High risk / Low value
15466,0.4771506547927856,False,2.0,347.0,553.0,246.13500000000002,0.7052986835362658,253.33441783703088,gamma_gamma_conditional_expectation,178.68,85.26,High risk / Low value
14782,0.7129017949104309,True,0.0,0.0,136.0,0.0,0.5972398468965967,200.1,own_observed_transaction (Gamma-Gamma unstable at frequency=0),119.51,85.2,High risk / Low value
13747,0.6726304650306701,True,1.0,51.0,241.0,159.2,0.7329809348547471,172.75582807374303,gamma_gamma_conditional_expectation,126.63,85.18,High risk / Low value
15923,0.7033589959144593,True,0.0,0.0,189.0,0.0,0.4761574567177378,254.16,own_observed_transaction (Gamma-Gamma unstable at frequency=0),121.02,85.12,High risk / Low value
17710,0.726948869228363,True,0.0,0.0,240.0,0.0,0.3985367851126046,293.5,own_observed_transaction (Gamma-Gamma unstable at frequency=0),116.97,85.03,High risk / Low value
17748,0.7931843876838685,True,0.0,0.0,344.0,0.0,0.2992127442037006,358.15,own_observed_transaction (Gamma-Gamma unstable at frequency=0),107.16,85.0,High risk / Low value
17422,0.09305609539151191,False,6.0,314.0,351.0,322.7033333333333,2.8080188128388386,325.2284977560941,gamma_gamma_conditional_expectation,913.25,84.98,Low risk / High value
13883,0.04562543779611587,False,9.0,431.0,466.0,575.8133333333333,3.223283594135816,577.7903634672351,gamma_gamma_conditional_expectation,1862.38,84.97,Low risk / High value
15683,0.7474616885185241,False,0.0,0.0,290.0,0.0,0.3436691140888809,330.79,own_observed_transaction (Gamma-Gamma unstable at frequency=0),113.68,84.97,High risk / Low value
15820,0.6872607707977295,True,0.0,0.0,136.0,0.0,0.5972398468965967,206.98,own_observed_transaction (Gamma-Gamma unstable at frequency=0),123.62,84.96,High risk / Low value
15073,0.11275306567549706,False,6.0,496.0,498.0,354.6116666666667,2.1076860278755243,357.19256539808697,gamma_gamma_conditional_expectation,752.85,84.89,Low risk / High value
18058,0.6726304650306701,False,1.0,126.0,484.0,302.7,0.3971784996677109,317.77298750701215,gamma_gamma_conditional_expectation,126.21,84.89,High risk / Low value
16316,0.04562543779611587,False,8.0,287.0,310.0,455.17,4.06879016537969,457.23650564142196,gamma_gamma_conditional_expectation,1860.4,84.88,Low risk / High value
16132,0.6678120851516723,True,1.0,83.0,444.0,310.8,0.3897895105071902,325.95862507781,gamma_gamma_conditional_expectation,127.06,84.85,High risk / Low value
13288,0.5355163812637329,True,4.0,223.0,483.0,140.4625,1.1019867794749056,143.7756598925894,gamma_gamma_conditional_expectation,158.44,84.85,High risk / Low value
16927,0.5825089454650879,False,1.0,85.0,178.0,123.35,1.066757865821736,136.52680252891588,gamma_gamma_conditional_expectation,145.64,84.84,High risk / Low value
16348,0.19324253499507904,False,2.0,239.0,247.0,290.49,1.4727315928614957,297.92265736702916,gamma_gamma_conditional_expectation,438.76,84.79,Low risk / High value
16539,0.057122116535902025,False,8.0,313.0,349.0,401.90125,3.675132699728575,403.89800267801087,gamma_gamma_conditional_expectation,1484.38,84.79,Low risk / High value
14630,0.750517725944519,True,0.0,0.0,301.0,0.0,0.33357067242051036,338.65,own_observed_transaction (Gamma-Gamma unstable at frequency=0),112.96,84.78,High risk / Low value
15404,0.7001762509346008,True,0.0,0.0,192.0,0.0,0.470760657470698,257.06,own_observed_transaction (Gamma-Gamma unstable at frequency=0),121.01,84.73,High risk / Low value
13900,0.1562424287199974,True,5.0,441.0,441.0,270.01800000000003,1.9867559574230933,272.93878704416954,gamma_gamma_conditional_expectation,542.26,84.72,Low risk / High value
15958,0.5920506715774536,False,2.0,147.0,367.0,153.595,0.892235054768647,160.3077988288911,gamma_gamma_conditional_expectation,143.03,84.68,High risk / Low value
12991,0.7253228545188903,False,0.0,0.0,206.0,0.0,0.4471174260588893,261.06,own_observed_transaction (Gamma-Gamma unstable at frequency=0),116.72,84.66,High risk / Low value
15921,0.5695945501327515,False,2.0,244.0,457.0,178.125,0.8034224998362363,184.96678914950562,gamma_gamma_conditional_expectation,148.61,84.65,High risk / Low value
13754,0.6189089059829712,False,1.0,120.0,254.0,156.0,0.8067190965381544,169.52199594700812,gamma_gamma_conditional_expectation,136.76,84.64,High risk / Low value
17187,0.5673132181167603,True,1.0,300.0,343.0,203.95,0.6839921619233279,217.9789492210517,gamma_gamma_conditional_expectation,149.1,84.59,High risk / Low value
17163,0.6616988778114319,False,1.0,230.0,492.0,265.44,0.45612593347490793,280.11905468134245,gamma_gamma_conditional_expectation,127.77,84.55,High risk / Low value
17690,0.04562543779611587,False,13.0,488.0,491.0,419.9561538461539,4.3989333703690034,421.19884782018136,gamma_gamma_conditional_expectation,1852.83,84.54,Low risk / High value
13405,0.23286690413951874,False,4.0,520.0,541.0,263.0875,1.3607961771612473,266.722224493982,gamma_gamma_conditional_expectation,362.95,84.52,Low risk / High value
16413,0.6726304650306701,False,0.0,0.0,192.0,0.0,0.470760657470698,266.78,own_observed_transaction (Gamma-Gamma unstable at frequency=0),125.59,84.48,High risk / Low value
12760,0.7350406289100647,True,0.0,0.0,272.0,0.0,0.36158535494520366,317.8,own_observed_transaction (Gamma-Gamma unstable at frequency=0),114.91,84.46,High risk / Low value
15011,0.6189089059829712,True,1.0,21.0,233.0,193.6,0.6575053835710025,207.51952343614343,gamma_gamma_conditional_expectation,136.45,84.45,High risk / Low value
14733,0.010793289542198181,False,10.0,198.0,219.0,1189.27,6.565018141281827,1191.6915863089896,gamma_gamma_conditional_expectation,7823.48,84.44,Low risk / High value
17021,0.5355163812637329,True,5.0,147.0,406.0,176.098,0.881627388538265,178.8218580915562,gamma_gamma_conditional_expectation,157.65,84.42,High risk / Low value
12745,0.6391617059707642,True,1.0,88.0,391.0,266.93,0.4687527500470838,281.6248077653534,gamma_gamma_conditional_expectation,132.01,84.38,High risk / Low value
15164,0.1770462989807129,False,7.0,482.0,507.0,198.23857142857145,2.3795068059456264,200.2161594500298,gamma_gamma_conditional_expectation,476.42,84.35,Low risk / High value
17031,0.38352381587028506,False,3.0,203.0,398.0,178.83333333333334,1.1989485081250717,183.38902394306197,gamma_gamma_conditional_expectation,219.87,84.33,Low risk / Low value
13209,0.05202274471521377,False,7.0,457.0,501.0,674.72,2.392173490473676,677.4107847316967,gamma_gamma_conditional_expectation,1620.48,84.3,Low risk / High value
12399,0.14957576245069504,False,5.0,461.0,461.0,291.34000000000003,1.912323493786536,294.3054944454432,gamma_gamma_conditional_expectation,562.81,84.18,Low risk / High value
18039,0.47978479862213136,True,3.0,266.0,457.0,152.73333333333332,1.116162726723066,157.197686626764,gamma_gamma_conditional_expectation,175.46,84.18,High risk / Low value
17043,0.3678934574127197,False,4.0,464.0,547.0,168.9025,1.3273669171775202,172.29023927904086,gamma_gamma_conditional_expectation,228.69,84.13,Low risk / Low value
16639,0.22118866741657256,False,2.0,203.0,226.0,235.575,1.5667165899336652,242.7188883716542,gamma_gamma_conditional_expectation,380.27,84.11,Low risk / High value
15402,0.17990920096635818,False,4.0,395.0,408.0,265.175,1.7384576508340572,268.815198631437,gamma_gamma_conditional_expectation,467.32,84.08,Low risk / High value
16883,0.12090909481048584,True,17.0,548.0,552.0,134.5670588235294,5.136828112723918,135.3414353705983,gamma_gamma_conditional_expectation,695.23,84.06,Low risk / High value
17972,0.6455424785614013,True,0.0,0.0,58.0,0.0,0.9567054734575042,136.04,own_observed_transaction (Gamma-Gamma unstable at frequency=0),130.15,84.02,High risk / Low value
13859,0.6047326803207398,True,1.0,203.0,346.0,201.16,0.6457215964868711,215.1594518355547,gamma_gamma_conditional_expectation,138.93,84.02,High risk / Low value
12527,0.46543567776679995,False,3.0,235.0,346.0,117.30666666666667,1.4839784057215653,121.64704384290522,gamma_gamma_conditional_expectation,180.52,84.02,High risk / Low value
16554,0.13496212363243104,False,6.0,502.0,541.0,317.20666666666665,1.9463796721746203,319.7222300578286,gamma_gamma_conditional_expectation,622.3,83.99,Low risk / High value
13515,0.4771506547927856,False,2.0,397.0,461.0,195.0,0.8716113961827191,201.9305258661942,gamma_gamma_conditional_expectation,176.0,83.98,High risk / Low value
17912,0.4712618887424469,True,4.0,65.0,192.0,77.7525,2.202178869988869,80.90121286993224,gamma_gamma_conditional_expectation,178.16,83.96,High risk / Low value
14269,0.7474616885185241,True,0.0,0.0,256.0,0.0,0.3791602846726981,295.73,own_observed_transaction (Gamma-Gamma unstable at frequency=0),112.13,83.81,High risk / Low value
15006,0.7129017949104309,False,0.0,0.0,270.0,0.0,0.36369235482987583,323.05,own_observed_transaction (Gamma-Gamma unstable at frequency=0),117.49,83.76,High risk / Low value
17677,0.010793289542198181,False,23.0,511.0,540.0,1111.3895652173912,6.9727034780715105,1112.4063646355025,gamma_gamma_conditional_expectation,7756.48,83.72,Low risk / High value
15362,0.6297326803207397,True,1.0,290.0,555.0,302.33,0.41867021908124297,317.39907566735843,gamma_gamma_conditional_expectation,132.89,83.69,High risk / Low value
15724,0.4472618937492371,True,2.0,199.0,217.0,109.125,1.6185171263717126,115.60395457460132,gamma_gamma_conditional_expectation,187.11,83.69,Low risk / Low value
14258,0.010793289542198181,False,18.0,536.0,552.0,1429.3433333333332,5.416354051689483,1430.8276493302626,gamma_gamma_conditional_expectation,7749.87,83.65,Low risk / High value
16492,0.7474616885185241,True,0.0,0.0,357.0,0.0,0.2901793291515395,385.56,own_observed_transaction (Gamma-Gamma unstable at frequency=0),111.88,83.63,High risk / Low value
16357,0.5269871115684509,False,1.0,168.0,198.0,137.9,1.0492298787242655,151.23063298016373,gamma_gamma_conditional_expectation,158.68,83.62,High risk / Low value
16448,0.5188624382019043,True,1.0,273.0,288.0,188.89,0.7945602785157209,202.75972677460547,gamma_gamma_conditional_expectation,161.1,83.59,High risk / Low value
13577,0.12680609449744223,False,7.0,484.0,542.0,294.0814285714286,2.2251525723399643,296.20247404225506,gamma_gamma_conditional_expectation,659.1,83.58,Low risk / High value
13592,0.391142863035202,False,2.0,59.0,81.0,64.395,3.0239411551669857,70.63874311756553,gamma_gamma_conditional_expectation,213.61,83.55,Low risk / Low value
13113,0.015555194392800332,False,27.0,429.0,438.0,544.9037037037037,9.840733665729102,545.5502213733872,gamma_gamma_conditional_expectation,5368.61,83.51,Low risk / High value
17581,0.02560810446739197,False,13.0,523.0,553.0,825.39,3.941037611258288,826.9592352775021,gamma_gamma_conditional_expectation,3259.08,83.46,Low risk / High value
13957,0.5914102673530579,True,2.0,241.0,475.0,177.70499999999998,0.7646587156203296,184.5445805912236,gamma_gamma_conditional_expectation,141.11,83.45,High risk / Low value
13479,0.29469274580478666,True,3.0,277.0,294.0,154.67,1.777884566039196,159.14113068561065,gamma_gamma_conditional_expectation,282.93,83.38,Low risk / Low value
12807,0.7281485080718995,True,0.0,0.0,200.0,0.0,0.456951908985628,250.35,own_observed_transaction (Gamma-Gamma unstable at frequency=0),114.4,83.3,High risk / Low value
15759,0.3642070949077606,True,6.0,519.0,554.0,117.53333333333335,1.908119421503915,119.700127170322,gamma_gamma_conditional_expectation,228.4,83.18,Low risk / Low value
13268,0.05230167657136917,False,4.0,69.0,84.0,296.0525,5.304566001914689,299.7736699747968,gamma_gamma_conditional_expectation,1590.17,83.17,Low risk / High value
13835,0.4284809172153473,False,3.0,430.0,462.0,154.9,1.2173824401305207,159.37193557383856,gamma_gamma_conditional_expectation,194.02,83.13,Low risk / Low value
13427,0.42089284062385557,False,3.0,507.0,539.0,180.81000000000003,1.065220583752874,185.37260798247,gamma_gamma_conditional_expectation,197.46,83.11,Low risk / Low value
15227,0.11941973194479942,False,6.0,418.0,450.0,301.97166666666664,2.2858506417867845,304.46061907242995,gamma_gamma_conditional_expectation,695.95,83.11,Low risk / High value
15379,0.03344203867018223,False,6.0,214.0,217.0,595.415,4.151405136788303,598.4165100860166,gamma_gamma_conditional_expectation,2484.27,83.08,Low risk / High value
15598,0.6868428826332093,False,0.0,0.0,244.0,0.0,0.3935087673089228,307.34,own_observed_transaction (Gamma-Gamma unstable at frequency=0),120.94,83.07,High risk / Low value
17375,0.2965662062168121,True,3.0,232.0,248.0,133.36666666666665,2.0322802240310303,137.76324603829772,gamma_gamma_conditional_expectation,279.97,83.03,Low risk / Low value
15540,0.7125973105430603,False,0.0,0.0,192.0,0.0,0.470760657470698,247.38,own_observed_transaction (Gamma-Gamma unstable at frequency=0),116.46,82.99,High risk / Low value
17172,0.6079378128051758,False,1.0,296.0,543.0,301.99,0.43049764535159346,317.0554810038929,gamma_gamma_conditional_expectation,136.49,82.98,High risk / Low value
15495,0.7253228545188903,True,0.0,0.0,196.0,0.0,0.463753113914243,246.5,own_observed_transaction (Gamma-Gamma unstable at frequency=0),114.32,82.92,High risk / Low value
14919,0.7931843876838685,True,0.0,0.0,356.0,0.0,0.2908547588410647,359.35,own_observed_transaction (Gamma-Gamma unstable at frequency=0),104.52,82.9,High risk / Low value
13331,0.7364726781845092,True,0.0,0.0,218.0,0.0,0.4286701512326433,262.4,own_observed_transaction (Gamma-Gamma unstable at frequency=0),112.48,82.84,High risk / Low value
13540,0.6527320265769958,True,1.0,188.0,472.0,263.14,0.45688491960384936,277.7947378402517,gamma_gamma_conditional_expectation,126.92,82.84,High risk / Low value
17963,0.5829169631004334,True,3.0,218.0,506.0,159.13,0.868287624408881,163.61673851820407,gamma_gamma_conditional_expectation,142.07,82.82,High risk / Low value
15373,0.0980560950934887,False,10.0,376.0,403.0,207.823,4.035491736999179,209.2167279471665,gamma_gamma_conditional_expectation,844.29,82.79,Low risk / High value
14998,0.4138260543346405,False,2.0,364.0,422.0,205.505,0.9406415778388567,212.4907661156053,gamma_gamma_conditional_expectation,199.88,82.72,Low risk / Low value
15440,0.5110155582427979,False,0.0,0.0,25.0,0.0,1.286558623037214,125.8,own_observed_transaction (Gamma-Gamma unstable at frequency=0),161.85,82.71,High risk / Low value
15772,0.726948869228363,True,0.0,0.0,235.0,0.0,0.4050060265331567,280.88,own_observed_transaction (Gamma-Gamma unstable at frequency=0),113.76,82.7,High risk / Low value
18149,0.17696212530136107,False,5.0,420.0,452.0,239.004,1.9319378699661094,241.85975771563088,gamma_gamma_conditional_expectation,467.26,82.69,Low risk / High value
16712,0.09123791381716728,False,3.0,189.0,218.0,401.45666666666665,2.2272158070093337,406.79143075578105,gamma_gamma_conditional_expectation,906.01,82.66,Low risk / High value
13485,0.09305609539151191,True,8.0,503.0,553.0,356.24,2.479880606813609,358.17696138385526,gamma_gamma_conditional_expectation,888.24,82.66,Low risk / High value
14066,0.6756865024566651,True,0.0,0.0,83.0,0.0,0.8016840945414987,152.55,own_observed_transaction (Gamma-Gamma unstable at frequency=0),122.3,82.64,High risk / Low value
17536,0.6678120851516723,False,1.0,262.0,499.0,253.55,0.4610223013462355,268.103347185443,gamma_gamma_conditional_expectation,123.6,82.54,High risk / Low value
18178,0.04562543779611587,False,9.0,440.0,476.0,569.6888888888889,3.1641916161753794,571.6587914583698,gamma_gamma_conditional_expectation,1808.84,82.53,Low risk / High value
17471,0.7483565092086792,True,0.0,0.0,291.0,0.0,0.34272581320580775,321.65,own_observed_transaction (Gamma-Gamma unstable at frequency=0),110.24,82.5,High risk / Low value
14077,0.4771506547927856,False,2.0,170.0,212.0,99.805,1.6263656499656476,106.23494561462874,gamma_gamma_conditional_expectation,172.78,82.44,High risk / Low value
16197,0.4771506547927856,True,8.0,254.0,540.0,237.42624999999998,0.7221602816858571,239.20763027567304,gamma_gamma_conditional_expectation,172.75,82.43,High risk / Low value
14162,0.6756865024566651,False,0.0,0.0,109.0,0.0,0.6863206498837101,177.68,own_observed_transaction (Gamma-Gamma unstable at frequency=0),121.95,82.4,High risk / Low value
16075,0.6657952785491943,True,1.0,62.0,381.0,267.23,0.4387255643502738,281.9279795272348,gamma_gamma_conditional_expectation,123.69,82.35,High risk / Low value
16365,0.1275757610797882,False,8.0,475.0,545.0,257.17125,2.4922926311308893,258.97848543958344,gamma_gamma_conditional_expectation,645.45,82.34,Low risk / High value
15737,0.1714916929602623,False,2.0,56.0,59.0,126.925,3.596241833053042,133.49755537798242,gamma_gamma_conditional_expectation,480.09,82.33,Low risk / High value
16779,0.010793289542198181,False,40.0,553.0,553.0,643.83825,11.83900885731314,644.3004773847471,gamma_gamma_conditional_expectation,7627.88,82.33,Low risk / High value
16670,0.05202274471521377,False,12.0,482.0,546.0,433.21333333333337,3.6396501783642217,434.5712435613579,gamma_gamma_conditional_expectation,1581.69,82.28,Low risk / High value
14112,0.07326689809560775,False,6.0,451.0,471.0,506.3983333333333,2.204644280913844,509.24435794400364,gamma_gamma_conditional_expectation,1122.7,82.26,Low risk / High value
17998,0.5486752271652222,True,2.0,358.0,555.0,204.82,0.7072355223644725,211.80216406221678,gamma_gamma_conditional_expectation,149.79,82.19,High risk / Low value
12897,0.3866349279880524,True,3.0,339.0,360.0,136.70000000000002,1.506278622706596,141.10824441841243,gamma_gamma_conditional_expectation,212.55,82.18,Low risk / Low value
14560,0.05689962804317474,False,26.0,541.0,554.0,186.2176923076923,7.725321930893692,186.7446991796177,gamma_gamma_conditional_expectation,1442.66,82.09,Low risk / High value
16472,0.6478933215141296,True,1.0,163.0,414.0,232.56,0.5129731643040745,246.89142957914112,gamma_gamma_conditional_expectation,126.65,82.06,High risk / Low value
16517,0.673669695854187,True,0.0,0.0,94.0,0.0,0.7484262546508726,162.7,own_observed_transaction (Gamma-Gamma unstable at frequency=0),121.77,82.03,High risk / Low value
17849,0.24383000135421753,True,6.0,417.0,452.0,145.44666666666666,2.275294052429097,147.66221674295696,gamma_gamma_conditional_expectation,335.97,81.92,Low risk / High value
12892,0.7129017949104309,True,0.0,0.0,213.0,0.0,0.43616761792830905,263.38,own_observed_transaction (Gamma-Gamma unstable at frequency=0),114.88,81.9,High risk / Low value
13873,0.2965662062168121,False,6.0,428.0,463.0,121.695,2.2290483332932682,123.86906302313244,gamma_gamma_conditional_expectation,276.11,81.88,Low risk / Low value
16977,0.5439133286476135,True,2.0,236.0,448.0,177.89999999999998,0.8147631466112636,184.74060599328308,gamma_gamma_conditional_expectation,150.52,81.87,High risk / Low value
17705,0.3382697284221649,False,4.0,361.0,393.0,132.245,1.7854266761685693,135.5366108029915,gamma_gamma_conditional_expectation,241.99,81.86,Low risk / Low value
16428,0.5355163812637329,True,1.0,84.0,314.0,238.97,0.6032290842035006,253.369199558007,gamma_gamma_conditional_expectation,152.84,81.85,High risk / Low value
17437,0.7364726781845092,True,0.0,0.0,346.0,0.0,0.297786479713064,373.17,own_observed_transaction (Gamma-Gamma unstable at frequency=0),111.12,81.84,High risk / Low value
17393,0.6657952785491943,True,1.0,78.0,305.0,186.55,0.6133693237143621,200.39498703193058,gamma_gamma_conditional_expectation,122.92,81.84,High risk / Low value
17754,0.09305609539151191,False,7.0,468.0,545.0,397.7185714285714,2.1982133321827138,399.9947408243026,gamma_gamma_conditional_expectation,879.27,81.82,Low risk / High value
12450,0.49438589811325073,False,2.0,75.0,291.0,170.95,0.9308430040782469,177.75405961218766,gamma_gamma_conditional_expectation,165.46,81.8,High risk / Low value
17703,0.681148111820221,False,0.0,0.0,235.0,0.0,0.4050060265331567,296.1,own_observed_transaction (Gamma-Gamma unstable at frequency=0),119.92,81.68,High risk / Low value
17535,0.6756865024566651,True,0.0,0.0,97.0,0.0,0.735115717815267,164.4,own_observed_transaction (Gamma-Gamma unstable at frequency=0),120.85,81.66,High risk / Low value
14753,0.7474616885185241,False,0.0,0.0,277.0,0.0,0.3564234190172943,306.36,own_observed_transaction (Gamma-Gamma unstable at frequency=0),109.19,81.62,High risk / Low value
17675,0.010793289542198181,False,45.0,542.0,546.0,562.2717777777777,13.438885001643547,562.6636670390989,gamma_gamma_conditional_expectation,7561.57,81.61,Low risk / High value
16735,0.05559847801923752,False,9.0,492.0,548.0,525.5088888888889,2.7829675364927824,527.4273752362171,gamma_gamma_conditional_expectation,1467.81,81.61,Low risk / High value
16974,0.7129017949104309,True,1.0,42.0,381.0,276.25,0.39302708917116863,291.0433438344688,gamma_gamma_conditional_expectation,114.39,81.55,High risk / Low value
12574,0.7329841494560242,True,0.0,0.0,132.0,0.0,0.6089412288928578,182.45,own_observed_transaction (Gamma-Gamma unstable at frequency=0),111.1,81.43,High risk / Low value
17433,0.6726304650306701,False,0.0,0.0,202.0,0.0,0.4536258481034158,266.8,own_observed_transaction (Gamma-Gamma unstable at frequency=0),121.03,81.41,High risk / Low value
15639,0.6319721579551697,False,1.0,154.0,422.0,245.52,0.4954263227849238,259.9884496924176,gamma_gamma_conditional_expectation,128.81,81.4,High risk / Low value
13516,0.5574022650718689,False,1.0,179.0,234.0,146.0,0.9158023814661832,159.4162705509615,gamma_gamma_conditional_expectation,145.99,81.38,High risk / Low value
13284,0.7129017949104309,True,0.0,0.0,147.0,0.0,0.5672742726320814,201.19,own_observed_transaction (Gamma-Gamma unstable at frequency=0),114.13,81.36,High risk / Low value
17580,0.3177474617958069,True,4.0,170.0,239.0,96.22749999999999,2.5741036476123837,99.42466062537142,gamma_gamma_conditional_expectation,255.93,81.32,Low risk / Low value
14030,0.04047101996839046,False,12.0,486.0,546.0,549.1725,3.6482914846386327,550.6315948380942,gamma_gamma_conditional_expectation,2008.86,81.3,Low risk / High value
13975,0.07160023152828217,False,7.0,460.0,492.0,462.93,2.4381323383908864,465.303777767303,gamma_gamma_conditional_expectation,1134.47,81.23,Low risk / High value
15733,0.6884120464324951,True,0.0,0.0,99.0,0.0,0.7265037259997138,162.3,own_observed_transaction (Gamma-Gamma unstable at frequency=0),117.91,81.17,High risk / Low value
17098,0.5609864950180053,True,2.0,159.0,357.0,145.8,0.9485950467763115,152.47180903887113,gamma_gamma_conditional_expectation,144.63,81.14,High risk / Low value
15893,0.7901283502578735,True,0.0,0.0,298.0,0.0,0.33626531508849644,305.28,own_observed_transaction (Gamma-Gamma unstable at frequency=0),102.66,81.11,High risk / Low value
17992,0.7129017949104309,True,0.0,0.0,206.0,0.0,0.4471174260588893,254.13,own_observed_transaction (Gamma-Gamma unstable at frequency=0),113.63,81.01,High risk / Low value
16650,0.4531506597995758,False,4.0,99.0,336.0,190.07250000000002,0.9230521884353616,193.51575424427213,gamma_gamma_conditional_expectation,178.63,80.95,High risk / Low value
12601,0.23286690413951874,True,5.0,215.0,221.0,97.412,3.4695685980025974,99.97087138408885,gamma_gamma_conditional_expectation,346.86,80.77,Low risk / High value
13729,0.5862612128257751,True,2.0,249.0,501.0,183.425,0.7239051607167223,190.29465905163596,gamma_gamma_conditional_expectation,137.76,80.76,High risk / Low value
17227,0.19324253499507904,False,7.0,437.0,510.0,177.25142857142856,2.329741060246371,179.19760306794035,gamma_gamma_conditional_expectation,417.48,80.67,Low risk / High value
16728,0.3975073277950287,False,1.0,28.0,81.0,102.44,1.7572165993370132,115.39573072578239,gamma_gamma_conditional_expectation,202.78,80.61,Low risk / Low value
16620,0.28267852663993837,False,4.0,478.0,555.0,213.34,1.3133745638423908,216.84426957037124,gamma_gamma_conditional_expectation,284.8,80.51,Low risk / Low value
16242,0.057122116535902025,False,7.0,420.0,451.0,533.8014285714286,2.6279627906616776,536.2812865900828,gamma_gamma_conditional_expectation,1409.33,80.5,Low risk / High value
18242,0.13203922808170318,False,5.0,501.0,514.0,348.052,1.7359088675559045,351.13640665541556,gamma_gamma_conditional_expectation,609.54,80.48,Low risk / High value
18212,0.6260984539985657,True,1.0,351.0,494.0,248.42,0.48881571110084465,262.91911005727104,gamma_gamma_conditional_expectation,128.52,80.47,High risk / Low value
13725,0.09972276166081429,False,5.0,83.0,125.0,160.79000000000002,4.935094790556723,163.48176068518265,gamma_gamma_conditional_expectation,806.8,80.46,Low risk / High value
18236,0.19527957141399382,False,5.0,417.0,420.0,196.19400000000002,2.0702621858157504,198.95999484870822,gamma_gamma_conditional_expectation,411.9,80.44,Low risk / High value
13326,0.7364726781845092,True,0.0,0.0,249.0,0.0,0.38739991182991984,281.76,own_observed_transaction (Gamma-Gamma unstable at frequency=0),109.15,80.39,High risk / Low value
14606,0.010793289542198181,False,135.0,553.0,553.0,188.24311111111112,39.542527270516096,188.34473272673864,gamma_gamma_conditional_expectation,7447.63,80.38,Low risk / High value
15249,0.04562543779611587,False,9.0,427.0,440.0,515.3322222222222,3.4062269345069542,517.2388650712683,gamma_gamma_conditional_expectation,1761.83,80.38,Low risk / High value
13584,0.4907220959663391,True,2.0,369.0,492.0,195.575,0.8086201592612494,202.5085494876517,gamma_gamma_conditional_expectation,163.75,80.36,High risk / Low value
16770,0.09138942882418633,False,7.0,238.0,291.0,234.8642857142857,3.7081253359761486,236.8966950516913,gamma_gamma_conditional_expectation,878.44,80.28,Low risk / High value
17789,0.6547488331794739,True,1.0,380.0,478.0,225.9,0.5104809083486258,240.16101646537408,gamma_gamma_conditional_expectation,122.6,80.27,High risk / Low value
12921,0.010793289542198181,False,36.0,554.0,555.0,698.4519444444445,10.637042003117754,698.981421211669,gamma_gamma_conditional_expectation,7435.09,80.25,Low risk / High value
17007,0.2535876214504242,False,3.0,236.0,254.0,154.24333333333334,1.9936602604165659,158.71297089295598,gamma_gamma_conditional_expectation,316.42,80.24,Low risk / Low value
14185,0.7189401507377624,True,0.0,0.0,148.0,0.0,0.5646992935114857,197.65,own_observed_transaction (Gamma-Gamma unstable at frequency=0),111.61,80.24,High risk / Low value
17692,0.07160023152828217,False,9.0,314.0,357.0,277.7066666666667,4.009446821417522,279.33676337823914,gamma_gamma_conditional_expectation,1119.99,80.19,Low risk / High value
15016,0.5245869994163513,False,2.0,150.0,360.0,159.23000000000002,0.9209225704939403,165.97243031917498,gamma_gamma_conditional_expectation,152.85,80.18,High risk / Low value
18262,0.6260984539985657,False,1.0,209.0,419.0,226.0,0.5328829662054672,240.26207371933452,gamma_gamma_conditional_expectation,128.03,80.16,High risk / Low value
17329,0.4771506547927856,False,2.0,421.0,553.0,222.63,0.7310486482967619,229.7058174503189,gamma_gamma_conditional_expectation,167.93,80.13,High risk / Low value
12525,0.5899480104446411,True,2.0,149.0,464.0,203.64999999999998,0.6444094032764126,210.6260116498597,gamma_gamma_conditional_expectation,135.73,80.07,High risk / Low value
14877,0.6678120851516723,True,1.0,224.0,459.0,230.3,0.4896042751100009,244.6075356396346,gamma_gamma_conditional_expectation,119.76,79.98,High risk / Low value
13446,0.40846019983291626,True,10.0,233.0,480.0,334.07,0.583309148031487,335.59594500484263,gamma_gamma_conditional_expectation,195.76,79.96,Low risk / Low value
16720,0.6189089059829712,False,1.0,346.0,539.0,275.02,0.4458080150145694,289.8003396107551,gamma_gamma_conditional_expectation,129.2,79.96,High risk / Low value
12460,0.7474616885185241,True,0.0,0.0,273.0,0.0,0.36054100837998876,296.65,own_observed_transaction (Gamma-Gamma unstable at frequency=0),106.95,79.94,High risk / Low value
17615,0.2535876214504242,False,4.0,282.0,302.0,138.3,2.223555552229587,141.60748907953734,gamma_gamma_conditional_expectation,314.87,79.85,Low risk / Low value
16034,0.16362879127264024,True,5.0,213.0,226.0,140.73,3.402466162114323,143.37969941187103,gamma_gamma_conditional_expectation,487.84,79.82,Low risk / High value
17171,0.6547488331794739,True,1.0,372.0,478.0,224.91,0.5091484704799885,239.16054965116544,gamma_gamma_conditional_expectation,121.77,79.73,High risk / Low value
14052,0.7001762509346008,False,0.0,0.0,207.0,0.0,0.44551950404626317,255.45,own_observed_transaction (Gamma-Gamma unstable at frequency=0),113.81,79.69,High risk / Low value
13700,0.17990920096635818,False,6.0,430.0,487.0,206.28333333333333,2.119964736465066,208.6051468588109,gamma_gamma_conditional_expectation,442.24,79.56,Low risk / High value
16996,0.12680609449744223,False,5.0,172.0,234.0,193.366,3.1929566237577913,196.12606517368704,gamma_gamma_conditional_expectation,626.22,79.41,Low risk / High value
12829,0.5210475206375123,True,2.0,214.0,367.0,146.5,0.9948364544882353,153.17548996934116,gamma_gamma_conditional_expectation,152.38,79.4,High risk / Low value
12530,0.09305609539151191,False,6.0,409.0,459.0,379.16333333333336,2.2349617580212535,381.7871164784838,gamma_gamma_conditional_expectation,853.28,79.4,Low risk / High value
16574,0.6079378128051758,False,1.0,235.0,475.0,259.43,0.4761920245367282,274.04551371831843,gamma_gamma_conditional_expectation,130.5,79.34,High risk / Low value
14690,0.6137598514556885,False,1.0,18.0,227.0,180.51,0.664912818479302,194.2911288927184,gamma_gamma_conditional_expectation,129.19,79.29,High risk / Low value
12709,0.010793289542198181,False,21.0,540.0,547.0,1155.2290476190476,6.352106068508995,1156.3645844978391,gamma_gamma_conditional_expectation,7345.35,79.28,Low risk / High value
16332,0.4331237733364105,False,4.0,284.0,406.0,107.31,1.6533146578382936,110.5362227227817,gamma_gamma_conditional_expectation,182.75,79.15,Low risk / Low value
17739,0.045987756550312044,False,13.0,536.0,549.0,430.6776923076923,3.982079407551122,431.9290215379464,gamma_gamma_conditional_expectation,1719.98,79.1,Low risk / High value
17019,0.0734184131026268,False,8.0,476.0,554.0,437.92,2.4484031161646618,439.9639175645694,gamma_gamma_conditional_expectation,1077.21,79.09,Low risk / High value
16403,0.7205630898475647,True,0.0,0.0,129.0,0.0,0.6180243975320795,177.5,own_observed_transaction (Gamma-Gamma unstable at frequency=0),109.7,79.05,High risk / Low value
15460,0.7129017949104309,True,0.0,0.0,171.0,0.0,0.511341480431795,216.76,own_observed_transaction (Gamma-Gamma unstable at frequency=0),110.84,79.02,High risk / Low value
14191,0.2535876214504242,False,4.0,544.0,545.0,225.925,1.3564453861500878,229.46227173557838,gamma_gamma_conditional_expectation,311.25,78.93,Low risk / Low value
13187,0.5914096474647522,True,1.0,287.0,441.0,236.02,0.5329292831572753,250.38801056617325,gamma_gamma_conditional_expectation,133.44,78.92,High risk / Low value
17667,0.0750850796699524,False,5.0,443.0,471.0,559.432,1.866791750313587,562.9596226051963,gamma_gamma_conditional_expectation,1050.93,78.91,Low risk / High value
14526,0.6726304650306701,True,0.0,0.0,206.0,0.0,0.4471174260588893,262.4,own_observed_transaction (Gamma-Gamma unstable at frequency=0),117.32,78.91,High risk / Low value
17483,0.4933562397956848,False,1.0,231.0,231.0,155.1,0.9481487154596447,168.61248066136392,gamma_gamma_conditional_expectation,159.87,78.87,High risk / Low value
14949,0.6189089059829712,True,3.0,252.0,538.0,142.84666666666666,0.8651779680619446,147.27642143134386,gamma_gamma_conditional_expectation,127.42,78.86,High risk / Low value
17753,0.6189089059829712,True,2.0,238.0,519.0,180.055,0.681618253363867,186.90693800065876,gamma_gamma_conditional_expectation,127.4,78.85,High risk / Low value
14520,0.6884120464324951,False,0.0,0.0,107.0,0.0,0.6939953755548637,165.0,own_observed_transaction (Gamma-Gamma unstable at frequency=0),114.51,78.83,High risk / Low value
16085,0.1646599367260933,False,8.0,452.0,505.0,176.8875,2.67917404751872,178.58960758364063,gamma_gamma_conditional_expectation,478.47,78.78,Low risk / High value
17872,0.7253228545188903,True,0.0,0.0,198.0,0.0,0.4603272946577759,235.87,own_observed_transaction (Gamma-Gamma unstable at frequency=0),108.58,78.76,High risk / Low value
15754,0.1720462992787361,False,6.0,409.0,472.0,208.415,2.171853173011834,210.74053690916918,gamma_gamma_conditional_expectation,457.7,78.75,Low risk / High value
16503,0.057122116535902025,False,8.0,322.0,353.0,375.39,3.6495819506751115,377.35203742279595,gamma_gamma_conditional_expectation,1377.18,78.67,Low risk / High value
17604,0.27584548890590666,True,5.0,464.0,498.0,157.77,1.776626282073104,160.4554284296791,gamma_gamma_conditional_expectation,285.07,78.64,Low risk / Low value
16952,0.5862612128257751,False,2.0,287.0,545.0,189.565,0.6827002701188369,196.46694607033032,gamma_gamma_conditional_expectation,134.13,78.64,High risk / Low value
17061,0.03443603180348873,False,4.0,40.0,49.0,327.87,6.8788849153892295,331.67460631897467,gamma_gamma_conditional_expectation,2281.55,78.57,Low risk / High value
15857,0.7364726781845092,False,0.0,0.0,247.0,0.0,0.3898204816649439,273.48,own_observed_transaction (Gamma-Gamma unstable at frequency=0),106.61,78.52,High risk / Low value
12386,0.5578670978546143,True,1.0,29.0,183.0,143.0,0.9000320366493342,156.38455293214753,gamma_gamma_conditional_expectation,140.75,78.52,High risk / Low value
12990,0.27710674703121185,False,5.0,434.0,436.0,138.57999999999998,2.005560715762318,141.22519134917812,gamma_gamma_conditional_expectation,283.24,78.49,Low risk / Low value
17210,0.7001762509346008,True,0.0,0.0,209.0,0.0,0.4423578046380255,253.37,own_observed_transaction (Gamma-Gamma unstable at frequency=0),112.08,78.48,High risk / Low value
17868,0.7395287156105042,True,0.0,0.0,203.0,0.0,0.4519809768356928,234.65,own_observed_transaction (Gamma-Gamma unstable at frequency=0),106.06,78.43,High risk / Low value
15536,0.7253228545188903,True,0.0,0.0,226.0,0.0,0.41719771110259707,259.09,own_observed_transaction (Gamma-Gamma unstable at frequency=0),108.09,78.4,High risk / Low value
13012,0.11275306567549706,False,5.0,379.0,409.0,327.298,2.1039705878645716,330.33889022140215,gamma_gamma_conditional_expectation,695.02,78.37,Low risk / High value
12509,0.6884120464324951,True,0.0,0.0,101.0,0.0,0.7180925102251418,158.5,own_observed_transaction (Gamma-Gamma unstable at frequency=0),113.82,78.36,High risk / Low value
16330,0.603021764755249,False,2.0,238.0,479.0,165.495,0.7539804802943463,172.27037464688183,gamma_gamma_conditional_expectation,129.89,78.33,High risk / Low value
13251,0.7253228545188903,True,0.0,0.0,219.0,0.0,0.4272015889859949,252.68,own_observed_transaction (Gamma-Gamma unstable at frequency=0),107.95,78.3,High risk / Low value
13589,0.5402782797813416,False,3.0,284.0,550.0,157.31333333333333,0.8953314809474778,161.7937144010416,gamma_gamma_conditional_expectation,144.86,78.26,High risk / Low value
12947,0.0895712472498417,False,3.0,190.0,190.0,344.95,2.49515556485969,350.087018216077,gamma_gamma_conditional_expectation,873.52,78.24,Low risk / High value
13617,0.5203279376029968,False,4.0,87.0,312.0,155.59249999999997,0.9452642414583586,158.94533591639424,gamma_gamma_conditional_expectation,150.25,78.18,High risk / Low value
13684,0.44922619462013247,True,3.0,336.0,438.0,135.48333333333332,1.2424988368073273,139.88732000967053,gamma_gamma_conditional_expectation,173.81,78.08,Low risk / Low value
14281,0.7607741355895996,True,0.0,0.0,225.0,0.0,0.41859795807927186,245.15,own_observed_transaction (Gamma-Gamma unstable at frequency=0),102.62,78.07,High risk / Low value
13474,0.41500407457351685,True,2.0,259.0,312.0,149.37,1.2054691827140553,156.06058178426832,gamma_gamma_conditional_expectation,188.13,78.07,Low risk / Low value
16602,0.7395287156105042,False,0.0,0.0,205.0,0.0,0.44872689457073395,235.25,own_observed_transaction (Gamma-Gamma unstable at frequency=0),105.56,78.06,High risk / Low value
12888,0.4284809172153473,True,1.0,41.0,72.0,81.36,1.9335309280586008,94.0928615909161,gamma_gamma_conditional_expectation,181.93,77.95,Low risk / Low value
13789,0.7253228545188903,True,0.0,0.0,205.0,0.0,0.44872689457073395,239.46,own_observed_transaction (Gamma-Gamma unstable at frequency=0),107.45,77.94,High risk / Low value
17633,0.4933562397956848,False,2.0,10.0,206.0,184.075,0.826970658253392,190.94807705850099,gamma_gamma_conditional_expectation,157.91,77.91,High risk / Low value
18011,0.6151273608207702,True,1.0,194.0,384.0,205.58,0.5763166873178421,219.6261824606073,gamma_gamma_conditional_expectation,126.57,77.86,High risk / Low value
17629,0.12680609449744223,False,4.0,207.0,238.0,226.91000000000003,2.664087778190856,230.44985474175473,gamma_gamma_conditional_expectation,613.94,77.85,Low risk / High value
16092,0.18490920066833497,False,3.0,382.0,396.0,296.7966666666667,1.3935304959447092,301.7651716169404,gamma_gamma_conditional_expectation,420.52,77.76,Low risk / High value
16998,0.36831660866737365,False,2.0,240.0,261.0,143.55,1.4047586839617594,150.20997747664597,gamma_gamma_conditional_expectation,211.01,77.72,Low risk / Low value
14595,0.4933562397956848,False,2.0,375.0,505.0,192.65,0.789095553093644,199.56816845675903,gamma_gamma_conditional_expectation,157.48,77.69,High risk / Low value
17449,0.07160023152828217,False,8.0,496.0,547.0,431.41249999999997,2.5026893944659427,433.44789629441755,gamma_gamma_conditional_expectation,1084.79,77.67,Low risk / High value
12490,0.057122116535902025,False,11.0,524.0,555.0,403.8627272727272,3.350740885027236,405.3162599211542,gamma_gamma_conditional_expectation,1358.11,77.58,Low risk / High value
18182,0.7534249424934387,True,0.0,0.0,280.0,0.0,0.35339658491154197,291.13,own_observed_transaction (Gamma-Gamma unstable at frequency=0),102.88,77.51,High risk / Low value
14551,0.2965662062168121,False,3.0,477.0,498.0,223.46333333333337,1.143724206421653,228.17520725441744,gamma_gamma_conditional_expectation,260.97,77.39,Low risk / Low value
17996,0.5882045149803161,True,1.0,167.0,363.0,206.83,0.5947575902574301,220.88939813511314,gamma_gamma_conditional_expectation,131.38,77.28,High risk / Low value
17848,0.09102029576897622,False,22.0,484.0,550.0,133.26,6.335922059807881,133.85767628708476,gamma_gamma_conditional_expectation,848.11,77.2,Low risk / High value
13898,0.5355163812637329,True,1.0,86.0,228.0,155.93,0.8503301567841127,169.4512558692358,gamma_gamma_conditional_expectation,144.09,77.16,High risk / Low value
16323,0.565748393535614,True,1.0,381.0,394.0,207.5,0.6151926340029735,221.56648173664826,gamma_gamma_conditional_expectation,136.31,77.12,High risk / Low value
15447,0.4771506547927856,True,3.0,295.0,442.0,130.52666666666667,1.1975662480722924,134.91330741844,gamma_gamma_conditional_expectation,161.57,77.09,High risk / Low value
17765,0.4035755038261414,False,2.0,238.0,265.0,131.275,1.385095571463031,137.87042973161772,gamma_gamma_conditional_expectation,190.96,77.07,Low risk / Low value
14749,0.7347361445426941,True,0.0,0.0,296.0,0.0,0.3380861215411601,310.15,own_observed_transaction (Gamma-Gamma unstable at frequency=0),104.86,77.04,High risk / Low value
13767,0.010793289542198181,False,45.0,535.0,555.0,541.4146666666667,13.170835445495134,541.8017057860482,gamma_gamma_conditional_expectation,7135.98,77.02,Low risk / High value
16750,0.6307745456695557,False,0.0,0.0,49.0,0.0,1.0284613855299178,118.7,own_observed_transaction (Gamma-Gamma unstable at frequency=0),122.08,77.0,High risk / Low value
15888,0.6678120851516723,False,1.0,126.0,343.0,179.1,0.5974453463493956,192.86622161187583,gamma_gamma_conditional_expectation,115.23,76.95,High risk / Low value
13502,0.4168778657913208,False,3.0,274.0,365.0,123.25333333333333,1.4463313223295795,127.61452095302981,gamma_gamma_conditional_expectation,184.57,76.94,Low risk / Low value
18179,0.13522360250353813,False,5.0,411.0,480.0,310.632,1.8138882574235247,313.6379453968254,gamma_gamma_conditional_expectation,568.9,76.93,Low risk / High value
15008,0.6609565734863281,True,1.0,157.0,454.0,240.0,0.45725569894300244,254.4100892737998,gamma_gamma_conditional_expectation,116.33,76.89,High risk / Low value
12907,0.6260984539985657,True,1.0,99.0,311.0,180.48,0.6321459509945107,194.26081171653027,gamma_gamma_conditional_expectation,122.8,76.88,High risk / Low value
17396,0.4138260543346405,False,6.0,70.0,258.0,268.40000000000003,0.6850983030565543,270.8303127515806,gamma_gamma_conditional_expectation,185.55,76.79,Low risk / Low value
12471,0.010793289542198181,False,33.0,522.0,549.0,726.3863636363636,9.774179521342903,726.9728487268914,gamma_gamma_conditional_expectation,7105.56,76.69,Low risk / High value
12841,0.03407371304929256,False,26.0,297.0,336.0,197.4803846153846,11.364431527153531,198.0119252155768,gamma_gamma_conditional_expectation,2250.29,76.68,Low risk / High value
14805,0.396349573135376,False,3.0,308.0,438.0,153.82000000000002,1.2218138729305903,158.2881560986814,gamma_gamma_conditional_expectation,193.4,76.65,Low risk / Low value
14037,0.41116358041763307,False,4.0,368.0,549.0,145.805,1.2491437471345335,149.13216975096202,gamma_gamma_conditional_expectation,186.29,76.6,Low risk / Low value
16424,0.4933562397956848,True,1.0,191.0,199.0,133.56,1.056483613504909,146.8447481582795,gamma_gamma_conditional_expectation,155.14,76.54,High risk / Low value
16293,0.07326689809560775,False,6.0,521.0,545.0,535.51,1.9401552213572821,538.4068739796626,gamma_gamma_conditional_expectation,1044.59,76.53,Low risk / High value
18278,0.750517725944519,False,0.0,0.0,221.0,0.0,0.4242945483943226,240.3,own_observed_transaction (Gamma-Gamma unstable at frequency=0),101.96,76.52,High risk / Low value
12971,0.026596424356102943,False,61.0,534.0,541.0,157.06180327868853,18.288171978787332,157.2813759906983,gamma_gamma_conditional_expectation,2876.39,76.5,Low risk / High value
17888,0.20361290574073793,False,18.0,506.0,535.0,67.05388888888889,5.545529560214686,67.745956783653,gamma_gamma_conditional_expectation,375.69,76.5,Low risk / High value
17454,0.16362879127264024,True,9.0,501.0,510.0,154.33777777777777,3.000349377452156,155.82429906613078,gamma_gamma_conditional_expectation,467.53,76.5,Low risk / High value
16412,0.5319321513175964,False,3.0,280.0,490.0,133.61666666666667,1.041235298817388,138.01412091680635,gamma_gamma_conditional_expectation,143.71,76.44,High risk / Low value
13262,0.4571237683296204,True,2.0,337.0,417.0,170.51999999999998,0.9429171908987636,177.32179846918464,gamma_gamma_conditional_expectation,167.2,76.43,High risk / Low value
13190,0.6189089059829712,True,2.0,188.0,549.0,211.78,0.5641099925626104,218.79876302803322,gamma_gamma_conditional_expectation,123.43,76.39,High risk / Low value
14041,0.673669695854187,True,0.0,0.0,83.0,0.0,0.8016840945414987,141.41,own_observed_transaction (Gamma-Gamma unstable at frequency=0),113.37,76.37,High risk / Low value
14583,0.23286690413951874,False,4.0,436.0,438.0,196.495,1.6401409195780952,199.95509623124414,gamma_gamma_conditional_expectation,327.95,76.37,Low risk / Low value
16740,0.7364726781845092,True,0.0,0.0,212.0,0.0,0.43769880727370053,236.81,own_observed_transaction (Gamma-Gamma unstable at frequency=0),103.65,76.34,High risk / Low value
15336,0.7395287156105042,True,0.0,0.0,218.0,0.0,0.4286701512326433,240.5,own_observed_transaction (Gamma-Gamma unstable at frequency=0),103.1,76.25,High risk / Low value
16201,0.7497851252555847,False,0.0,0.0,232.0,0.0,0.4089897094782953,248.65,own_observed_transaction (Gamma-Gamma unstable at frequency=0),101.7,76.25,High risk / Low value
15191,0.6657952785491943,True,1.0,225.0,505.0,245.3,0.4409113944520683,259.76612373370455,gamma_gamma_conditional_expectation,114.53,76.25,High risk / Low value
12359,0.04562543779611587,False,8.0,545.0,551.0,662.3,2.5124274307481698,664.6377327926378,gamma_gamma_conditional_expectation,1669.85,76.19,Low risk / High value
15856,0.010793289542198181,False,30.0,533.0,553.0,793.9876666666667,8.880314033343613,794.6564036210008,gamma_gamma_conditional_expectation,7056.8,76.17,Low risk / High value
13600,0.6150627493858337,True,1.0,322.0,451.0,219.52,0.5295781580108119,233.71356366269632,gamma_gamma_conditional_expectation,123.77,76.13,High risk / Low value
16962,0.7267184019088745,True,0.0,0.0,226.0,0.0,0.41719771110259707,251.04,own_observed_transaction (Gamma-Gamma unstable at frequency=0),104.73,76.11,High risk / Low value
12902,0.6756865024566651,True,0.0,0.0,81.0,0.0,0.81219892837582,138.68,own_observed_transaction (Gamma-Gamma unstable at frequency=0),112.64,76.11,High risk / Low value
14392,0.7364726781845092,True,0.0,0.0,249.0,0.0,0.38739991182991984,266.4,own_observed_transaction (Gamma-Gamma unstable at frequency=0),103.2,76.0,High risk / Low value
15670,0.6547245621681214,True,1.0,260.0,373.0,173.05,0.6210734664841494,186.75225774726763,gamma_gamma_conditional_expectation,115.99,75.94,High risk / Low value
15212,0.6297326803207397,True,1.0,135.0,193.0,101.8,1.0493075488101933,114.7489643004354,gamma_gamma_conditional_expectation,120.41,75.83,High risk / Low value
17935,0.5319321513175964,False,3.0,335.0,552.0,144.70000000000002,0.9554047439079786,149.13624053068764,gamma_gamma_conditional_expectation,142.49,75.8,High risk / Low value
17162,0.0895712472498417,False,3.0,115.0,122.0,246.95666666666668,3.35877669522916,251.75075583746568,gamma_gamma_conditional_expectation,845.57,75.74,Low risk / High value
16596,0.5695945501327515,False,2.0,363.0,546.0,177.29000000000002,0.7221026813038292,184.1273983253021,gamma_gamma_conditional_expectation,132.96,75.73,High risk / Low value
17989,0.7125973105430603,True,0.0,0.0,196.0,0.0,0.463753113914243,228.83,own_observed_transaction (Gamma-Gamma unstable at frequency=0),106.12,75.62,High risk / Low value
14692,0.13654545843601226,False,10.0,382.0,434.0,146.372,3.7481009284509743,147.70137100869462,gamma_gamma_conditional_expectation,553.6,75.59,Low risk / High value
15473,0.7364726781845092,False,0.0,0.0,261.0,0.0,0.3734868173812382,274.8,own_observed_transaction (Gamma-Gamma unstable at frequency=0),102.63,75.58,High risk / Low value
16442,0.3712525010108948,False,3.0,499.0,543.0,188.21666666666667,1.0557758548920662,192.8051943830848,gamma_gamma_conditional_expectation,203.56,75.57,Low risk / Low value
13313,0.11275306567549706,False,7.0,522.0,554.0,302.2642857142857,2.198787822537269,304.39757927379867,gamma_gamma_conditional_expectation,669.31,75.47,Low risk / High value
13117,0.0895712472498417,False,15.0,406.0,440.0,152.13666666666668,5.49165624156828,153.0266281704599,gamma_gamma_conditional_expectation,840.37,75.27,Low risk / High value
14458,0.7125973105430603,True,0.0,0.0,197.0,0.0,0.46203382949188976,228.62,own_observed_transaction (Gamma-Gamma unstable at frequency=0),105.63,75.27,High risk / Low value
17380,0.5937941670417786,True,2.0,100.0,351.0,150.89999999999998,0.8040809745807943,157.5986272465814,gamma_gamma_conditional_expectation,126.72,75.25,High risk / Low value
12440,0.6657952785491943,True,1.0,255.0,534.0,250.69,0.42556302201530355,265.21310972217367,gamma_gamma_conditional_expectation,112.86,75.14,High risk / Low value
15184,0.4771506547927856,False,2.0,533.0,540.0,197.615,0.7696797519108257,204.55927677073583,gamma_gamma_conditional_expectation,157.45,75.13,High risk / Low value
17627,0.7474616885185241,True,0.0,0.0,295.0,0.0,0.33900395783377174,296.36,own_observed_transaction (Gamma-Gamma unstable at frequency=0),100.47,75.1,High risk / Low value
12982,0.09305609539151191,True,7.0,364.0,423.0,291.8342857142857,2.743048308136965,293.9519676649474,gamma_gamma_conditional_expectation,806.32,75.03,Low risk / High value
15080,0.6537670254707336,True,1.0,74.0,318.0,184.9,0.5772305224824144,198.72754234158288,gamma_gamma_conditional_expectation,114.71,74.99,High risk / Low value
14433,0.7364726781845092,True,0.0,0.0,282.0,0.0,0.3514071698086263,289.6,own_observed_transaction (Gamma-Gamma unstable at frequency=0),101.77,74.95,High risk / Low value
14797,0.7931843876838685,True,0.0,0.0,324.0,0.0,0.31426640609459267,300.31,own_observed_transaction (Gamma-Gamma unstable at frequency=0),94.38,74.86,High risk / Low value
13045,0.6189089059829712,False,1.0,85.0,303.0,178.2,0.6297824879597259,191.95670632623163,gamma_gamma_conditional_expectation,120.89,74.82,High risk / Low value
12651,0.4907220959663391,True,3.0,131.0,282.0,92.91666666666667,1.5682889520948562,97.17169069560612,gamma_gamma_conditional_expectation,152.39,74.78,High risk / Low value
13561,0.1275757610797882,True,9.0,434.0,466.0,180.13555555555556,3.2264102301021738,181.65210002800242,gamma_gamma_conditional_expectation,586.08,74.77,Low risk / High value
17264,0.6726304650306701,True,0.0,0.0,241.0,0.0,0.39726773535803417,279.59,own_observed_transaction (Gamma-Gamma unstable at frequency=0),111.07,74.71,High risk / Low value
14322,0.6137598514556885,True,3.0,230.0,476.0,118.63333333333333,0.989575763689232,122.97835319819086,gamma_gamma_conditional_expectation,121.7,74.69,High risk / Low value
16874,0.7395287156105042,True,0.0,0.0,196.0,0.0,0.463753113914243,217.74,own_observed_transaction (Gamma-Gamma unstable at frequency=0),100.98,74.68,High risk / Low value
15461,0.6726304650306701,True,1.0,171.0,448.0,219.7,0.47427144089814965,233.89546671982512,gamma_gamma_conditional_expectation,110.93,74.61,High risk / Low value
14825,0.057122116535902025,False,16.0,408.0,429.0,216.43375,6.003625518711252,217.31012199982456,gamma_gamma_conditional_expectation,1304.65,74.52,Low risk / High value
13752,0.16362879127264024,False,4.0,343.0,344.0,222.88250000000002,2.010383804546752,226.41179326218605,gamma_gamma_conditional_expectation,455.17,74.48,Low risk / High value
14224,0.16362879127264024,False,6.0,329.0,361.0,163.245,2.749602739977175,165.491638437856,gamma_gamma_conditional_expectation,455.04,74.46,Low risk / High value
13458,0.014496993273496628,False,8.0,199.0,205.0,906.30625,5.639435412208246,908.9634976869862,gamma_gamma_conditional_expectation,5126.04,74.31,Low risk / High value
18138,0.7205630898475647,True,0.0,0.0,112.0,0.0,0.6751235806073147,152.65,own_observed_transaction (Gamma-Gamma unstable at frequency=0),103.06,74.26,High risk / Low value
17429,0.15624253302812577,False,3.0,244.0,246.0,226.56000000000003,2.0546586759112064,231.28271074954398,gamma_gamma_conditional_expectation,475.21,74.25,Low risk / High value
13856,0.22118866741657256,False,9.0,436.0,436.0,96.10555555555555,3.4418000180188146,97.52430679243233,gamma_gamma_conditional_expectation,335.66,74.24,Low risk / High value
15388,0.6756865024566651,True,0.0,0.0,87.0,0.0,0.7814563681947068,140.54,own_observed_transaction (Gamma-Gamma unstable at frequency=0),109.83,74.21,High risk / Low value
14689,0.5110155582427979,True,0.0,0.0,25.0,0.0,1.286558623037214,112.8,own_observed_transaction (Gamma-Gamma unstable at frequency=0),145.12,74.16,High risk / Low value
16598,0.7159578323364257,True,0.0,0.0,102.0,0.0,0.7139600016694384,145.05,own_observed_transaction (Gamma-Gamma unstable at frequency=0),103.56,74.14,High risk / Low value
12887,0.7289673686027527,True,0.0,0.0,200.0,0.0,0.456951908985628,222.4,own_observed_transaction (Gamma-Gamma unstable at frequency=0),101.63,74.08,High risk / Low value
16647,0.42089284062385557,False,2.0,340.0,361.0,155.73000000000002,1.08272465378598,162.45402566682475,gamma_gamma_conditional_expectation,175.89,74.03,Low risk / Low value
12676,0.0895712472498417,False,5.0,293.0,300.0,299.32399999999996,2.7336406252475327,302.30623508383394,gamma_gamma_conditional_expectation,826.4,74.02,Low risk / High value
16649,0.7931843876838685,True,0.0,0.0,337.0,0.0,0.30431432880846054,306.58,own_observed_transaction (Gamma-Gamma unstable at frequency=0),93.3,74.0,High risk / Low value
16209,0.09240890368819236,False,5.0,360.0,363.0,338.992,2.3409327284079797,342.05740988890494,gamma_gamma_conditional_expectation,800.73,73.99,Low risk / High value
15437,0.6467649936676025,True,1.0,378.0,457.0,200.16,0.5332651491269235,214.14887929595002,gamma_gamma_conditional_expectation,114.2,73.86,High risk / Low value
15207,0.5920506715774536,True,2.0,131.0,364.0,137.96,0.862403708535159,144.59058261760663,gamma_gamma_conditional_expectation,124.7,73.83,High risk / Low value
12565,0.7205630898475647,True,0.0,0.0,105.0,0.0,0.7018448364139209,145.92,own_observed_transaction (Gamma-Gamma unstable at frequency=0),102.41,73.79,High risk / Low value
12655,0.7607741355895996,True,0.0,0.0,240.0,0.0,0.3985367851126046,243.35,own_observed_transaction (Gamma-Gamma unstable at frequency=0),96.98,73.78,High risk / Low value
17550,0.09123791381716728,True,6.0,473.0,487.0,374.34666666666664,2.144500237672321,376.9620365367047,gamma_gamma_conditional_expectation,808.4,73.76,Low risk / High value
14784,0.6407037734985351,False,1.0,66.0,206.0,114.68,0.9006454021883256,127.76513861054347,gamma_gamma_conditional_expectation,115.07,73.73,High risk / Low value
14986,0.6047326803207398,True,1.0,308.0,501.0,243.52,0.47237507707625603,257.9673046132082,gamma_gamma_conditional_expectation,121.86,73.69,High risk / Low value
17026,0.4771506547927856,True,2.0,232.0,234.0,93.99000000000001,1.5381683777096107,100.38936759936688,gamma_gamma_conditional_expectation,154.42,73.68,High risk / Low value
14659,0.0895712472498417,False,4.0,128.0,132.0,197.1475,4.092943908845473,200.60930730893963,gamma_gamma_conditional_expectation,821.08,73.55,Low risk / High value
13277,0.5695945501327515,False,2.0,159.0,356.0,129.0,0.9518144470960338,135.58346670759005,gamma_gamma_conditional_expectation,129.05,73.51,High risk / Low value
14798,0.4531506597995758,False,5.0,338.0,465.0,87.776,1.7937014886918359,90.3146668761312,gamma_gamma_conditional_expectation,162.0,73.41,High risk / Low value
17659,0.07138055860996247,False,6.0,202.0,203.0,233.0533333333333,4.365593823401642,235.4219060369613,gamma_gamma_conditional_expectation,1027.76,73.36,Low risk / High value
15962,0.673637843132019,True,0.0,0.0,266.0,0.0,0.36798110037779325,295.83,own_observed_transaction (Gamma-Gamma unstable at frequency=0),108.86,73.33,High risk / Low value
13716,0.673669695854187,True,0.0,0.0,86.0,0.0,0.7864162795299846,138.28,own_observed_transaction (Gamma-Gamma unstable at frequency=0),108.75,73.26,High risk / Low value
15712,0.0895712472498417,False,8.0,555.0,555.0,325.40000000000003,2.4986350451683017,327.29657783080404,gamma_gamma_conditional_expectation,817.79,73.25,Low risk / High value
17981,0.7364726781845092,True,0.0,0.0,227.0,0.0,0.4158068319707154,239.12,own_observed_transaction (Gamma-Gamma unstable at frequency=0),99.43,73.23,High risk / Low value
14201,0.2535876214504242,False,6.0,402.0,405.0,112.54166666666667,2.51728563277541,114.69974155591778,gamma_gamma_conditional_expectation,288.73,73.22,Low risk / Low value
15596,0.057122116535902025,False,7.0,285.0,316.0,360.6557142857143,3.5287243193302347,362.8764080507046,gamma_gamma_conditional_expectation,1280.49,73.14,Low risk / High value
15126,0.6745352268218994,True,1.0,151.0,504.0,257.04,0.39856585057372074,271.6302453486633,gamma_gamma_conditional_expectation,108.26,73.03,High risk / Low value
15174,0.5715378522872925,True,1.0,88.0,227.0,135.75,0.857085871788119,149.0579020200137,gamma_gamma_conditional_expectation,127.76,73.02,High risk / Low value
14046,0.6706136584281921,True,0.0,0.0,101.0,0.0,0.7180925102251418,151.59,own_observed_transaction (Gamma-Gamma unstable at frequency=0),108.86,73.0,High risk / Low value
13088,0.7607741355895996,True,0.0,0.0,234.0,0.0,0.4063252420277747,236.11,own_observed_transaction (Gamma-Gamma unstable at frequency=0),95.94,72.99,High risk / Low value
13650,0.12013942822813987,False,5.0,475.0,499.0,338.40999999999997,1.7774930191866454,341.4741895668178,gamma_gamma_conditional_expectation,606.97,72.92,Low risk / High value
16094,0.07160023152828217,False,7.0,383.0,419.0,362.1614285714286,2.792662171844779,364.3843760873748,gamma_gamma_conditional_expectation,1017.6,72.86,Low risk / High value
13098,0.010793289542198181,False,8.0,132.0,134.0,885.77125,7.5962959083817285,888.4016080546287,gamma_gamma_conditional_expectation,6748.56,72.84,Low risk / High value
13026,0.3256571114063263,False,5.0,506.0,543.0,133.092,1.646732562670465,135.7256842570578,gamma_gamma_conditional_expectation,223.5,72.78,Low risk / Low value
12942,0.4284809172153473,False,1.0,168.0,182.0,137.77,1.1236762384054966,151.09925855001515,gamma_gamma_conditional_expectation,169.79,72.75,Low risk / Low value
13581,0.6407037734985351,True,1.0,105.0,231.0,118.0,0.8658846288894864,131.12023944203096,gamma_gamma_conditional_expectation,113.53,72.74,High risk / Low value
12782,0.052385063469409944,False,8.0,266.0,336.0,375.27125,3.680627298235912,377.2331319251654,gamma_gamma_conditional_expectation,1388.45,72.73,Low risk / High value
16266,0.1836326539516449,False,7.0,473.0,490.0,159.39000000000001,2.45524401544975,161.30943953616824,gamma_gamma_conditional_expectation,396.05,72.73,Low risk / High value
12844,0.6678120851516723,False,1.0,151.0,410.0,199.61,0.5096472273873677,213.59306439916747,gamma_gamma_conditional_expectation,108.86,72.7,High risk / Low value
16824,0.7300049066543579,False,0.0,0.0,210.0,0.0,0.44079378421511184,225.6,own_observed_transaction (Gamma-Gamma unstable at frequency=0),99.44,72.59,High risk / Low value
16346,0.7125973105430603,True,0.0,0.0,202.0,0.0,0.4536258481034158,224.51,own_observed_transaction (Gamma-Gamma unstable at frequency=0),101.84,72.57,High risk / Low value
12836,0.04562543779611587,False,11.0,519.0,555.0,473.6627272727273,3.346087490656381,475.18270882368773,gamma_gamma_conditional_expectation,1590.0,72.54,Low risk / High value
16255,0.07160023152828217,False,10.0,438.0,501.0,305.09299999999996,3.3028897718722257,306.5885977199148,gamma_gamma_conditional_expectation,1012.63,72.5,Low risk / High value
17298,0.5281712293624878,False,2.0,267.0,458.0,160.61,0.8201623335260684,167.35968701067304,gamma_gamma_conditional_expectation,137.26,72.5,High risk / Low value
18266,0.7497851252555847,True,0.0,0.0,251.0,0.0,0.3850093066254072,251.1,own_observed_transaction (Gamma-Gamma unstable at frequency=0),96.68,72.49,High risk / Low value
16145,0.05202274471521377,False,11.0,358.0,401.0,315.3527272727273,4.3990688232530015,316.7219992855778,gamma_gamma_conditional_expectation,1393.28,72.48,Low risk / High value
14404,0.11941973194479942,False,8.0,460.0,536.0,238.685,2.520432175370233,240.46802855055643,gamma_gamma_conditional_expectation,606.08,72.38,Low risk / High value
13527,0.0750850796699524,False,6.0,486.0,504.0,460.5116666666667,2.0798798742120517,463.2775410038445,gamma_gamma_conditional_expectation,963.56,72.35,Low risk / High value
13894,0.7205630898475647,False,0.0,0.0,127.0,0.0,0.624232772353115,160.85,own_observed_transaction (Gamma-Gamma unstable at frequency=0),100.41,72.35,High risk / Low value
13909,0.6706136584281921,True,1.0,98.0,338.0,174.14,0.5743255783263673,187.8537818154367,gamma_gamma_conditional_expectation,107.89,72.35,High risk / Low value
15538,0.4771506547927856,True,5.0,126.0,480.0,562.5,0.2677090690166521,566.0340555058204,gamma_gamma_conditional_expectation,151.53,72.3,High risk / Low value
13068,0.7329841494560242,False,0.0,0.0,136.0,0.0,0.5972398468965967,165.0,own_observed_transaction (Gamma-Gamma unstable at frequency=0),98.54,72.23,High risk / Low value
15543,0.6527320265769958,True,1.0,171.0,276.0,127.86,0.7842245275568244,141.08448468253292,gamma_gamma_conditional_expectation,110.64,72.22,High risk / Low value
16080,0.4907220959663391,False,2.0,176.0,267.0,104.505,1.3256116421162327,110.95966043349902,gamma_gamma_conditional_expectation,147.09,72.18,High risk / Low value
18120,0.5355163812637329,True,0.0,0.0,31.0,0.0,1.2104696477820134,111.15,own_observed_transaction (Gamma-Gamma unstable at frequency=0),134.54,72.05,High risk / Low value
16086,0.11093488410115242,False,7.0,537.0,554.0,292.3014285714286,2.205377125555809,294.4198097408403,gamma_gamma_conditional_expectation,649.31,72.03,Low risk / High value
18078,0.3538887739181519,True,3.0,411.0,445.0,157.28666666666666,1.256411493003056,161.76695441400065,gamma_gamma_conditional_expectation,203.25,71.93,Low risk / Low value
14363,0.6853560090065003,True,1.0,49.0,268.0,149.32,0.6447135361413713,162.771371382449,gamma_gamma_conditional_expectation,104.94,71.92,High risk / Low value
18190,0.3678934574127197,True,4.0,525.0,534.0,138.3,1.3792843577395055,141.60748907953734,gamma_gamma_conditional_expectation,195.32,71.86,Low risk / Low value
16904,0.04562543779611587,False,8.0,186.0,228.0,308.44875,5.075469843678305,310.3231309532535,gamma_gamma_conditional_expectation,1575.04,71.86,Low risk / High value
17683,0.4771506547927856,True,2.0,169.0,371.0,156.41,0.9231215492880674,163.13760142785276,gamma_gamma_conditional_expectation,150.6,71.86,High risk / Low value
16935,0.5281712293624878,True,2.0,40.0,238.0,133.425,0.9713713630751744,140.03173544663284,gamma_gamma_conditional_expectation,136.02,71.84,High risk / Low value
17995,0.5210943579673767,True,2.0,106.0,204.0,81.175,1.5746066705858295,87.50698027940457,gamma_gamma_conditional_expectation,137.79,71.8,High risk / Low value
18061,0.04562543779611587,False,21.0,529.0,552.0,249.90333333333334,6.276925328651591,250.58762375740451,gamma_gamma_conditional_expectation,1572.92,71.77,Low risk / High value
15294,0.7395287156105042,True,0.0,0.0,227.0,0.0,0.4158068319707154,233.35,own_observed_transaction (Gamma-Gamma unstable at frequency=0),97.03,71.76,High risk / Low value
13659,0.04562543779611587,True,10.0,455.0,477.0,447.38500000000005,3.501435832926957,449.02961852493087,gamma_gamma_conditional_expectation,1572.25,71.73,Low risk / High value
18257,0.0750850796699524,False,6.0,453.0,476.0,434.72333333333336,2.1832032940977775,437.4441631702297,gamma_gamma_conditional_expectation,955.03,71.71,Low risk / High value
17059,0.056759797781705854,False,6.0,485.0,499.0,597.9766666666667,2.0996225454103743,600.9826512176826,gamma_gamma_conditional_expectation,1261.84,71.62,Low risk / High value
13226,0.6137598514556885,True,1.0,120.0,210.0,108.21,0.9623883160782076,121.2267342793013,gamma_gamma_conditional_expectation,116.67,71.61,High risk / Low value
13998,0.5862612128257751,True,2.0,130.0,393.0,151.32500000000002,0.771757609219779,158.02586209722398,gamma_gamma_conditional_expectation,121.96,71.5,High risk / Low value
12643,0.04562543779611587,False,6.0,391.0,428.0,654.75,2.3816519825130285,657.855150572963,gamma_gamma_conditional_expectation,1566.78,71.49,Low risk / High value
13948,0.5342952370643616,True,3.0,375.0,552.0,131.03666666666666,0.9880447271918983,135.42509217059757,gamma_gamma_conditional_expectation,133.81,71.49,High risk / Low value
12419,0.6189089059829712,True,1.0,28.0,230.0,152.1,0.6969170484130989,165.58076304254993,gamma_gamma_conditional_expectation,115.4,71.42,High risk / Low value
12347,0.03407371304929256,False,4.0,221.0,221.0,729.435,2.854039192884804,734.2926468014069,gamma_gamma_conditional_expectation,2095.7,71.41,Low risk / High value
12961,0.7253228545188903,True,0.0,0.0,196.0,0.0,0.463753113914243,211.99,own_observed_transaction (Gamma-Gamma unstable at frequency=0),98.31,71.31,High risk / Low value
13782,0.20361290574073793,False,8.0,499.0,550.0,138.82750000000001,2.4908372476265845,140.4797697746546,gamma_gamma_conditional_expectation,349.91,71.25,Low risk / High value
13773,0.6547488331794739,True,1.0,263.0,476.0,210.14,0.48530117771930287,224.23439324120457,gamma_gamma_conditional_expectation,108.82,71.25,High risk / Low value
16683,0.7534616827964783,True,0.0,0.0,350.0,0.0,0.2949744386124333,320.25,own_observed_transaction (Gamma-Gamma unstable at frequency=0),94.47,71.18,High risk / Low value
12529,0.7534616827964783,True,0.0,0.0,345.0,0.0,0.29849790473566723,316.48,own_observed_transaction (Gamma-Gamma unstable at frequency=0),94.47,71.18,High risk / Low value
17458,0.7253228545188903,False,0.0,0.0,198.0,0.0,0.4603272946577759,213.08,own_observed_transaction (Gamma-Gamma unstable at frequency=0),98.09,71.15,High risk / Low value
14851,0.5933535695075989,False,1.0,374.0,447.0,206.13,0.5442603046203475,220.18199735738986,gamma_gamma_conditional_expectation,119.84,71.11,High risk / Low value
13980,0.5570653915405274,False,3.0,217.0,473.0,127.62666666666667,0.9661028654706019,132.00315882774024,gamma_gamma_conditional_expectation,127.53,71.04,High risk / Low value
16632,0.7001762509346008,True,1.0,96.0,398.0,202.0,0.46972530226886233,216.0083327688226,gamma_gamma_conditional_expectation,101.46,71.04,High risk / Low value
15628,0.07160023152828217,False,9.0,471.0,543.0,354.0833333333333,2.7845342184229462,355.80231641114864,gamma_gamma_conditional_expectation,990.74,70.94,Low risk / High value
13674,0.7607741355895996,True,0.0,0.0,249.0,0.0,0.38739991182991984,240.68,own_observed_transaction (Gamma-Gamma unstable at frequency=0),93.24,70.93,High risk / Low value
16707,0.5245869994163513,True,3.0,240.0,457.0,121.70666666666666,1.0711207445660866,126.06244170465659,gamma_gamma_conditional_expectation,135.03,70.83,High risk / Low value
18211,0.6903168082237243,False,0.0,0.0,95.0,0.0,0.7439357981214961,137.9,own_observed_transaction (Gamma-Gamma unstable at frequency=0),102.59,70.82,High risk / Low value
13936,0.5933412432670593,False,1.0,32.0,231.0,154.9,0.7084306279627866,168.410366153443,gamma_gamma_conditional_expectation,119.31,70.79,High risk / Low value
13695,0.2535876214504242,False,5.0,388.0,394.0,125.18400000000001,2.184169304810921,127.80110297344126,gamma_gamma_conditional_expectation,279.14,70.79,Low risk / Low value
12787,0.4771506547927856,False,1.0,221.0,230.0,143.1,0.9481470220559273,156.48561018610798,gamma_gamma_conditional_expectation,148.37,70.79,High risk / Low value
15254,0.6391617059707642,False,1.0,14.0,377.0,337.65,0.3135929231330363,353.09249776619515,gamma_gamma_conditional_expectation,110.73,70.77,High risk / Low value
17363,0.5245869994163513,True,1.0,7.0,219.0,197.64,0.6366737239314609,211.60223649614628,gamma_gamma_conditional_expectation,134.72,70.67,High risk / Low value
15931,0.7497851252555847,True,0.0,0.0,245.0,0.0,0.39227158447725324,239.9,own_observed_transaction (Gamma-Gamma unstable at frequency=0),94.11,70.56,High risk / Low value
13514,0.5824150562286377,False,2.0,254.0,499.0,158.7,0.7320304618409902,165.4396433289619,gamma_gamma_conditional_expectation,121.11,70.54,High risk / Low value
13238,0.5325164914131164,False,2.0,230.0,407.0,140.025,0.9030901739238402,146.66644136249326,gamma_gamma_conditional_expectation,132.45,70.53,High risk / Low value
15611,0.1275757610797882,False,15.0,492.0,500.0,110.49866666666667,4.9624217749419826,111.35956697742927,gamma_gamma_conditional_expectation,552.61,70.5,Low risk / High value
17720,0.08483419418334961,False,7.0,353.0,395.0,281.81857142857143,2.9269290050025365,283.92126187263716,gamma_gamma_conditional_expectation,831.02,70.5,Low risk / High value
15003,0.5393625378608704,True,5.0,209.0,499.0,137.75799999999998,0.9306703565526885,140.40146780148808,gamma_gamma_conditional_expectation,130.67,70.48,High risk / Low value
17388,0.11275306567549706,False,8.0,518.0,546.0,245.78125,2.5223067348285393,247.57357076159207,gamma_gamma_conditional_expectation,624.46,70.41,Low risk / High value
12595,0.7901283502578735,True,0.0,0.0,321.0,0.0,0.31665639366947784,281.02,own_observed_transaction (Gamma-Gamma unstable at frequency=0),88.99,70.31,High risk / Low value
14718,0.7467290878295898,True,0.0,0.0,227.0,0.0,0.4158068319707154,226.42,own_observed_transaction (Gamma-Gamma unstable at frequency=0),94.15,70.3,High risk / Low value
17801,0.49694046974182127,True,2.0,240.0,508.0,194.32,0.7027164082673295,201.24695010516612,gamma_gamma_conditional_expectation,141.42,70.28,High risk / Low value
16887,0.6260984539985657,False,1.0,338.0,555.0,246.02,0.43059656523438355,260.4937359622199,gamma_gamma_conditional_expectation,112.17,70.23,High risk / Low value
16889,0.07160023152828217,True,5.0,371.0,382.0,434.78000000000003,2.239220071409615,438.0462556141278,gamma_gamma_conditional_expectation,980.88,70.23,Low risk / High value
15127,0.7534616827964783,False,0.0,0.0,336.0,0.0,0.30505739287060374,304.97,own_observed_transaction (Gamma-Gamma unstable at frequency=0),93.03,70.09,High risk / Low value
12727,0.05842646434903145,False,6.0,467.0,471.0,539.3183333333333,2.211528025306648,542.2218593315536,gamma_gamma_conditional_expectation,1199.14,70.06,Low risk / High value
13796,0.7534616827964783,True,0.0,0.0,316.0,0.0,0.3207217135685262,289.7,own_observed_transaction (Gamma-Gamma unstable at frequency=0),92.91,70.0,High risk / Low value
17517,0.7205630898475647,True,0.0,0.0,125.0,0.0,0.6305678790304864,153.94,own_observed_transaction (Gamma-Gamma unstable at frequency=0),97.07,69.95,High risk / Low value
17201,0.5609864950180053,False,2.0,144.0,484.0,204.04500000000002,0.590688611261675,211.02308874633925,gamma_gamma_conditional_expectation,124.65,69.93,High risk / Low value
13683,0.7521763443946838,True,0.0,0.0,274.0,0.0,0.3595026934218104,258.6,own_observed_transaction (Gamma-Gamma unstable at frequency=0),92.97,69.93,High risk / Low value
17323,0.2563860297203064,False,6.0,483.0,515.0,131.815,2.03506497293533,134.00673963437197,gamma_gamma_conditional_expectation,272.71,69.92,Low risk / Low value
15316,0.7329841494560242,True,0.0,0.0,143.0,0.0,0.5778146380738111,165.0,own_observed_transaction (Gamma-Gamma unstable at frequency=0),95.34,69.88,High risk / Low value
17689,0.6426938295364379,True,1.0,86.0,291.0,151.08,0.6603340188781638,164.5499790521532,gamma_gamma_conditional_expectation,108.66,69.84,High risk / Low value
17561,0.5245869994163513,False,2.0,343.0,550.0,181.225,0.707775257072126,188.0830904130158,gamma_gamma_conditional_expectation,133.12,69.83,High risk / Low value
13144,0.7032322883605957,True,1.0,99.0,248.0,110.95,0.8008661111659099,123.99570303781807,gamma_gamma_conditional_expectation,99.3,69.83,High risk / Low value
14021,0.1275757610797882,False,5.0,381.0,409.0,257.058,2.105160662481168,259.95161286161124,gamma_gamma_conditional_expectation,547.24,69.81,Low risk / High value
12731,0.014496993273496628,False,9.0,435.0,464.0,1482.1655555555556,3.2412766694884696,1485.197388930886,gamma_gamma_conditional_expectation,4813.94,69.79,Low risk / High value
15691,0.4771506547927856,True,3.0,481.0,550.0,136.5,1.0379850976195903,140.90754451560554,gamma_gamma_conditional_expectation,146.26,69.79,High risk / Low value
16259,0.6189089059829712,True,1.0,195.0,422.0,202.12,0.5217472579718301,216.12960147357518,gamma_gamma_conditional_expectation,112.77,69.79,High risk / Low value
15020,0.7395287156105042,True,0.0,0.0,196.0,0.0,0.463753113914243,203.42,own_observed_transaction (Gamma-Gamma unstable at frequency=0),94.34,69.77,High risk / Low value
16540,0.7497851252555847,True,0.0,0.0,231.0,0.0,0.41033513373981223,226.7,own_observed_transaction (Gamma-Gamma unstable at frequency=0),93.02,69.75,High risk / Low value
14553,0.16362879127264024,False,4.0,291.0,326.0,201.26999999999998,2.079688915936066,204.7426179109314,gamma_gamma_conditional_expectation,425.8,69.67,Low risk / High value
16697,0.6455424785614013,True,0.0,0.0,58.0,0.0,0.9567054734575042,112.75,own_observed_transaction (Gamma-Gamma unstable at frequency=0),107.87,69.63,High risk / Low value
16367,0.47978479862213136,False,1.0,21.0,200.0,170.91,0.7856465656034982,184.58963251251365,gamma_gamma_conditional_expectation,145.02,69.58,High risk / Low value
14271,0.5862612128257751,True,1.0,184.0,226.0,112.32,0.9465009310768068,125.38018741707646,gamma_gamma_conditional_expectation,118.67,69.57,High risk / Low value
14358,0.6189089059829712,True,1.0,39.0,245.0,150.6,0.6849101829076425,164.06490423314295,gamma_gamma_conditional_expectation,112.37,69.55,High risk / Low value
13383,0.7901283502578735,True,0.0,0.0,360.0,0.0,0.2881717682417687,305.28,own_observed_transaction (Gamma-Gamma unstable at frequency=0),87.97,69.51,High risk / Low value
15226,0.7205630898475647,True,0.0,0.0,127.0,0.0,0.624232772353115,154.41,own_observed_transaction (Gamma-Gamma unstable at frequency=0),96.39,69.46,High risk / Low value
18007,0.7125973105430603,True,0.0,0.0,209.0,0.0,0.4423578046380255,220.32,own_observed_transaction (Gamma-Gamma unstable at frequency=0),97.46,69.45,High risk / Low value
12678,0.010793289542198181,False,9.0,514.0,518.0,2167.42,2.9622604108416524,2171.2493253342855,gamma_gamma_conditional_expectation,6431.81,69.42,Low risk / High value
15367,0.057122116535902025,False,7.0,484.0,546.0,547.7571428571429,2.2080078780814536,550.2578897686705,gamma_gamma_conditional_expectation,1214.97,69.4,Low risk / High value
18270,0.6455424785614013,False,1.0,166.0,249.0,111.95,0.8591996346657742,125.00627557742274,gamma_gamma_conditional_expectation,107.41,69.34,High risk / Low value
15666,0.6319721579551697,True,1.0,23.0,312.0,226.68,0.4551342503518866,240.9492630462657,gamma_gamma_conditional_expectation,109.66,69.3,High risk / Low value
14451,0.07160023152828217,False,10.0,497.0,508.0,289.28499999999997,3.323249537107694,290.764042179999,gamma_gamma_conditional_expectation,966.28,69.19,Low risk / High value
14634,0.5060705184936524,True,3.0,104.0,358.0,148.04,0.896465915990495,152.48792890756255,gamma_gamma_conditional_expectation,136.7,69.18,High risk / Low value
17255,0.4331237733364105,False,2.0,147.0,263.0,116.01499999999999,1.303564220885502,122.53018544737074,gamma_gamma_conditional_expectation,159.73,69.18,Low risk / Low value
17118,0.7305749535560608,True,0.0,0.0,134.0,0.0,0.6030334690021206,157.02,own_observed_transaction (Gamma-Gamma unstable at frequency=0),94.69,69.18,High risk / Low value
13721,0.726948869228363,False,0.0,0.0,212.0,0.0,0.43769880727370053,217.4,own_observed_transaction (Gamma-Gamma unstable at frequency=0),95.16,69.18,High risk / Low value
12481,0.029311808198690413,False,8.0,403.0,424.0,747.2525,3.1429222970088486,749.7014741606854,gamma_gamma_conditional_expectation,2356.25,69.07,Low risk / High value
17861,0.07160023152828217,False,11.0,476.0,546.0,286.89818181818185,3.342894654776071,288.2403653880876,gamma_gamma_conditional_expectation,963.56,68.99,Low risk / High value
12923,0.6151273608207702,False,1.0,185.0,392.0,186.7,0.5589803721418514,200.54657291287126,gamma_gamma_conditional_expectation,112.1,68.96,High risk / Low value
15894,0.5402782797813416,True,1.0,116.0,186.0,106.81,1.0651590692874315,119.81193272385477,gamma_gamma_conditional_expectation,127.62,68.95,High risk / Low value
17286,0.6634241104125976,False,0.0,0.0,217.0,0.0,0.4301488806800971,241.56,own_observed_transaction (Gamma-Gamma unstable at frequency=0),103.91,68.94,High risk / Low value
18127,0.7607741355895996,False,0.0,0.0,220.0,0.0,0.4257430891554334,212.8,own_observed_transaction (Gamma-Gamma unstable at frequency=0),90.6,68.93,High risk / Low value
14386,0.7205630898475647,True,0.0,0.0,113.0,0.0,0.6714724736790864,142.4,own_observed_transaction (Gamma-Gamma unstable at frequency=0),95.62,68.9,High risk / Low value
15989,0.6478933215141296,True,1.0,362.0,554.0,229.4,0.4362597924846065,243.6980203539904,gamma_gamma_conditional_expectation,106.32,68.88,High risk / Low value
14368,0.7441339731216431,True,0.0,0.0,136.0,0.0,0.5972398468965967,155.0,own_observed_transaction (Gamma-Gamma unstable at frequency=0),92.57,68.88,High risk / Low value
16776,0.726948869228363,False,0.0,0.0,232.0,0.0,0.4089897094782953,231.57,own_observed_transaction (Gamma-Gamma unstable at frequency=0),94.71,68.85,High risk / Low value
17859,0.7205630898475647,True,0.0,0.0,121.0,0.0,0.6436342034029915,148.21,own_observed_transaction (Gamma-Gamma unstable at frequency=0),95.39,68.73,High risk / Low value
14524,0.09138942882418633,False,4.0,180.0,233.0,278.2325,2.665366834213368,281.90693985290636,gamma_gamma_conditional_expectation,751.39,68.67,Low risk / High value
15021,0.09972276166081429,False,5.0,280.0,315.0,261.606,2.6029287587486385,264.5091489867868,gamma_gamma_conditional_expectation,688.5,68.66,Low risk / High value
12914,0.7125973105430603,True,0.0,0.0,217.0,0.0,0.4301488806800971,223.98,own_observed_transaction (Gamma-Gamma unstable at frequency=0),96.34,68.65,High risk / Low value
16947,0.37696678638458253,True,3.0,411.0,463.0,146.12666666666667,1.208967775905683,150.56789983737673,gamma_gamma_conditional_expectation,182.03,68.62,Low risk / Low value
17262,0.09305609539151191,False,7.0,497.0,541.0,327.15999999999997,2.2382576550273985,329.330557428497,gamma_gamma_conditional_expectation,737.13,68.59,Low risk / High value
13001,0.010793289542198181,False,29.0,552.0,553.0,735.4724137931034,8.629970909525275,736.1431016046567,gamma_gamma_conditional_expectation,6352.89,68.57,Low risk / High value
15935,0.6527320265769958,True,0.0,0.0,56.0,0.0,0.9717641745621651,108.04,own_observed_transaction (Gamma-Gamma unstable at frequency=0),104.99,68.53,High risk / Low value
15718,0.803440797328949,True,0.0,0.0,357.0,0.0,0.2901793291515395,293.79,own_observed_transaction (Gamma-Gamma unstable at frequency=0),85.25,68.49,High risk / Low value
18129,0.6455424785614013,True,0.0,0.0,60.0,0.0,0.9421104661848387,112.55,own_observed_transaction (Gamma-Gamma unstable at frequency=0),106.03,68.45,High risk / Low value
17476,0.6493314027786254,True,1.0,342.0,554.0,229.5,0.4322745796907114,243.79907760795084,gamma_gamma_conditional_expectation,105.39,68.43,High risk / Low value
13491,0.057122116535902025,False,24.0,485.0,549.0,173.3529166666667,6.887274874187432,173.91824955193246,gamma_gamma_conditional_expectation,1197.82,68.42,Low risk / High value
12563,0.7386353015899658,True,0.0,0.0,225.0,0.0,0.41859795807927186,221.24,own_observed_transaction (Gamma-Gamma unstable at frequency=0),92.61,68.41,High risk / Low value
15811,0.057122116535902025,False,4.0,183.0,205.0,396.1725,2.9909429540388355,400.1562187853284,gamma_gamma_conditional_expectation,1196.84,68.37,Low risk / High value
15755,0.057122116535902025,False,12.0,500.0,552.0,328.40416666666664,3.6289796130180187,329.6706216439702,gamma_gamma_conditional_expectation,1196.37,68.34,Low risk / High value
17890,0.5134156703948974,True,1.0,39.0,178.0,125.13,0.9621749593406401,138.3256216494122,gamma_gamma_conditional_expectation,133.09,68.33,High risk / Low value
14779,0.5245869994163513,True,2.0,43.0,140.0,61.8,1.9147313994803017,68.03009738246587,gamma_gamma_conditional_expectation,130.26,68.33,High risk / Low value
16723,0.6079378128051758,False,1.0,292.0,552.0,251.93,0.4217397798947773,266.46621967128345,gamma_gamma_conditional_expectation,112.38,68.32,High risk / Low value
14631,0.09305609539151191,False,4.0,252.0,304.0,332.71,2.181201366555316,336.52729845084616,gamma_gamma_conditional_expectation,734.03,68.31,Low risk / High value
17893,0.5569449424743652,True,0.0,0.0,42.0,0.0,1.0922630402549223,112.25,own_observed_transaction (Gamma-Gamma unstable at frequency=0),122.61,68.29,High risk / Low value
17457,0.04192173406481743,False,12.0,528.0,549.0,440.7808333333333,3.68320951667515,442.14534687318485,gamma_gamma_conditional_expectation,1628.51,68.27,Low risk / High value
18048,0.4907220959663391,True,1.0,290.0,310.0,172.29,0.7479397080497574,185.9842226171681,gamma_gamma_conditional_expectation,139.1,68.26,High risk / Low value
16466,0.0895712472498417,False,9.0,434.0,459.0,231.03222222222223,3.2752559718098415,232.60799970327392,gamma_gamma_conditional_expectation,761.85,68.24,Low risk / High value
14958,0.300605246424675,False,4.0,551.0,553.0,166.04500000000002,1.3389184869719881,169.42524593878824,gamma_gamma_conditional_expectation,226.85,68.19,Low risk / Low value
14155,0.7159578323364257,True,0.0,0.0,83.0,0.0,0.8016840945414987,118.75,own_observed_transaction (Gamma-Gamma unstable at frequency=0),95.2,68.16,High risk / Low value
13177,0.7607741355895996,False,0.0,0.0,247.0,0.0,0.3898204816649439,229.75,own_observed_transaction (Gamma-Gamma unstable at frequency=0),89.56,68.13,High risk / Low value
16477,0.04562543779611587,False,8.0,270.0,301.0,357.88,4.149508132530696,359.8191088879734,gamma_gamma_conditional_expectation,1493.07,68.12,Low risk / High value
18283,0.1770462989807129,False,9.0,458.0,475.0,119.28,3.1864269257350752,120.72572141306101,gamma_gamma_conditional_expectation,384.68,68.11,Low risk / High value
15198,0.5920506715774536,False,2.0,281.0,506.0,148.455,0.74128061778411,155.14077028229678,gamma_gamma_conditional_expectation,115.0,68.09,High risk / Low value
16414,0.5060705184936524,False,3.0,414.0,511.0,118.39,1.095932523304493,122.73416831644249,gamma_gamma_conditional_expectation,134.51,68.07,High risk / Low value
18101,0.5695945501327515,False,2.0,300.0,491.0,146.505,0.7795885349967404,153.18051626170165,gamma_gamma_conditional_expectation,119.42,68.02,High risk / Low value
17772,0.7607741355895996,False,0.0,0.0,209.0,0.0,0.4423578046380255,202.0,own_observed_transaction (Gamma-Gamma unstable at frequency=0),89.36,67.98,High risk / Low value
15622,0.034616151452064516,False,7.0,448.0,462.0,756.4728571428572,2.5849594457115797,759.2860094323863,gamma_gamma_conditional_expectation,1962.72,67.94,Low risk / High value
12361,0.4933562397956848,True,3.0,395.0,499.0,119.01666666666667,1.1149635828055102,123.36302801190405,gamma_gamma_conditional_expectation,137.55,67.86,High risk / Low value
17055,0.7607741355895996,True,0.0,0.0,262.0,0.0,0.37237249544261014,239.55,own_observed_transaction (Gamma-Gamma unstable at frequency=0),89.2,67.86,High risk / Low value
16948,0.32177935540676117,False,5.0,395.0,473.0,112.678,1.8293997045330426,115.26888072598189,gamma_gamma_conditional_expectation,210.87,67.85,Low risk / Low value
13533,0.5807567834854126,False,0.0,0.0,84.0,0.0,0.7965288790177549,146.64,own_observed_transaction (Gamma-Gamma unstable at frequency=0),116.8,67.83,High risk / Low value
14728,0.8637783765792847,True,0.0,0.0,230.0,0.0,0.41168946847343063,190.58,own_observed_transaction (Gamma-Gamma unstable at frequency=0),78.46,67.77,High risk / Low value
13962,0.6004048585891724,False,1.0,190.0,252.0,117.6,0.8632137342052786,130.7160104261891,gamma_gamma_conditional_expectation,112.84,67.75,High risk / Low value
13477,0.12829545736312867,False,5.0,472.0,500.0,294.584,1.7728901041829157,297.5562963781761,gamma_gamma_conditional_expectation,527.53,67.68,Low risk / High value
15287,0.5882045149803161,False,2.0,358.0,554.0,155.57,0.7086479404254994,162.2931843112887,gamma_gamma_conditional_expectation,115.01,67.65,High risk / Low value
13482,0.6185654997825623,True,1.0,395.0,444.0,184.64,0.5510926964411931,198.46479348128565,gamma_gamma_conditional_expectation,109.37,67.65,High risk / Low value
17283,0.7710061430931091,True,0.0,0.0,195.0,0.0,0.46548529177841397,188.46,own_observed_transaction (Gamma-Gamma unstable at frequency=0),87.73,67.64,High risk / Low value
18001,0.5402782797813416,False,2.0,288.0,554.0,180.005,0.669919507399055,186.85667507705372,gamma_gamma_conditional_expectation,125.18,67.63,High risk / Low value
15501,0.6137598514556885,True,1.0,11.0,232.0,166.1,0.6129610252293108,179.7287785970152,gamma_gamma_conditional_expectation,110.17,67.62,High risk / Low value
16407,0.09138942882418633,False,7.0,238.0,249.0,170.1557142857143,4.29374717864855,172.09126792738914,gamma_gamma_conditional_expectation,738.92,67.53,Low risk / High value
18008,0.010793289542198181,False,18.0,499.0,519.0,1093.263888888889,5.711043681929719,1094.5527557445776,gamma_gamma_conditional_expectation,6251.04,67.47,Low risk / High value
15918,0.4284809172153473,True,2.0,441.0,448.0,167.115,0.9053556070494955,173.89889337168395,gamma_gamma_conditional_expectation,157.44,67.46,Low risk / Low value
15001,0.6706136584281921,True,0.0,0.0,211.0,0.0,0.43924082417396304,228.86,own_observed_transaction (Gamma-Gamma unstable at frequency=0),100.52,67.41,High risk / Low value
12751,0.6726304650306701,True,0.0,0.0,261.0,0.0,0.3734868173812382,268.27,own_observed_transaction (Gamma-Gamma unstable at frequency=0),100.2,67.4,High risk / Low value
15785,0.04562543779611587,False,9.0,527.0,541.0,516.4933333333333,2.846582202402037,518.4013274713526,gamma_gamma_conditional_expectation,1475.67,67.33,Low risk / High value
14353,0.4531506597995758,True,2.0,216.0,248.0,95.72999999999999,1.45459320076958,102.13851734082097,gamma_gamma_conditional_expectation,148.57,67.32,High risk / Low value
15953,0.0895712472498417,False,13.0,525.0,553.0,189.5469230769231,3.9432302275360103,190.60404268102138,gamma_gamma_conditional_expectation,751.6,67.32,Low risk / High value
14183,0.6833392024040222,True,1.0,70.0,298.0,146.71,0.614967263587114,160.1337770540808,gamma_gamma_conditional_expectation,98.48,67.3,High risk / Low value
14624,0.5402782797813416,False,3.0,189.0,421.0,112.56333333333333,1.065533189261125,116.88711114800203,gamma_gamma_conditional_expectation,124.55,67.29,High risk / Low value
18077,0.09138942882418633,False,10.0,506.0,549.0,237.331,3.0808340934155236,238.75563134239889,gamma_gamma_conditional_expectation,735.57,67.22,Low risk / High value
15062,0.09165855571627617,False,6.0,393.0,427.0,304.345,2.3886091166523644,306.8380979087945,gamma_gamma_conditional_expectation,732.92,67.18,Low risk / High value
16284,0.7395287156105042,False,0.0,0.0,210.0,0.0,0.44079378421511184,205.8,own_observed_transaction (Gamma-Gamma unstable at frequency=0),90.72,67.09,High risk / Low value
15917,0.4168778657913208,True,3.0,490.0,554.0,151.32,1.0327677792905776,155.77940731359539,gamma_gamma_conditional_expectation,160.88,67.07,Low risk / Low value
18238,0.803440797328949,True,0.0,0.0,332.0,0.0,0.308066374284173,270.92,own_observed_transaction (Gamma-Gamma unstable at frequency=0),83.46,67.06,High risk / Low value
15454,0.6547488331794739,True,1.0,256.0,435.0,179.1,0.5309176358978088,192.86622161187583,gamma_gamma_conditional_expectation,102.4,67.05,High risk / Low value
16815,0.6678120851516723,True,1.0,83.0,353.0,177.85,0.5238220722057396,191.60300593737,gamma_gamma_conditional_expectation,100.37,67.03,High risk / Low value
17601,0.50070139169693,True,1.0,141.0,197.0,116.01,1.0359499724946628,129.10920008821768,gamma_gamma_conditional_expectation,133.75,66.97,High risk / Low value
15049,0.7205630898475647,True,0.0,0.0,90.0,0.0,0.7669476912541688,121.17,own_observed_transaction (Gamma-Gamma unstable at frequency=0),92.93,66.96,High risk / Low value
17863,0.05202274471521377,False,8.0,398.0,469.0,452.69,2.826146399183961,454.7532581961701,gamma_gamma_conditional_expectation,1285.2,66.86,Low risk / High value
12855,0.4771506547927856,True,2.0,30.0,219.0,133.81,0.9977978281866107,140.41875995839135,gamma_gamma_conditional_expectation,140.11,66.85,High risk / Low value
15158,0.7617555737495423,False,0.0,0.0,218.0,0.0,0.4286701512326433,204.62,own_observed_transaction (Gamma-Gamma unstable at frequency=0),87.71,66.81,High risk / Low value
13610,0.1720462992787361,False,9.0,516.0,520.0,130.04111111111112,2.952273872653843,131.49935619278912,gamma_gamma_conditional_expectation,388.22,66.79,Low risk / High value
12695,0.4284809172153473,False,3.0,455.0,482.0,128.20333333333335,1.1750995631906689,132.5818435475001,gamma_gamma_conditional_expectation,155.8,66.76,Low risk / Low value
16334,0.7364726781845092,True,0.0,0.0,309.0,0.0,0.3265921599152861,277.48,own_observed_transaction (Gamma-Gamma unstable at frequency=0),90.62,66.74,High risk / Low value
12889,0.5329331278800964,True,3.0,121.0,319.0,95.35000000000001,1.2563307173050764,99.61353951308983,gamma_gamma_conditional_expectation,125.15,66.7,High risk / Low value
13691,0.7253228545188903,True,0.0,0.0,213.0,0.0,0.43616761792830905,210.78,own_observed_transaction (Gamma-Gamma unstable at frequency=0),91.94,66.69,High risk / Low value
16652,0.014496993273496628,False,9.0,420.0,449.0,1375.822222222222,3.333622657333379,1378.7302943379075,gamma_gamma_conditional_expectation,4596.17,66.63,Low risk / High value
17530,0.11093488410115242,False,6.0,527.0,550.0,309.34999999999997,1.9250260084776947,311.85184014587486,gamma_gamma_conditional_expectation,600.32,66.6,Low risk / High value
14961,0.019258898124098776,False,14.0,503.0,552.0,820.4807142857143,4.205668680091477,821.9341061468685,gamma_gamma_conditional_expectation,3456.78,66.57,Low risk / High value
15986,0.7760128736495971,False,0.0,0.0,198.0,0.0,0.4603272946577759,186.3,own_observed_transaction (Gamma-Gamma unstable at frequency=0),85.76,66.55,High risk / Low value
17111,0.7364726781845092,False,0.0,0.0,242.0,0.0,0.3960067670704817,227.97,own_observed_transaction (Gamma-Gamma unstable at frequency=0),90.28,66.49,High risk / Low value
16757,0.6407037734985351,True,1.0,91.0,226.0,106.83,0.8652538681978879,119.83214417464686,gamma_gamma_conditional_expectation,103.69,66.43,High risk / Low value
17820,0.7653793931007385,True,0.0,0.0,191.0,0.0,0.47254589181659423,183.56,own_observed_transaction (Gamma-Gamma unstable at frequency=0),86.74,66.39,High risk / Low value
16897,0.6355547189712525,True,1.0,14.0,130.0,76.75,1.1678437916744555,89.4341221833386,gamma_gamma_conditional_expectation,104.45,66.38,High risk / Low value
15527,0.057122116535902025,False,13.0,505.0,541.0,288.24538461538464,4.009726647274528,289.3819971493097,gamma_gamma_conditional_expectation,1160.34,66.28,Low risk / High value
14388,0.04562543779611587,False,10.0,485.0,505.0,433.90600000000006,3.3342202859473775,435.53650212041896,gamma_gamma_conditional_expectation,1452.17,66.26,Low risk / High value
16235,0.09972276166081429,False,6.0,284.0,287.0,196.03833333333333,3.342899738486228,198.34225190998197,gamma_gamma_conditional_expectation,663.04,66.12,Low risk / High value
17036,0.8177626490592956,True,0.0,0.0,200.0,0.0,0.456951908985628,176.9,own_observed_transaction (Gamma-Gamma unstable at frequency=0),80.83,66.1,High risk / Low value
14405,0.7497851252555847,True,0.0,0.0,203.0,0.0,0.4519809768356928,195.0,own_observed_transaction (Gamma-Gamma unstable at frequency=0),88.14,66.09,High risk / Low value
17128,0.755122983455658,True,0.0,0.0,151.0,0.0,0.5571134118326191,157.09,own_observed_transaction (Gamma-Gamma unstable at frequency=0),87.52,66.09,High risk / Low value
18094,0.045987756550312044,False,7.0,483.0,518.0,613.8142857142857,2.329967206921947,616.4139068612997,gamma_gamma_conditional_expectation,1436.22,66.05,Low risk / High value
15458,0.7402613162994385,False,0.0,0.0,219.0,0.0,0.4272015889859949,208.8,own_observed_transaction (Gamma-Gamma unstable at frequency=0),89.2,66.03,High risk / Low value
17572,0.3458887755870819,False,7.0,486.0,541.0,83.73571428571428,2.23092431591654,85.54191459690655,gamma_gamma_conditional_expectation,190.84,66.01,Low risk / Low value
14053,0.6706136584281921,False,1.0,89.0,303.0,141.25,0.6360563870381175,154.61605098783934,gamma_gamma_conditional_expectation,98.34,65.95,High risk / Low value
13565,0.6407037734985351,False,1.0,77.0,228.0,110.18,0.8352407641504144,123.2175621823225,gamma_gamma_conditional_expectation,102.92,65.94,High risk / Low value
15987,0.12680609449744223,False,3.0,180.0,196.0,209.85333333333332,2.4234970649327114,214.51757886840915,gamma_gamma_conditional_expectation,519.88,65.92,Low risk / High value
17327,0.7308194994926452,True,1.0,153.0,379.0,148.1,0.5579992992447284,161.5384728841313,gamma_gamma_conditional_expectation,90.14,65.88,High risk / Low value
13078,0.010793289542198181,False,39.0,538.0,555.0,531.8292307692308,11.461764778625575,532.2732583184012,gamma_gamma_conditional_expectation,6100.79,65.85,Low risk / High value
13862,0.07509313225746155,False,4.0,202.0,206.0,288.1275,3.0038798055235985,291.82788792002793,gamma_gamma_conditional_expectation,876.62,65.83,Low risk / High value
16559,0.8177626490592956,True,0.0,0.0,214.0,0.0,0.43464714217748496,185.2,own_observed_transaction (Gamma-Gamma unstable at frequency=0),80.5,65.83,High risk / Low value
13712,0.4771506547927856,True,1.0,364.0,427.0,228.84,0.5672639867432091,243.13209973181176,gamma_gamma_conditional_expectation,137.92,65.81,High risk / Low value
16524,0.6678120851516723,True,1.0,245.0,508.0,206.84,0.4460913868553728,220.89950386050918,gamma_gamma_conditional_expectation,98.54,65.81,High risk / Low value
12551,0.7750959873199463,True,0.0,0.0,174.0,0.0,0.5051192144289793,168.0,own_observed_transaction (Gamma-Gamma unstable at frequency=0),84.86,65.77,High risk / Low value
14738,0.27304708063602445,False,5.0,533.0,549.0,144.38799999999998,1.637614318060571,147.045369408769,gamma_gamma_conditional_expectation,240.8,65.75,Low risk / Low value
16760,0.7395287156105042,True,0.0,0.0,247.0,0.0,0.3898204816649439,228.0,own_observed_transaction (Gamma-Gamma unstable at frequency=0),88.88,65.73,High risk / Low value
17524,0.5569449424743652,True,1.0,77.0,255.0,145.0,0.7447900441453867,158.40569801135683,gamma_gamma_conditional_expectation,117.98,65.71,High risk / Low value
17966,0.23286690413951874,False,4.0,506.0,507.0,191.7675,1.445293905364534,195.21519911276843,gamma_gamma_conditional_expectation,282.14,65.7,Low risk / Low value
18108,0.47874414920806885,True,2.0,483.0,554.0,177.78,0.7431428013189655,184.6199749766311,gamma_gamma_conditional_expectation,137.2,65.68,High risk / Low value
16954,0.04562543779611587,False,13.0,436.0,507.0,345.7807692307692,4.147060106458808,346.96372145652424,gamma_gamma_conditional_expectation,1438.88,65.65,Low risk / High value
14651,0.11941973194479942,False,6.0,420.0,448.0,236.49833333333333,2.297027304390573,238.8729234209258,gamma_gamma_conditional_expectation,548.7,65.53,Low risk / High value
14413,0.5355163812637329,True,2.0,327.0,506.0,152.435,0.7682575537216042,159.14169900125503,gamma_gamma_conditional_expectation,122.26,65.47,High risk / Low value
15277,0.7497851252555847,False,0.0,0.0,242.0,0.0,0.3960067670704817,220.44,own_observed_transaction (Gamma-Gamma unstable at frequency=0),87.3,65.46,High risk / Low value
12977,0.6537670254707336,False,1.0,10.0,328.0,253.44,0.3731651160036149,267.9921842060865,gamma_gamma_conditional_expectation,100.01,65.38,High risk / Low value
13598,0.5655909180641174,False,2.0,156.0,468.0,170.525,0.651815995837393,177.32682476154514,gamma_gamma_conditional_expectation,115.58,65.37,High risk / Low value
13588,0.6678120851516723,False,0.0,0.0,72.0,0.0,0.8631743993535804,113.3,own_observed_transaction (Gamma-Gamma unstable at frequency=0),97.8,65.31,High risk / Low value
14241,0.5824150562286377,True,1.0,513.0,513.0,213.7,0.49183789322704685,227.83203148219715,gamma_gamma_conditional_expectation,112.06,65.27,High risk / Low value
16059,0.07160023152828217,False,8.0,315.0,386.0,273.58875,3.3063684093304255,275.4174833962053,gamma_gamma_conditional_expectation,910.63,65.2,Low risk / High value
13997,0.6706136584281921,True,1.0,31.0,367.0,238.76,0.38375640818813345,253.15697932469,gamma_gamma_conditional_expectation,97.15,65.15,High risk / Low value
14581,0.7667741298675537,False,0.0,0.0,361.0,0.0,0.2875087519164731,295.2,own_observed_transaction (Gamma-Gamma unstable at frequency=0),84.87,65.08,High risk / Low value
16832,0.3382697284221649,True,4.0,274.0,275.0,76.6525,2.409503432440699,79.79832829450692,gamma_gamma_conditional_expectation,192.27,65.04,Low risk / Low value
13305,0.09060429409146309,False,9.0,394.0,456.0,219.81333333333333,3.2420643932337865,221.37605438877577,gamma_gamma_conditional_expectation,717.72,65.03,Low risk / High value
12927,0.7497851252555847,True,0.0,0.0,211.0,0.0,0.43924082417396304,197.31,own_observed_transaction (Gamma-Gamma unstable at frequency=0),86.67,64.98,High risk / Low value
16024,0.6726304650306701,False,0.0,0.0,228.0,0.0,0.4144252267414075,232.96,own_observed_transaction (Gamma-Gamma unstable at frequency=0),96.54,64.94,High risk / Low value
14745,0.11275306567549706,False,7.0,453.0,454.0,216.8457142857143,2.630609558131029,218.851153451576,gamma_gamma_conditional_expectation,575.71,64.91,Low risk / High value
16409,0.05202274471521377,False,8.0,484.0,543.0,494.6575,2.5115766503188497,496.77571269560843,gamma_gamma_conditional_expectation,1247.69,64.91,Low risk / High value
15890,0.5355163812637329,True,2.0,210.0,421.0,136.225,0.8478205800978225,142.846459168513,gamma_gamma_conditional_expectation,121.11,64.86,High risk / Low value
16382,0.6662777781486511,True,1.0,142.0,367.0,157.33,0.5689826981860585,170.86605742468234,gamma_gamma_conditional_expectation,97.22,64.78,High risk / Low value
13184,0.07675979882478715,False,4.0,106.0,107.0,176.6125,4.673340430702537,180.02045753043117,gamma_gamma_conditional_expectation,841.3,64.58,Low risk / High value
15490,0.7607741355895996,True,0.0,0.0,247.0,0.0,0.3898204816649439,217.6,own_observed_transaction (Gamma-Gamma unstable at frequency=0),84.82,64.53,High risk / Low value
15914,0.6726304650306701,True,0.0,0.0,195.0,0.0,0.46548529177841397,205.99,own_observed_transaction (Gamma-Gamma unstable at frequency=0),95.89,64.5,High risk / Low value
13582,0.695357871055603,True,1.0,228.0,434.0,164.18,0.5216653350018751,177.7884793209743,gamma_gamma_conditional_expectation,92.75,64.49,High risk / Low value
14810,0.06584957987070084,False,9.0,231.0,246.0,177.54333333333335,5.466009997016492,179.05686100465647,gamma_gamma_conditional_expectation,978.73,64.45,Low risk / High value
16515,0.09305609539151191,False,6.0,294.0,357.0,251.15166666666664,2.730544878617909,253.55185174207494,gamma_gamma_conditional_expectation,692.33,64.43,Low risk / High value
17743,0.7607741355895996,True,0.0,0.0,265.0,0.0,0.36906918274712197,229.2,own_observed_transaction (Gamma-Gamma unstable at frequency=0),84.59,64.35,High risk / Low value
14165,0.693017303943634,True,0.0,0.0,92.0,0.0,0.757572973933522,122.54,own_observed_transaction (Gamma-Gamma unstable at frequency=0),92.83,64.33,High risk / Low value
13171,0.693017303943634,False,0.0,0.0,116.0,0.0,0.6607537250684666,140.35,own_observed_transaction (Gamma-Gamma unstable at frequency=0),92.74,64.27,High risk / Low value
12871,0.5090983390808106,False,1.0,232.0,256.0,132.0,0.8685019014494049,145.2682549964962,gamma_gamma_conditional_expectation,126.17,64.23,High risk / Low value
15855,0.22989157736301422,False,4.0,293.0,293.0,118.6725,2.2914079902708147,121.92851907575478,gamma_gamma_conditional_expectation,279.39,64.23,Low risk / Low value
18004,0.7653793931007385,True,0.0,0.0,179.0,0.0,0.4950799794985958,169.47,own_observed_transaction (Gamma-Gamma unstable at frequency=0),83.9,64.22,High risk / Low value
16827,0.5355163812637329,True,4.0,196.0,406.0,84.6825,1.3642327980875284,87.84938569511188,gamma_gamma_conditional_expectation,119.85,64.18,High risk / Low value
17700,0.04562543779611587,False,10.0,525.0,555.0,457.41700000000003,3.0629504382800885,459.072124925262,gamma_gamma_conditional_expectation,1406.12,64.15,Low risk / High value
13067,0.6632635831832886,False,1.0,37.0,263.0,141.65,0.623572940884477,155.02028000368122,gamma_gamma_conditional_expectation,96.67,64.12,High risk / Low value
14716,0.7280744791030884,False,0.0,0.0,261.0,0.0,0.3734868173812382,235.77,own_observed_transaction (Gamma-Gamma unstable at frequency=0),88.06,64.11,High risk / Low value
12400,0.7607741355895996,True,0.0,0.0,231.0,0.0,0.41033513373981223,205.25,own_observed_transaction (Gamma-Gamma unstable at frequency=0),84.22,64.07,High risk / Low value
14552,0.6260984539985657,False,1.0,212.0,409.0,172.49,0.5481097398266345,186.18633712508904,gamma_gamma_conditional_expectation,102.05,63.89,High risk / Low value
17881,0.7441339731216431,True,0.0,0.0,121.0,0.0,0.6436342034029915,133.35,own_observed_transaction (Gamma-Gamma unstable at frequency=0),85.83,63.87,High risk / Low value
13423,0.7497851252555847,True,0.0,0.0,245.0,0.0,0.39227158447725324,217.03,own_observed_transaction (Gamma-Gamma unstable at frequency=0),85.13,63.83,High risk / Low value
17803,0.7810959815979004,True,0.0,0.0,209.0,0.0,0.4423578046380255,184.66,own_observed_transaction (Gamma-Gamma unstable at frequency=0),81.69,63.81,High risk / Low value
16434,0.1275757610797882,False,7.0,499.0,508.0,207.86142857142858,2.382950740464983,209.85342007148202,gamma_gamma_conditional_expectation,500.07,63.8,Low risk / High value
14632,0.6756865024566651,True,0.0,0.0,79.0,0.0,0.8229954754621179,114.56,own_observed_transaction (Gamma-Gamma unstable at frequency=0),94.28,63.7,High risk / Low value
17618,0.057122116535902025,False,9.0,436.0,501.0,370.2322222222222,2.9917404822462825,371.96999920810975,gamma_gamma_conditional_expectation,1112.84,63.57,Low risk / High value
14278,0.7402613162994385,True,0.0,0.0,226.0,0.0,0.41719771110259707,205.83,own_observed_transaction (Gamma-Gamma unstable at frequency=0),85.87,63.57,High risk / Low value
15512,0.565748393535614,False,2.0,317.0,493.0,136.39000000000001,0.785356981572015,143.01232681640954,gamma_gamma_conditional_expectation,112.32,63.54,High risk / Low value
16804,0.6884120464324951,False,0.0,0.0,87.0,0.0,0.7814563681947068,118.05,own_observed_transaction (Gamma-Gamma unstable at frequency=0),92.25,63.51,High risk / Low value
14153,0.8131573915481567,True,0.0,0.0,300.0,0.0,0.33446406350912555,233.4,own_observed_transaction (Gamma-Gamma unstable at frequency=0),78.06,63.48,High risk / Low value
14466,0.057122116535902025,False,9.0,539.0,543.0,389.15555555555557,2.8420915378584537,390.91535531895636,gamma_gamma_conditional_expectation,1111.02,63.46,Low risk / High value
16166,0.6678120851516723,True,1.0,263.0,508.0,195.99,0.45249267119446607,209.9347918057986,gamma_gamma_conditional_expectation,94.99,63.44,High risk / Low value
18075,0.03407371304929256,False,15.0,294.0,315.0,254.3093333333333,7.2846495128721465,255.27060612941847,gamma_gamma_conditional_expectation,1859.56,63.36,Low risk / High value
13942,0.6726890325546264,True,0.0,0.0,351.0,0.0,0.29427972372985817,320.0,own_observed_transaction (Gamma-Gamma unstable at frequency=0),94.17,63.35,High risk / Low value
17064,0.7441339731216431,False,0.0,0.0,144.0,0.0,0.5751428063140173,147.85,own_observed_transaction (Gamma-Gamma unstable at frequency=0),85.03,63.27,High risk / Low value
17022,0.8637783765792847,False,0.0,0.0,249.0,0.0,0.38739991182991984,189.0,own_observed_transaction (Gamma-Gamma unstable at frequency=0),73.22,63.25,High risk / Low value
16743,0.057122116535902025,False,9.0,385.0,413.0,307.6066666666667,3.5794797774819465,309.27156068567155,gamma_gamma_conditional_expectation,1107.03,63.24,Low risk / High value
13057,0.6157037734985351,True,2.0,101.0,448.0,184.29999999999998,0.536227373306962,191.1742602147235,gamma_gamma_conditional_expectation,102.51,63.12,High risk / Low value
13544,0.3256571114063263,False,3.0,404.0,461.0,155.39333333333335,1.211687346406747,159.86699533409555,gamma_gamma_conditional_expectation,193.71,63.08,Low risk / Low value
14573,0.0895712472498417,False,8.0,500.0,517.0,263.7625,2.6518138792899264,265.5783663764851,gamma_gamma_conditional_expectation,704.26,63.08,Low risk / High value
14107,0.056759797781705854,False,7.0,510.0,547.0,497.9842857142857,2.2208322123105853,500.4105326855326,gamma_gamma_conditional_expectation,1111.33,63.08,Low risk / High value
17345,0.21529114246368408,False,4.0,542.0,555.0,216.34,1.3323804966365334,219.85213659425852,gamma_gamma_conditional_expectation,292.93,63.07,Low risk / Low value
14460,0.37060232162475587,False,6.0,414.0,541.0,88.96999999999998,1.8673210259673063,91.08690224222201,gamma_gamma_conditional_expectation,170.09,63.04,Low risk / Low value
15514,0.04562543779611587,False,10.0,510.0,552.0,448.497,3.067224978732533,450.14278310997554,gamma_gamma_conditional_expectation,1380.69,62.99,Low risk / High value
15509,0.8184101104736328,True,0.0,0.0,197.0,0.0,0.46203382949188976,166.51,own_observed_transaction (Gamma-Gamma unstable at frequency=0),76.93,62.96,High risk / Low value
17270,0.6617794275283814,True,1.0,263.0,549.0,214.78,0.41529952198099984,228.92344982497022,gamma_gamma_conditional_expectation,95.07,62.92,High risk / Low value
16733,0.8131573915481567,True,0.0,0.0,346.0,0.0,0.297786479713064,259.68,own_observed_transaction (Gamma-Gamma unstable at frequency=0),77.33,62.88,High risk / Low value
12858,0.7731846690177917,True,0.0,0.0,200.0,0.0,0.456951908985628,177.92,own_observed_transaction (Gamma-Gamma unstable at frequency=0),81.3,62.86,High risk / Low value
13746,0.8637783765792847,True,0.0,0.0,230.0,0.0,0.41168946847343063,176.69,own_observed_transaction (Gamma-Gamma unstable at frequency=0),72.74,62.83,High risk / Low value
15135,0.6478933215141296,True,1.0,317.0,373.0,139.05,0.6359391737956867,152.39279140070911,gamma_gamma_conditional_expectation,96.91,62.79,High risk / Low value
16719,0.07160023152828217,False,10.0,491.0,543.0,281.146,3.100301255224906,282.61651829719455,gamma_gamma_conditional_expectation,876.2,62.74,Low risk / High value
13964,0.6189089059829712,True,1.0,43.0,247.0,133.25,0.6908251195128237,146.53147067100204,gamma_gamma_conditional_expectation,101.23,62.65,High risk / Low value
16691,0.7262142419815063,True,1.0,143.0,378.0,142.95,0.5515580418813995,156.33402430516728,gamma_gamma_conditional_expectation,86.23,62.62,High risk / Low value
17771,0.526804518699646,False,2.0,266.0,406.0,120.69999999999999,0.9338556216503479,127.23982138915953,gamma_gamma_conditional_expectation,118.82,62.59,High risk / Low value
13878,0.5402782797813416,False,2.0,57.0,421.0,282.175,0.399984592328804,289.56393317151714,gamma_gamma_conditional_expectation,115.82,62.58,High risk / Low value
14794,0.09790458008646966,False,6.0,284.0,304.0,198.65666666666667,3.175574462484666,200.96515868802172,gamma_gamma_conditional_expectation,638.18,62.48,Low risk / High value
14484,0.5355163812637329,False,2.0,321.0,539.0,156.805,0.7130130263456022,163.5346785243323,gamma_gamma_conditional_expectation,116.6,62.44,High risk / Low value
16421,0.5245869994163513,True,2.0,93.0,286.0,107.83500000000001,1.040787198105122,114.30717114559225,gamma_gamma_conditional_expectation,118.97,62.41,High risk / Low value
14854,0.07326689809560775,False,6.0,459.0,503.0,408.7166666666667,2.070641987899123,411.392070640292,gamma_gamma_conditional_expectation,851.85,62.41,Low risk / High value
13246,0.04562543779611587,False,8.0,319.0,342.0,361.435,3.7573895599092544,363.37876399598565,gamma_gamma_conditional_expectation,1365.36,62.3,Low risk / High value
13242,0.38892064094543455,False,4.0,455.0,485.0,104.0,1.4939111379734065,107.21754277309273,gamma_gamma_conditional_expectation,160.17,62.29,Low risk / Low value
17865,0.010793289542198181,False,25.0,534.0,555.0,776.816,7.4062770414836345,777.6113513791713,gamma_gamma_conditional_expectation,5759.21,62.16,Low risk / High value
15169,0.6189089059829712,True,1.0,344.0,543.0,213.05,0.4419504535737634,227.17515933145415,gamma_gamma_conditional_expectation,100.4,62.14,High risk / Low value
13671,0.7253228545188903,True,0.0,0.0,211.0,0.0,0.43924082417396304,194.95,own_observed_transaction (Gamma-Gamma unstable at frequency=0),85.63,62.11,High risk / Low value
13519,0.7497851252555847,False,0.0,0.0,259.0,0.0,0.375735647820242,220.46,own_observed_transaction (Gamma-Gamma unstable at frequency=0),82.83,62.1,High risk / Low value
13092,0.10787879079580306,False,10.0,456.0,484.0,165.415,3.452092307927527,166.7643145275848,gamma_gamma_conditional_expectation,575.69,62.1,Low risk / High value
16433,0.7402613162994385,False,0.0,0.0,225.0,0.0,0.41859795807927186,200.26,own_observed_transaction (Gamma-Gamma unstable at frequency=0),83.83,62.06,High risk / Low value
17518,0.6527320265769958,True,1.0,196.0,438.0,175.87,0.5014974540340955,189.60207230895278,gamma_gamma_conditional_expectation,95.08,62.06,High risk / Low value
16562,0.8131573915481567,True,0.0,0.0,293.0,0.0,0.34085470037414717,223.86,own_observed_transaction (Gamma-Gamma unstable at frequency=0),76.3,62.04,High risk / Low value
17200,0.6113759517669678,True,1.0,265.0,469.0,191.65,0.49363643609987173,205.54890698391435,gamma_gamma_conditional_expectation,101.47,62.04,High risk / Low value
16226,0.2535876214504242,True,4.0,210.0,230.0,85.83,2.748551067122687,88.99989483174875,gamma_gamma_conditional_expectation,244.62,62.03,Low risk / Low value
14543,0.015555194392800332,False,28.0,548.0,555.0,478.6925,8.30359027369912,479.2911706965306,gamma_gamma_conditional_expectation,3979.84,61.91,Low risk / High value
17254,0.7281247615814209,False,0.0,0.0,218.0,0.0,0.4286701512326433,198.29,own_observed_transaction (Gamma-Gamma unstable at frequency=0),85.0,61.89,High risk / Low value
14465,0.05202274471521377,True,9.0,455.0,518.0,406.83444444444444,2.911545743993985,408.61481871392317,gamma_gamma_conditional_expectation,1189.7,61.89,Low risk / High value
18110,0.7497851252555847,False,0.0,0.0,228.0,0.0,0.4144252267414075,199.13,own_observed_transaction (Gamma-Gamma unstable at frequency=0),82.52,61.87,High risk / Low value
15055,0.5902806997299195,True,2.0,249.0,540.0,152.35,0.6583587411016069,159.05625203112652,gamma_gamma_conditional_expectation,104.72,61.81,High risk / Low value
14445,0.7704907298088074,True,0.0,0.0,272.0,0.0,0.36158535494520366,221.65,own_observed_transaction (Gamma-Gamma unstable at frequency=0),80.15,61.75,High risk / Low value
17339,0.7159578323364257,False,1.0,144.0,326.0,120.0,0.6475580577603433,133.14138452124027,gamma_gamma_conditional_expectation,86.22,61.73,High risk / Low value
14746,0.5281712293624878,True,2.0,17.0,240.0,158.7,0.7057026618104929,165.4396433289619,gamma_gamma_conditional_expectation,116.75,61.66,High risk / Low value
17412,0.05878878310322762,False,12.0,541.0,554.0,285.29833333333335,3.659882159493822,286.5271746655673,gamma_gamma_conditional_expectation,1048.66,61.65,Low risk / High value
15656,0.50070139169693,False,1.0,64.0,101.0,63.91,1.6088237169780004,76.45837077481474,gamma_gamma_conditional_expectation,123.01,61.59,High risk / Low value
14438,0.7329841494560242,True,0.0,0.0,123.0,0.0,0.6370336550848733,131.9,own_observed_transaction (Gamma-Gamma unstable at frequency=0),84.02,61.59,High risk / Low value
18135,0.31679787039756774,False,5.0,444.0,451.0,97.326,1.9463798655415279,99.88469106158112,gamma_gamma_conditional_expectation,194.41,61.59,Low risk / Low value
12775,0.07509313225746155,False,5.0,220.0,226.0,237.52800000000002,3.4114852822791564,240.38066287817287,gamma_gamma_conditional_expectation,820.06,61.58,Low risk / High value
16525,0.010793289542198181,False,37.0,553.0,554.0,520.8062162162163,10.94512311636188,521.2711343503269,gamma_gamma_conditional_expectation,5705.38,61.58,Low risk / High value
15513,0.010793289542198181,False,20.0,496.0,512.0,889.4145000000001,6.406955186653149,890.4677239999155,gamma_gamma_conditional_expectation,5705.19,61.58,Low risk / High value
16362,0.7607741355895996,False,0.0,0.0,254.0,0.0,0.38147837370149246,212.17,own_observed_transaction (Gamma-Gamma unstable at frequency=0),80.94,61.58,High risk / Low value
17773,0.6678120851516723,True,1.0,176.0,507.0,209.02,0.41316630557878176,223.10255199684735,gamma_gamma_conditional_expectation,92.18,61.56,High risk / Low value
12613,0.056759797781705854,False,6.0,528.0,542.0,552.4,1.9531678357621107,555.3263757547451,gamma_gamma_conditional_expectation,1084.65,61.56,Low risk / High value
14122,0.6179974913597107,True,2.0,331.0,554.0,136.36,0.6961698004337834,142.98216906224653,gamma_gamma_conditional_expectation,99.54,61.52,High risk / Low value
12955,0.17487259954214096,False,2.0,64.0,84.0,111.8,2.973373211288162,118.29302098746898,gamma_gamma_conditional_expectation,351.73,61.51,Low risk / High value
16519,0.5365681767463684,False,2.0,283.0,465.0,133.625,0.817309756954668,140.23278714105285,gamma_gamma_conditional_expectation,114.61,61.5,High risk / Low value
14962,0.5319321513175964,True,3.0,314.0,401.0,81.73333333333333,1.3448111884389873,85.94922113032136,gamma_gamma_conditional_expectation,115.59,61.49,High risk / Low value
13669,0.7497851252555847,False,0.0,0.0,224.0,0.0,0.4200076681188364,195.0,own_observed_transaction (Gamma-Gamma unstable at frequency=0),81.9,61.41,High risk / Low value
15584,0.6151273608207702,False,1.0,271.0,487.0,195.35,0.4761923792776598,209.28802538045161,gamma_gamma_conditional_expectation,99.66,61.3,High risk / Low value
14283,0.5825104594230652,True,3.0,106.0,386.0,131.79666666666665,0.7720456266235126,136.18775180126372,gamma_gamma_conditional_expectation,105.14,61.25,High risk / Low value
14219,0.6189089059829712,False,1.0,84.0,310.0,148.25,0.6121276214713047,161.690058765072,gamma_gamma_conditional_expectation,98.97,61.25,High risk / Low value
16599,0.7810959815979004,True,0.0,0.0,202.0,0.0,0.4536258481034158,172.8,own_observed_transaction (Gamma-Gamma unstable at frequency=0),78.39,61.23,High risk / Low value
12771,0.8131573915481567,True,0.0,0.0,302.0,0.0,0.3326820528422975,226.3,own_observed_transaction (Gamma-Gamma unstable at frequency=0),75.29,61.22,High risk / Low value
17228,0.0895712472498417,False,8.0,430.0,454.0,228.83375,2.96260125652634,230.603878794493,gamma_gamma_conditional_expectation,683.19,61.19,Low risk / High value
15602,0.0895712472498417,False,11.0,537.0,554.0,201.2990909090909,3.3668021203283174,202.55978499978784,gamma_gamma_conditional_expectation,681.98,61.09,Low risk / High value
17510,0.7364726781845092,False,0.0,0.0,237.0,0.0,0.4023932096440021,206.08,own_observed_transaction (Gamma-Gamma unstable at frequency=0),82.93,61.08,High risk / Low value
12736,0.7543903827667237,True,0.0,0.0,149.0,0.0,0.5621477016166916,144.0,own_observed_transaction (Gamma-Gamma unstable at frequency=0),80.95,61.07,High risk / Low value
18054,0.7810959815979004,True,0.0,0.0,209.0,0.0,0.4423578046380255,176.5,own_observed_transaction (Gamma-Gamma unstable at frequency=0),78.08,60.99,High risk / Low value
17654,0.693017303943634,True,0.0,0.0,94.0,0.0,0.7484262546508726,117.55,own_observed_transaction (Gamma-Gamma unstable at frequency=0),87.98,60.97,High risk / Low value
16206,0.0895712472498417,False,9.0,476.0,501.0,222.34333333333336,3.037037368281663,223.9089987763278,gamma_gamma_conditional_expectation,680.02,60.91,Low risk / High value
16640,0.7810959815979004,True,0.0,0.0,214.0,0.0,0.43464714217748496,179.4,own_observed_transaction (Gamma-Gamma unstable at frequency=0),77.98,60.91,High risk / Low value
15483,0.2965662062168121,False,4.0,418.0,501.0,140.21,1.4304442404263464,143.52249775141223,gamma_gamma_conditional_expectation,205.3,60.89,Low risk / Low value
17646,0.052385063469409944,True,11.0,504.0,540.0,337.6627272727273,3.4270771839643546,339.05323818264833,gamma_gamma_conditional_expectation,1161.96,60.87,Low risk / High value
14776,0.052385063469409944,False,6.0,228.0,263.0,326.15000000000003,3.532924945633302,328.6811847178931,gamma_gamma_conditional_expectation,1161.21,60.83,Low risk / High value
14843,0.7497851252555847,True,0.0,0.0,253.0,0.0,0.3826481117504293,211.8,own_observed_transaction (Gamma-Gamma unstable at frequency=0),81.04,60.76,High risk / Low value
17376,0.4933562397956848,False,2.0,211.0,339.0,107.52,1.0784841554772682,113.99051472688072,gamma_gamma_conditional_expectation,122.94,60.65,High risk / Low value
13079,0.7497851252555847,False,0.0,0.0,234.0,0.0,0.4063252420277747,199.08,own_observed_transaction (Gamma-Gamma unstable at frequency=0),80.89,60.65,High risk / Low value
17542,0.6189089059829712,True,1.0,372.0,458.0,170.75,0.5311350248913694,184.4279409061769,gamma_gamma_conditional_expectation,97.96,60.63,High risk / Low value
16856,0.6706136584281921,False,1.0,25.0,259.0,139.31,0.5922351633022984,152.6555402610063,gamma_gamma_conditional_expectation,90.41,60.63,High risk / Low value
14238,0.57538400888443,True,2.0,408.0,551.0,137.565,0.7302269172798884,144.1935055211271,gamma_gamma_conditional_expectation,105.29,60.58,High risk / Low value
16490,0.7704907298088074,True,0.0,0.0,253.0,0.0,0.3826481117504293,205.41,own_observed_transaction (Gamma-Gamma unstable at frequency=0),78.6,60.56,High risk / Low value
14981,0.5882045149803161,True,1.0,177.0,240.0,102.12,0.8945479224306633,115.07234751310891,gamma_gamma_conditional_expectation,102.94,60.55,High risk / Low value
15515,0.7810959815979004,True,0.0,0.0,204.0,0.0,0.45034803555681113,171.81,own_observed_transaction (Gamma-Gamma unstable at frequency=0),77.37,60.43,High risk / Low value
14945,0.8177626490592956,True,0.0,0.0,230.0,0.0,0.41168946847343063,179.4,own_observed_transaction (Gamma-Gamma unstable at frequency=0),73.86,60.4,High risk / Low value
16862,0.603021764755249,True,3.0,154.0,518.0,165.57666666666668,0.5888003627844454,170.0859653853459,gamma_gamma_conditional_expectation,100.15,60.39,High risk / Low value
14995,0.6884120464324951,False,0.0,0.0,97.0,0.0,0.735115717815267,119.31,own_observed_transaction (Gamma-Gamma unstable at frequency=0),87.71,60.38,High risk / Low value
18113,0.8177626490592956,True,0.0,0.0,185.0,0.0,0.48354946947915173,152.64,own_observed_transaction (Gamma-Gamma unstable at frequency=0),73.81,60.36,High risk / Low value
13995,0.07160023152828217,False,9.0,476.0,538.0,297.22999999999996,2.820332296601069,298.8828177628134,gamma_gamma_conditional_expectation,842.95,60.36,Low risk / High value
14635,0.7704907298088074,True,0.0,0.0,270.0,0.0,0.36369235482987583,215.22,own_observed_transaction (Gamma-Gamma unstable at frequency=0),78.27,60.31,High risk / Low value
14975,0.7810959815979004,False,0.0,0.0,238.0,0.0,0.40109944258974356,192.45,own_observed_transaction (Gamma-Gamma unstable at frequency=0),77.19,60.29,High risk / Low value
15688,0.7810959815979004,True,0.0,0.0,235.0,0.0,0.4050060265331567,190.57,own_observed_transaction (Gamma-Gamma unstable at frequency=0),77.18,60.28,High risk / Low value
16939,0.6189089059829712,True,2.0,161.0,466.0,139.325,0.666822394715296,145.9627604320232,gamma_gamma_conditional_expectation,97.33,60.24,High risk / Low value
14513,0.3382697284221649,False,4.0,362.0,385.0,94.5775,1.8209684148331187,97.77033376223342,gamma_gamma_conditional_expectation,178.04,60.23,Low risk / Low value
17740,0.5355163812637329,True,5.0,308.0,514.0,73.32000000000001,1.4826145426060497,75.82835592064804,gamma_gamma_conditional_expectation,112.42,60.2,High risk / Low value
16932,0.6527320265769958,False,1.0,148.0,388.0,157.29,0.5398308545034239,170.82563452309813,gamma_gamma_conditional_expectation,92.22,60.19,High risk / Low value
14992,0.7607741355895996,True,0.0,0.0,259.0,0.0,0.375735647820242,210.5,own_observed_transaction (Gamma-Gamma unstable at frequency=0),79.09,60.17,High risk / Low value
12746,0.8131573915481567,True,0.0,0.0,357.0,0.0,0.2901793291515395,254.55,own_observed_transaction (Gamma-Gamma unstable at frequency=0),73.87,60.07,High risk / Low value
12999,0.23286690413951874,True,2.0,49.0,62.0,67.8,3.482172478105334,74.06164821506624,gamma_gamma_conditional_expectation,257.9,60.06,Low risk / Low value
14811,0.7817434430122375,True,0.0,0.0,204.0,0.0,0.45034803555681113,170.5,own_observed_transaction (Gamma-Gamma unstable at frequency=0),76.78,60.02,High risk / Low value
18043,0.36231192350387575,False,1.0,160.0,183.0,135.35,1.1141633480164288,148.65367300417185,gamma_gamma_conditional_expectation,165.62,60.01,Low risk / Low value
16043,0.0895712472498417,False,6.0,270.0,298.0,205.7733333333333,3.2161905866478597,208.09425604144607,gamma_gamma_conditional_expectation,669.27,59.95,Low risk / High value
15230,0.4144762337207794,True,1.0,1.0,57.0,59.4,2.0106684322821544,71.90068862119772,gamma_gamma_conditional_expectation,144.57,59.92,Low risk / Low value
15819,0.056759797781705854,False,5.0,432.0,448.0,536.232,1.9540455235037957,539.7109774635796,gamma_gamma_conditional_expectation,1054.62,59.86,Low risk / High value
12637,0.03407371304929256,False,6.0,304.0,360.0,641.72,2.7246470698533147,644.8023910626418,gamma_gamma_conditional_expectation,1756.86,59.86,Low risk / High value
16073,0.7317129135131836,True,0.0,0.0,114.0,0.0,0.6678608871637426,122.4,own_observed_transaction (Gamma-Gamma unstable at frequency=0),81.75,59.82,High risk / Low value
17326,0.6260984539985657,True,1.0,121.0,346.0,149.35,0.5866292757987469,162.80168855863712,gamma_gamma_conditional_expectation,95.5,59.79,High risk / Low value
17785,0.6726304650306701,False,1.0,120.0,382.0,156.19,0.5232768149609283,169.714004729533,gamma_gamma_conditional_expectation,88.81,59.74,High risk / Low value
13861,0.6726304650306701,True,1.0,101.0,347.0,144.83,0.5611562990798397,158.23390067962407,gamma_gamma_conditional_expectation,88.79,59.72,High risk / Low value
17781,0.6678120851516723,False,0.0,0.0,70.0,0.0,0.87539114251235,102.0,own_observed_transaction (Gamma-Gamma unstable at frequency=0),89.29,59.63,High risk / Low value
13428,0.6853560090065003,False,0.0,0.0,331.0,0.0,0.30882793764705146,281.51,own_observed_transaction (Gamma-Gamma unstable at frequency=0),86.94,59.58,High risk / Low value
17436,0.4531506597995758,False,3.0,506.0,549.0,121.22000000000001,1.045908289257303,125.57407194115987,gamma_gamma_conditional_expectation,131.34,59.52,High risk / Low value
16690,0.4771506547927856,False,2.0,250.0,268.0,84.075,1.3775638827117491,90.42222984849477,gamma_gamma_conditional_expectation,124.56,59.43,High risk / Low value
16792,0.38892064094543455,True,3.0,422.0,521.0,137.39,1.0773611178305293,141.80065908309612,gamma_gamma_conditional_expectation,152.77,59.42,Low risk / Low value
17248,0.7764907240867615,False,0.0,0.0,298.0,0.0,0.33626531508849644,227.51,own_observed_transaction (Gamma-Gamma unstable at frequency=0),76.5,59.4,High risk / Low value
15562,0.49694046974182127,True,2.0,375.0,543.0,156.435,0.7309526782818206,163.16273288965527,gamma_gamma_conditional_expectation,119.26,59.27,High risk / Low value
17215,0.903333556652069,True,0.0,0.0,281.0,0.0,0.3523990622343486,186.15,own_observed_transaction (Gamma-Gamma unstable at frequency=0),65.6,59.26,High risk / Low value
17191,0.05202274471521377,False,9.0,547.0,555.0,406.09777777777776,2.7860886843801134,407.87729472229074,gamma_gamma_conditional_expectation,1136.38,59.12,Low risk / High value
15650,0.6726304650306701,True,1.0,107.0,445.0,194.8,0.42083947550823203,208.73221048366906,gamma_gamma_conditional_expectation,87.84,59.08,High risk / Low value
17883,0.4771506547927856,False,2.0,406.0,469.0,137.475,0.8592257075114477,144.10303225863808,gamma_gamma_conditional_expectation,123.82,59.08,High risk / Low value
12928,0.052385063469409944,False,7.0,308.0,366.0,362.49142857142857,3.0877549981519747,364.7148700308955,gamma_gamma_conditional_expectation,1126.15,58.99,Low risk / High value
15800,0.2965662062168121,False,2.0,372.0,435.0,210.20999999999998,0.9156106441291528,217.2205072268361,gamma_gamma_conditional_expectation,198.89,58.98,Low risk / Low value
14111,0.6527320265769958,False,0.0,0.0,58.0,0.0,0.9567054734575042,94.2,own_observed_transaction (Gamma-Gamma unstable at frequency=0),90.12,58.82,High risk / Low value
17117,0.7205630898475647,True,0.0,0.0,105.0,0.0,0.7018448364139209,116.2,own_observed_transaction (Gamma-Gamma unstable at frequency=0),81.55,58.76,High risk / Low value
17170,0.6742263197898865,True,1.0,15.0,206.0,106.2,0.7310077865438883,119.19548347469593,gamma_gamma_conditional_expectation,87.13,58.75,High risk / Low value
17983,0.7810959815979004,True,0.0,0.0,212.0,0.0,0.43769880727370053,171.71,own_observed_transaction (Gamma-Gamma unstable at frequency=0),75.16,58.71,High risk / Low value
14774,0.8131573915481567,True,0.0,0.0,345.0,0.0,0.29849790473566723,241.45,own_observed_transaction (Gamma-Gamma unstable at frequency=0),72.07,58.6,High risk / Low value
17261,0.8131573915481567,True,0.0,0.0,326.0,0.0,0.3126930675528919,230.44,own_observed_transaction (Gamma-Gamma unstable at frequency=0),72.06,58.6,High risk / Low value
16312,0.8838452577590943,True,0.0,0.0,249.0,0.0,0.38739991182991984,171.15,own_observed_transaction (Gamma-Gamma unstable at frequency=0),66.3,58.6,High risk / Low value
15421,0.05481536090373993,False,7.0,517.0,549.0,479.0414285714286,2.216335698362185,481.4393219016169,gamma_gamma_conditional_expectation,1067.03,58.49,Low risk / High value
15870,0.5824150562286377,False,1.0,50.0,263.0,138.28,0.6616895234168987,151.6146505452135,gamma_gamma_conditional_expectation,100.32,58.43,High risk / Low value
12609,0.07326689809560775,False,7.0,533.0,536.0,348.16285714285715,2.275698613573287,350.3648516174208,gamma_gamma_conditional_expectation,797.32,58.42,Low risk / High value
13082,0.03407371304929256,False,12.0,482.0,534.0,457.51,3.733913513074913,458.8891112146591,gamma_gamma_conditional_expectation,1713.45,58.38,Low risk / High value
17372,0.05202274471521377,False,23.0,553.0,553.0,162.01913043478262,6.88142400515091,162.60389649007732,gamma_gamma_conditional_expectation,1118.95,58.21,Low risk / High value
13415,0.5355163812637329,True,2.0,256.0,545.0,158.625,0.6572269047925302,165.3642489435544,gamma_gamma_conditional_expectation,108.68,58.2,High risk / Low value
16655,0.04562543779611587,False,8.0,492.0,494.0,458.695,2.7666234800699527,460.76612146582227,gamma_gamma_conditional_expectation,1274.77,58.16,Low risk / High value
12974,0.5824150562286377,True,1.0,368.0,382.0,144.8,0.6311989632840704,158.2035835034359,gamma_gamma_conditional_expectation,99.86,58.16,High risk / Low value
16406,0.6527320265769958,False,1.0,203.0,470.0,176.76,0.46722574668483574,190.50148186920092,gamma_gamma_conditional_expectation,89.01,58.1,High risk / Low value
12428,0.0704328440129757,False,3.0,41.0,100.0,233.7733333333333,3.45702374936787,238.52128724411207,gamma_gamma_conditional_expectation,824.57,58.08,Low risk / High value
13703,0.606226897239685,True,1.0,97.0,232.0,99.5,0.852033293975706,112.42464745934468,gamma_gamma_conditional_expectation,95.79,58.07,High risk / Low value
15843,0.7543903827667237,True,0.0,0.0,120.0,0.0,0.6469863466833776,118.95,own_observed_transaction (Gamma-Gamma unstable at frequency=0),76.96,58.06,High risk / Low value
13387,0.7750959873199463,True,0.0,0.0,234.0,0.0,0.4063252420277747,184.34,own_observed_transaction (Gamma-Gamma unstable at frequency=0),74.9,58.05,High risk / Low value
16183,0.5196419596672058,False,2.0,13.0,224.0,142.5,0.7486880333503767,149.1544560809409,gamma_gamma_conditional_expectation,111.67,58.03,High risk / Low value
16373,0.6407037734985351,True,1.0,29.0,228.0,114.75,0.7079281315011924,127.83587868831579,gamma_gamma_conditional_expectation,90.5,57.98,High risk / Low value
17382,0.5355163812637329,False,5.0,134.0,386.0,123.096,0.8599160036717669,125.70872491069575,gamma_gamma_conditional_expectation,108.1,57.89,High risk / Low value
14701,0.052385063469409944,False,8.0,437.0,501.0,407.78000000000003,2.6846235827633573,409.7844506291296,gamma_gamma_conditional_expectation,1100.12,57.63,Low risk / High value
15446,0.5439133286476135,True,2.0,350.0,543.0,140.26,0.7210904690343583,146.90267710343676,gamma_gamma_conditional_expectation,105.93,57.62,High risk / Low value
16299,0.8748844385147094,True,0.0,0.0,294.0,0.0,0.33992680370770745,193.65,own_observed_transaction (Gamma-Gamma unstable at frequency=0),65.83,57.59,High risk / Low value
12910,0.05036249086260795,False,5.0,424.0,438.0,569.204,1.9930200335941306,572.7521122743289,gamma_gamma_conditional_expectation,1141.51,57.49,Low risk / High value
16136,0.6527320265769958,False,1.0,386.0,480.0,159.3,0.5093333287676544,172.85688532770354,gamma_gamma_conditional_expectation,88.04,57.47,High risk / Low value
16133,0.010793289542198181,False,30.0,433.0,435.0,483.07866666666666,10.992722092454356,483.6389421861905,gamma_gamma_conditional_expectation,5316.51,57.38,Low risk / High value
13063,0.903333556652069,True,0.0,0.0,297.0,0.0,0.3371732540665695,188.4,own_observed_transaction (Gamma-Gamma unstable at frequency=0),63.52,57.38,High risk / Low value
16662,0.7968868017196655,True,0.0,0.0,211.0,0.0,0.43924082417396304,163.8,own_observed_transaction (Gamma-Gamma unstable at frequency=0),71.95,57.34,High risk / Low value
14889,0.7641069769859314,True,0.0,0.0,153.0,0.0,0.552168924840869,135.9,own_observed_transaction (Gamma-Gamma unstable at frequency=0),75.04,57.34,High risk / Low value
16006,0.4871299505233765,True,1.0,176.0,204.0,101.4,1.0278747376968136,114.34473528459355,gamma_gamma_conditional_expectation,117.53,57.25,High risk / Low value
13263,0.021261243894696236,False,17.0,222.0,230.0,253.32294117647058,10.5818017408801,254.17044600838997,gamma_gamma_conditional_expectation,2689.58,57.18,Low risk / High value
17202,0.8838452577590943,True,0.0,0.0,237.0,0.0,0.4023932096440021,160.65,own_observed_transaction (Gamma-Gamma unstable at frequency=0),64.64,57.13,High risk / Low value
14344,0.057122116535902025,False,17.0,420.0,443.0,160.82529411764708,6.188445170256647,161.6158401349958,gamma_gamma_conditional_expectation,1000.15,57.13,Low risk / High value
18145,0.05202274471521377,False,8.0,527.0,548.0,433.78999999999996,2.5179158452320083,435.828509520662,gamma_gamma_conditional_expectation,1097.38,57.09,Low risk / High value
17233,0.6547488331794739,False,1.0,276.0,541.0,190.62,0.42638712081056956,204.50801726812156,gamma_gamma_conditional_expectation,87.2,57.09,High risk / Low value
15114,0.0895712472498417,False,4.0,204.0,238.0,235.1975,2.659656376134558,238.7590873952433,gamma_gamma_conditional_expectation,635.02,56.88,Low risk / High value
18279,0.804728651046753,True,0.0,0.0,336.0,0.0,0.30505739287060374,231.34,own_observed_transaction (Gamma-Gamma unstable at frequency=0),70.57,56.79,High risk / Low value
16402,0.5355163812637329,True,1.0,105.0,186.0,87.8,1.0532120734513253,100.60094874597013,gamma_gamma_conditional_expectation,105.95,56.74,High risk / Low value
18155,0.7205630898475647,False,0.0,0.0,108.0,0.0,0.6901365392136817,113.93,own_observed_transaction (Gamma-Gamma unstable at frequency=0),78.63,56.66,High risk / Low value
12741,0.8131573915481567,True,0.0,0.0,350.0,0.0,0.2949744386124333,236.07,own_observed_transaction (Gamma-Gamma unstable at frequency=0),69.63,56.62,High risk / Low value
17340,0.010793289542198181,False,10.0,471.0,480.0,1498.735,3.4925683558641185,1501.4806855093964,gamma_gamma_conditional_expectation,5244.02,56.6,Low risk / High value
16455,0.052385063469409944,False,7.0,415.0,436.0,395.97285714285715,2.7121637637196696,398.24641355598095,gamma_gamma_conditional_expectation,1080.11,56.58,Low risk / High value
15072,0.8923105835914612,True,0.0,0.0,296.0,0.0,0.3380861215411601,187.52,own_observed_transaction (Gamma-Gamma unstable at frequency=0),63.4,56.57,High risk / Low value
14571,0.8838452577590943,True,0.0,0.0,242.0,0.0,0.3960067670704817,161.65,own_observed_transaction (Gamma-Gamma unstable at frequency=0),64.01,56.57,High risk / Low value
15788,0.8131573915481567,True,0.0,0.0,325.0,0.0,0.31347775831715874,221.83,own_observed_transaction (Gamma-Gamma unstable at frequency=0),69.54,56.55,High risk / Low value
14011,0.6706136584281921,True,1.0,127.0,424.0,165.48,0.4692704836332437,179.10222362246031,gamma_gamma_conditional_expectation,84.05,56.37,High risk / Low value
16356,0.35989345908164977,True,4.0,354.0,368.0,79.3925,1.8952618485583894,82.5455135096573,gamma_gamma_conditional_expectation,156.45,56.31,Low risk / Low value
13547,0.777321708202362,True,0.0,0.0,225.0,0.0,0.41859795807927186,172.98,own_observed_transaction (Gamma-Gamma unstable at frequency=0),72.41,56.29,High risk / Low value
13877,0.6726304650306701,False,1.0,219.0,506.0,177.61,0.43725923810602807,191.3604685278649,gamma_gamma_conditional_expectation,83.67,56.28,High risk / Low value
17515,0.0895712472498417,False,7.0,344.0,367.0,198.05571428571426,3.1331338988270523,200.03302860686676,gamma_gamma_conditional_expectation,626.73,56.14,Low risk / High value
18116,0.052385063469409944,False,11.0,177.0,228.0,160.06181818181815,6.63764573521,161.2832548009363,gamma_gamma_conditional_expectation,1070.54,56.08,Low risk / High value
15356,0.052385063469409944,False,7.0,204.0,239.0,242.64285714285714,4.370604485314531,244.6869094346793,gamma_gamma_conditional_expectation,1069.43,56.02,Low risk / High value
14287,0.4677848041057587,False,0.0,0.0,15.0,0.0,1.4374749976254422,83.28,own_observed_transaction (Gamma-Gamma unstable at frequency=0),119.71,56.0,High risk / Low value
17256,0.4933562397956848,False,2.0,288.0,417.0,116.6,0.9212279914986661,123.11826165354928,gamma_gamma_conditional_expectation,113.42,55.96,High risk / Low value
15960,0.5402782797813416,True,3.0,61.0,252.0,83.35000000000001,1.1826592575874595,87.57154534467699,gamma_gamma_conditional_expectation,103.57,55.96,High risk / Low value
13984,0.11275306567549706,False,8.0,483.0,549.0,198.2275,2.4810519512451883,199.9575513262513,gamma_gamma_conditional_expectation,496.11,55.94,Low risk / High value
15709,0.6532560110092163,True,1.0,306.0,406.0,133.25,0.5837746116619685,146.53147067100204,gamma_gamma_conditional_expectation,85.54,55.88,High risk / Low value
17969,0.3091788232326508,False,18.0,372.0,550.0,120.30777777777777,1.4927063939282434,121.03081581077292,gamma_gamma_conditional_expectation,180.66,55.86,Low risk / Low value
14455,0.5402782797813416,True,3.0,63.0,312.0,133.95000000000002,0.74699999642551,138.34862075481783,gamma_gamma_conditional_expectation,103.35,55.84,High risk / Low value
16444,0.05202274471521377,False,13.0,431.0,442.0,222.09230769230768,4.809509164390508,223.175639741211,gamma_gamma_conditional_expectation,1073.37,55.84,Low risk / High value
14807,0.6151273608207702,True,1.0,259.0,466.0,169.65,0.49500304976496096,183.31631111261177,gamma_gamma_conditional_expectation,90.74,55.82,High risk / Low value
13608,0.8131573915481567,True,0.0,0.0,357.0,0.0,0.2901793291515395,236.2,own_observed_transaction (Gamma-Gamma unstable at frequency=0),68.54,55.73,High risk / Low value
18086,0.7205630898475647,True,0.0,0.0,91.0,0.0,0.7622313006339315,101.34,own_observed_transaction (Gamma-Gamma unstable at frequency=0),77.24,55.66,High risk / Low value
13374,0.6706136584281921,True,1.0,35.0,266.0,123.2,0.6084833801897277,136.3752166479752,gamma_gamma_conditional_expectation,82.98,55.65,High risk / Low value
15936,0.6575504064559936,True,1.0,88.0,284.0,111.17,0.6812727568580937,124.2180289965311,gamma_gamma_conditional_expectation,84.63,55.65,High risk / Low value
17288,0.052385063469409944,False,6.0,187.0,211.0,250.5583333333333,4.197614679865702,252.95748203298382,gamma_gamma_conditional_expectation,1061.82,55.62,Low risk / High value
12686,0.8177626490592956,True,0.0,0.0,188.0,0.0,0.4779841048340019,142.28,own_observed_transaction (Gamma-Gamma unstable at frequency=0),68.01,55.62,High risk / Low value
13903,0.7810959815979004,True,0.0,0.0,217.0,0.0,0.4301488806800971,165.45,own_observed_transaction (Gamma-Gamma unstable at frequency=0),71.17,55.59,High risk / Low value
17930,0.057122116535902025,False,8.0,406.0,462.0,335.2475,2.885549679911689,337.156972676416,gamma_gamma_conditional_expectation,972.88,55.57,Low risk / High value
15729,0.5355163812637329,True,2.0,191.0,220.0,58.85,1.594049014981381,65.06458488977069,gamma_gamma_conditional_expectation,103.72,55.54,High risk / Low value
15640,0.010793289542198181,False,17.0,540.0,542.0,984.1847058823529,5.221924932502992,985.4822656189792,gamma_gamma_conditional_expectation,5146.11,55.54,Low risk / High value
18255,0.7704907298088074,False,0.0,0.0,273.0,0.0,0.36054100837998876,199.85,own_observed_transaction (Gamma-Gamma unstable at frequency=0),72.05,55.51,High risk / Low value
17045,0.4284809172153473,False,2.0,182.0,246.0,83.775,1.437595734463168,90.12065230686474,gamma_gamma_conditional_expectation,129.56,55.51,Low risk / Low value
15166,0.9490982174873352,True,0.0,0.0,284.0,0.0,0.34944008570784924,167.16,own_observed_transaction (Gamma-Gamma unstable at frequency=0),58.41,55.44,High risk / Low value
16606,0.6570159435272217,True,1.0,30.0,251.0,119.7,0.6351232782246159,132.8382127593589,gamma_gamma_conditional_expectation,84.37,55.43,High risk / Low value
14078,0.1275757610797882,False,7.0,437.0,438.0,158.1,2.713000653954437,160.01750866604183,gamma_gamma_conditional_expectation,434.13,55.38,Low risk / High value
12504,0.6678120851516723,False,1.0,179.0,413.0,144.6,0.5248757026307547,158.00146899551495,gamma_gamma_conditional_expectation,82.93,55.38,High risk / Low value
15044,0.015555194392800332,False,21.0,516.0,540.0,555.4995238095238,6.396705711610821,556.3361342167264,gamma_gamma_conditional_expectation,3558.72,55.36,Low risk / High value
15488,0.6137598514556885,False,3.0,127.0,400.0,100.87333333333333,0.8577612542256972,105.15620182893986,gamma_gamma_conditional_expectation,90.2,55.36,High risk / Low value
17050,0.04562543779611587,False,8.0,495.0,499.0,440.23375,2.7415536536144263,442.2806973131385,gamma_gamma_conditional_expectation,1212.54,55.32,Low risk / High value
13195,0.7810959815979004,True,0.0,0.0,231.0,0.0,0.41033513373981223,172.38,own_observed_transaction (Gamma-Gamma unstable at frequency=0),70.73,55.25,High risk / Low value
14253,0.7129017949104309,True,1.0,130.0,440.0,158.05,0.4515351544453461,171.5936696531977,gamma_gamma_conditional_expectation,77.48,55.24,High risk / Low value
12929,0.7543903827667237,True,0.0,0.0,128.0,0.0,0.6211129833254841,117.85,own_observed_transaction (Gamma-Gamma unstable at frequency=0),73.2,55.22,High risk / Low value
14926,0.6678120851516723,True,1.0,217.0,415.0,139.2,0.542044344847299,152.5443772816498,gamma_gamma_conditional_expectation,82.69,55.22,High risk / Low value
14058,0.6726304650306701,True,1.0,68.0,347.0,147.96,0.5081257318754642,161.39699272858664,gamma_gamma_conditional_expectation,82.01,55.16,High risk / Low value
14047,0.052385063469409944,False,9.0,477.0,493.0,339.34444444444443,3.0860882175786992,341.04627455744776,gamma_gamma_conditional_expectation,1052.5,55.14,Low risk / High value
13766,0.8927487254142761,True,0.0,0.0,312.0,0.0,0.32405008350029724,190.35,own_observed_transaction (Gamma-Gamma unstable at frequency=0),61.68,55.06,High risk / Low value
15869,0.6189089059829712,True,1.0,349.0,443.0,149.64,0.544651475744438,163.09475459512245,gamma_gamma_conditional_expectation,88.83,54.98,High risk / Low value
15139,0.6451990723609924,True,1.0,97.0,153.0,56.86,1.2275797318598087,69.33383437060186,gamma_gamma_conditional_expectation,85.11,54.91,High risk / Low value
16687,0.7810959815979004,True,0.0,0.0,207.0,0.0,0.44551950404626317,157.63,own_observed_transaction (Gamma-Gamma unstable at frequency=0),70.23,54.86,High risk / Low value
15079,0.056759797781705854,True,7.0,519.0,548.0,432.68857142857144,2.2213456504306412,435.01708386951174,gamma_gamma_conditional_expectation,966.32,54.85,Low risk / High value
14761,0.6407037734985351,False,1.0,110.0,261.0,97.5,0.7746527833697866,110.40350238013536,gamma_gamma_conditional_expectation,85.52,54.79,High risk / Low value
14462,0.07509313225746155,False,5.0,247.0,249.0,227.144,3.171496090021238,229.97488998375275,gamma_gamma_conditional_expectation,729.36,54.77,Low risk / High value
15122,0.04562543779611587,False,8.0,415.0,436.0,388.77250000000004,3.0691954694269468,390.75206118734553,gamma_gamma_conditional_expectation,1199.29,54.72,Low risk / High value
16339,0.693017303943634,True,0.0,0.0,101.0,0.0,0.7180925102251418,109.95,own_observed_transaction (Gamma-Gamma unstable at frequency=0),78.95,54.71,High risk / Low value
15741,0.7129017949104309,True,1.0,160.0,435.0,145.47,0.4828528524853177,158.88066710497102,gamma_gamma_conditional_expectation,76.72,54.69,High risk / Low value
18076,0.7810959815979004,True,0.0,0.0,197.0,0.0,0.46203382949188976,151.49,own_observed_transaction (Gamma-Gamma unstable at frequency=0),69.99,54.67,High risk / Low value
17350,0.4907220959663391,False,2.0,282.0,493.0,138.86,0.7646420615881503,145.49531524249667,gamma_gamma_conditional_expectation,111.25,54.59,High risk / Low value
16868,0.5695945501327515,True,2.0,199.0,410.0,104.745,0.8610257685754219,111.20092246680305,gamma_gamma_conditional_expectation,95.75,54.54,High risk / Low value
17211,0.06686317846179009,False,9.0,493.0,543.0,288.5155555555555,2.8113133000180737,290.15823153902323,gamma_gamma_conditional_expectation,815.73,54.54,Low risk / High value
14898,0.07160023152828217,False,11.0,496.0,553.0,227.35,3.3304583858856978,228.6354942958415,gamma_gamma_conditional_expectation,761.46,54.52,Low risk / High value
16654,0.0980560950934887,False,6.0,425.0,429.0,229.625,2.3964892051068714,231.98758443134216,gamma_gamma_conditional_expectation,555.96,54.52,Low risk / High value
13686,0.6137598514556885,False,1.0,21.0,218.0,111.6,0.7118660229302435,124.6525751885611,gamma_gamma_conditional_expectation,88.74,54.47,High risk / Low value
14617,0.7159578323364257,True,1.0,13.0,232.0,109.0,0.6232465840916778,122.02508658558898,gamma_gamma_conditional_expectation,76.05,54.45,High risk / Low value
15059,0.07160023152828217,False,12.0,518.0,550.0,206.09416666666667,3.667083145134423,207.25389537115043,gamma_gamma_conditional_expectation,760.02,54.42,Low risk / High value
13097,0.019258898124098776,False,17.0,505.0,555.0,560.1758823529411,5.032652524620392,561.2123431240946,gamma_gamma_conditional_expectation,2824.39,54.39,Low risk / High value
14051,0.015555194392800332,False,22.0,523.0,553.0,533.8422727272728,6.538845762514743,534.6305334575525,gamma_gamma_conditional_expectation,3495.87,54.38,Low risk / High value
16888,0.5914102673530579,True,2.0,301.0,518.0,118.53,0.734435539397127,125.05841050470241,gamma_gamma_conditional_expectation,91.85,54.32,High risk / Low value
15498,0.010793289542198181,False,22.0,534.0,540.0,747.6959090909091,6.723227320954286,748.5859146536151,gamma_gamma_conditional_expectation,5032.91,54.32,Low risk / High value
14796,0.029311808198690413,False,18.0,508.0,542.0,337.7711111111111,5.472228841791278,338.6206163305228,gamma_gamma_conditional_expectation,1853.01,54.32,Low risk / High value
16143,0.045987756550312044,False,9.0,517.0,546.0,417.74555555555554,2.8148902936602713,419.53862806208315,gamma_gamma_conditional_expectation,1180.96,54.31,Low risk / High value
14541,0.0895712472498417,False,10.0,487.0,518.0,184.905,3.2523032260733316,186.274726184528,gamma_gamma_conditional_expectation,605.82,54.26,Low risk / High value
13010,0.6503268003463745,True,1.0,274.0,465.0,153.0,0.5009400638905426,166.49027832819414,gamma_gamma_conditional_expectation,83.4,54.24,High risk / Low value
14858,0.9490982174873352,True,0.0,0.0,322.0,0.0,0.3158556932470465,180.75,own_observed_transaction (Gamma-Gamma unstable at frequency=0),57.09,54.18,High risk / Low value
13161,0.6189089059829712,True,1.0,187.0,317.0,112.75,0.6953598063518928,125.81473360910647,gamma_gamma_conditional_expectation,87.49,54.15,High risk / Low value
17840,0.7772916197776795,True,0.0,0.0,260.0,0.0,0.3746078478714057,185.72,own_observed_transaction (Gamma-Gamma unstable at frequency=0),69.57,54.08,High risk / Low value
17257,0.7329841494560242,True,0.0,0.0,253.0,0.0,0.3826481117504293,192.73,own_observed_transaction (Gamma-Gamma unstable at frequency=0),73.75,54.06,High risk / Low value
15647,0.7810959815979004,True,0.0,0.0,232.0,0.0,0.4089897094782953,169.0,own_observed_transaction (Gamma-Gamma unstable at frequency=0),69.12,53.99,High risk / Low value
12553,0.04562543779611587,False,6.0,219.0,240.0,307.18333333333334,3.8185940733430774,309.68138896099157,gamma_gamma_conditional_expectation,1182.55,53.95,Low risk / High value
18132,0.7502516269683838,True,0.0,0.0,321.0,0.0,0.31665639366947784,226.9,own_observed_transaction (Gamma-Gamma unstable at frequency=0),71.85,53.91,High risk / Low value
17460,0.0895712472498417,False,14.0,461.0,503.0,130.68857142857144,4.5709097056453265,131.62610941560735,gamma_gamma_conditional_expectation,601.65,53.89,Low risk / High value
12383,0.057122116535902025,True,4.0,168.0,169.0,268.21,3.468779562330226,271.8581574372696,gamma_gamma_conditional_expectation,943.02,53.87,Low risk / High value
17612,0.04562543779611587,False,12.0,508.0,539.0,314.8966666666667,3.733473786139617,316.1513351577458,gamma_gamma_conditional_expectation,1180.34,53.85,Low risk / High value
13123,0.6706136584281921,True,1.0,57.0,346.0,151.31,0.48699965787796784,164.78241073626225,gamma_gamma_conditional_expectation,80.25,53.82,High risk / Low value
13682,0.5474150538444519,True,0.0,0.0,4.0,0.0,1.6512608657716208,59.5,own_observed_transaction (Gamma-Gamma unstable at frequency=0),98.25,53.78,High risk / Low value
16622,0.82767174243927,True,0.0,0.0,360.0,0.0,0.2881717682417687,225.4,own_observed_transaction (Gamma-Gamma unstable at frequency=0),64.95,53.76,High risk / Low value
13426,0.03407371304929256,False,14.0,492.0,547.0,372.10571428571427,4.224739387851724,373.22379357017,gamma_gamma_conditional_expectation,1576.77,53.73,Low risk / High value
14463,0.565748393535614,False,1.0,294.0,316.0,115.92,0.7360082866724653,129.01824855965324,gamma_gamma_conditional_expectation,94.96,53.72,High risk / Low value
14169,0.6264761686325073,True,1.0,14.0,261.0,145.2,0.5392705348051937,158.60781251927776,gamma_gamma_conditional_expectation,85.53,53.58,High risk / Low value
16877,0.5355163812637329,False,0.0,0.0,25.0,0.0,1.286558623037214,77.75,own_observed_transaction (Gamma-Gamma unstable at frequency=0),100.03,53.57,High risk / Low value
18069,0.05202274471521377,False,6.0,414.0,466.0,463.6366666666667,2.204880530200083,466.40799944358,gamma_gamma_conditional_expectation,1028.37,53.5,Low risk / High value
17783,0.6075944066047668,False,1.0,265.0,329.0,112.41,0.7017570045741635,125.47113894564087,gamma_gamma_conditional_expectation,88.05,53.5,High risk / Low value
14704,0.6678120851516723,False,1.0,200.0,441.0,146.82,0.49984864830514547,160.24494003343733,gamma_gamma_conditional_expectation,80.1,53.49,High risk / Low value
13714,0.9428604006767273,True,0.0,0.0,282.0,0.0,0.3514071698086263,161.35,own_observed_transaction (Gamma-Gamma unstable at frequency=0),56.7,53.46,High risk / Low value
17245,0.5824150562286377,True,1.0,485.0,506.0,171.45,0.495780518013037,185.13534168390015,gamma_gamma_conditional_expectation,91.79,53.46,High risk / Low value
13917,0.5218760251998902,False,0.0,0.0,8.0,0.0,1.5664383487545646,65.38,own_observed_transaction (Gamma-Gamma unstable at frequency=0),102.41,53.45,High risk / Low value
15042,0.6047326803207398,True,1.0,396.0,412.0,135.93,0.5920208692461532,149.23980507714256,gamma_gamma_conditional_expectation,88.35,53.43,High risk / Low value
14546,0.056759797781705854,False,7.0,532.0,550.0,420.9942857142857,2.219090748690006,423.3052941653538,gamma_gamma_conditional_expectation,939.35,53.32,Low risk / High value
14895,0.010793289542198181,False,15.0,525.0,546.0,1075.622,4.581612831766154,1077.1565070038878,gamma_gamma_conditional_expectation,4935.11,53.27,Low risk / High value
16089,0.6527320265769958,True,1.0,123.0,326.0,116.79,0.6281821264639195,129.8974466691093,gamma_gamma_conditional_expectation,81.6,53.26,High risk / Low value
14515,0.052385063469409944,False,6.0,359.0,367.0,369.4533333333333,2.7316676538411655,372.06015601453754,gamma_gamma_conditional_expectation,1016.34,53.24,Low risk / High value
17218,0.057122116535902025,False,12.0,469.0,500.0,232.5666666666667,3.985135554563821,233.74949496445618,gamma_gamma_conditional_expectation,931.52,53.21,Low risk / High value
14303,0.6634241104125976,True,1.0,27.0,251.0,115.34,0.6238336970124938,128.43211648668256,gamma_gamma_conditional_expectation,80.12,53.15,High risk / Low value
17807,0.5536413431167603,True,2.0,309.0,521.0,124.095,0.73433268960728,130.65267390193927,gamma_gamma_conditional_expectation,95.94,53.12,High risk / Low value
12799,0.8131573915481567,True,0.0,0.0,346.0,0.0,0.297786479713064,219.35,own_observed_transaction (Gamma-Gamma unstable at frequency=0),65.32,53.12,High risk / Low value
14521,0.8131573915481567,True,0.0,0.0,308.0,0.0,0.3274484260907809,199.45,own_observed_transaction (Gamma-Gamma unstable at frequency=0),65.31,53.11,High risk / Low value
17112,0.8131573915481567,True,0.0,0.0,319.0,0.0,0.3182700631717941,205.17,own_observed_transaction (Gamma-Gamma unstable at frequency=0),65.3,53.1,High risk / Low value
17390,0.8838452577590943,True,0.0,0.0,237.0,0.0,0.4023932096440021,149.3,own_observed_transaction (Gamma-Gamma unstable at frequency=0),60.08,53.1,High risk / Low value
17440,0.5971997261047364,False,1.0,302.0,366.0,124.62,0.6440483472309537,137.81022965421383,gamma_gamma_conditional_expectation,88.76,53.01,High risk / Low value
16115,0.09972276166081429,False,6.0,362.0,391.0,204.00666666666666,2.5761485200094616,206.32450353684894,gamma_gamma_conditional_expectation,531.52,53.0,Low risk / High value
15378,0.7129017949104309,True,1.0,39.0,318.0,136.5,0.49544547761098306,149.8158314247172,gamma_gamma_conditional_expectation,74.23,52.92,High risk / Low value
13952,0.014496993273496628,True,10.0,506.0,540.0,1159.673,3.1339922298299343,1162.0635897050622,gamma_gamma_conditional_expectation,3641.9,52.8,Low risk / High value
13719,0.07160023152828217,False,7.0,366.0,388.0,244.24285714285716,2.992183384298087,246.28930431235548,gamma_gamma_conditional_expectation,736.94,52.77,Low risk / High value
14457,0.7432405591011048,True,0.0,0.0,127.0,0.0,0.624232772353115,113.64,own_observed_transaction (Gamma-Gamma unstable at frequency=0),70.94,52.73,High risk / Low value
16937,0.8131573915481567,True,0.0,0.0,316.0,0.0,0.3207217135685262,202.1,own_observed_transaction (Gamma-Gamma unstable at frequency=0),64.82,52.71,High risk / Low value
15912,0.2965662062168121,False,4.0,496.0,546.0,128.945,1.3418083033058392,132.22795707671548,gamma_gamma_conditional_expectation,177.42,52.62,Low risk / Low value
12476,0.014496993273496628,False,10.0,283.0,318.0,741.435,4.8791277180776405,743.3875737698845,gamma_gamma_conditional_expectation,3627.08,52.58,Low risk / High value
18146,0.599583625793457,False,0.0,0.0,37.0,0.0,1.1429656569653117,76.65,own_observed_transaction (Gamma-Gamma unstable at frequency=0),87.61,52.53,High risk / Low value
15083,0.6933740854263306,True,0.0,0.0,73.0,0.0,0.8571940464203481,88.2,own_observed_transaction (Gamma-Gamma unstable at frequency=0),75.6,52.42,High risk / Low value
16610,0.599583625793457,True,0.0,0.0,36.0,0.0,1.1536828049960848,75.66,own_observed_transaction (Gamma-Gamma unstable at frequency=0),87.29,52.34,High risk / Low value
15902,0.7810959815979004,True,0.0,0.0,197.0,0.0,0.46203382949188976,145.01,own_observed_transaction (Gamma-Gamma unstable at frequency=0),67.0,52.33,High risk / Low value
14696,0.052385063469409944,False,4.0,234.0,238.0,366.5025,2.6942712892977063,370.40841391908316,gamma_gamma_conditional_expectation,997.98,52.28,Low risk / High value
17786,0.7543903827667237,False,0.0,0.0,134.0,0.0,0.6030334690021206,114.85,own_observed_transaction (Gamma-Gamma unstable at frequency=0),69.26,52.25,High risk / Low value
12804,0.6706136584281921,True,1.0,35.0,317.0,147.09,0.4854570136897722,160.5177946191306,gamma_gamma_conditional_expectation,77.92,52.25,High risk / Low value
15668,0.5820424318313598,True,0.0,0.0,34.0,0.0,1.1757386201319502,76.32,own_observed_transaction (Gamma-Gamma unstable at frequency=0),89.73,52.23,High risk / Low value
17287,0.05202274471521377,False,14.0,531.0,553.0,235.57,4.239388792353879,236.58597247170187,gamma_gamma_conditional_expectation,1002.98,52.18,Low risk / High value
15288,0.05036249086260795,False,6.0,465.0,482.0,476.21000000000004,2.162476508863713,479.00329462724125,gamma_gamma_conditional_expectation,1035.83,52.17,Low risk / High value
15312,0.07160023152828217,False,9.0,508.0,540.0,254.62111111111113,2.840152810484661,256.22434109445896,gamma_gamma_conditional_expectation,727.72,52.1,Low risk / High value
18020,0.9490982174873352,True,0.0,0.0,360.0,0.0,0.2881717682417687,190.48,own_observed_transaction (Gamma-Gamma unstable at frequency=0),54.89,52.1,High risk / Low value
12559,0.5402782797813416,True,1.0,9.0,136.0,75.6,1.0908997954029054,88.27196376279323,gamma_gamma_conditional_expectation,96.3,52.03,High risk / Low value
17804,0.5365681767463684,True,2.0,362.0,555.0,130.14,0.7088791352930347,136.72946136578412,gamma_gamma_conditional_expectation,96.92,52.0,High risk / Low value
16748,0.057122116535902025,False,11.0,512.0,546.0,266.7390909090909,3.396215461419649,268.06208322588805,gamma_gamma_conditional_expectation,910.4,52.0,Low risk / High value
16665,0.7750959873199463,True,0.0,0.0,179.0,0.0,0.4950799794985958,135.4,own_observed_transaction (Gamma-Gamma unstable at frequency=0),67.03,51.95,High risk / Low value
17767,0.8800199151039123,False,0.0,0.0,227.0,0.0,0.4158068319707154,141.85,own_observed_transaction (Gamma-Gamma unstable at frequency=0),58.98,51.9,High risk / Low value
16390,0.6391617059707642,True,2.0,143.0,496.0,136.85,0.5646513510544456,143.47474571357554,gamma_gamma_conditional_expectation,81.01,51.78,High risk / Low value
13213,0.045987756550312044,False,7.0,385.0,385.0,369.56,3.0277023462023167,371.79402168691473,gamma_gamma_conditional_expectation,1125.68,51.77,Low risk / High value
13129,0.7129017949104309,True,1.0,77.0,346.0,124.5,0.5265779945308402,137.68896094946126,gamma_gamma_conditional_expectation,72.5,51.69,High risk / Low value
15280,0.6726304650306701,False,1.0,83.0,388.0,151.5,0.46562411581800156,164.97441951878716,gamma_gamma_conditional_expectation,76.82,51.67,High risk / Low value
14667,0.010793289542198181,False,36.0,523.0,554.0,454.36333333333334,10.521106273702552,454.82185508959134,gamma_gamma_conditional_expectation,4785.23,51.65,Low risk / High value
13073,0.6585854053497314,True,1.0,26.0,254.0,115.2,0.6108686145276708,128.2906363311379,gamma_gamma_conditional_expectation,78.37,51.61,High risk / Low value
14674,0.9490982174873352,True,0.0,0.0,326.0,0.0,0.3126930675528919,173.66,own_observed_transaction (Gamma-Gamma unstable at frequency=0),54.3,51.54,High risk / Low value
14032,0.052385063469409944,False,9.0,519.0,542.0,344.54999999999995,2.8369170496932914,346.2578882841412,gamma_gamma_conditional_expectation,982.3,51.46,Low risk / High value
13126,0.057122116535902025,False,8.0,394.0,464.0,313.8975,2.853079032706148,315.77901583926797,gamma_gamma_conditional_expectation,900.94,51.46,Low risk / High value
16060,0.527392041683197,True,2.0,94.0,311.0,98.175,0.9326679756780448,104.59637430510563,gamma_gamma_conditional_expectation,97.55,51.45,High risk / Low value
16234,0.6189089059829712,True,2.0,85.0,378.0,120.91,0.65185542729071,127.45092566830056,gamma_gamma_conditional_expectation,83.08,51.42,High risk / Low value
12592,0.32236965000629425,False,1.0,306.0,336.0,213.8,0.6985287904065585,227.93308873615766,gamma_gamma_conditional_expectation,159.22,51.33,Low risk / Low value
13257,0.89560307264328,True,0.0,0.0,253.0,0.0,0.3826481117504293,149.75,own_observed_transaction (Gamma-Gamma unstable at frequency=0),57.3,51.32,High risk / Low value
17938,0.8838452577590943,True,0.0,0.0,237.0,0.0,0.4023932096440021,144.29,own_observed_transaction (Gamma-Gamma unstable at frequency=0),58.06,51.32,High risk / Low value
16778,0.7205630898475647,False,0.0,0.0,91.0,0.0,0.7622313006339315,93.18,own_observed_transaction (Gamma-Gamma unstable at frequency=0),71.02,51.17,High risk / Low value
18068,0.7205630898475647,True,0.0,0.0,106.0,0.0,0.6978978914891943,101.7,own_observed_transaction (Gamma-Gamma unstable at frequency=0),70.98,51.15,High risk / Low value
16724,0.8177626490592956,True,0.0,0.0,221.0,0.0,0.4242945483943226,147.35,own_observed_transaction (Gamma-Gamma unstable at frequency=0),62.52,51.13,High risk / Low value
14173,0.565748393535614,False,2.0,511.0,547.0,112.80000000000001,0.7570999507891091,119.29827945956906,gamma_gamma_conditional_expectation,90.32,51.1,High risk / Low value
12898,0.6726304650306701,True,1.0,196.0,476.0,152.64,0.4569325639510966,166.12647221393644,gamma_gamma_conditional_expectation,75.91,51.06,High risk / Low value
13651,0.8359910249710083,False,0.0,0.0,198.0,0.0,0.4603272946577759,132.65,own_observed_transaction (Gamma-Gamma unstable at frequency=0),61.06,51.05,High risk / Low value
15196,0.6678120851516723,True,1.0,294.0,543.0,164.0,0.42994555028891873,177.60657626384543,gamma_gamma_conditional_expectation,76.36,50.99,High risk / Low value
14139,0.565748393535614,False,2.0,52.0,359.0,163.33,0.5281460799020665,170.09399005478522,gamma_gamma_conditional_expectation,89.83,50.82,High risk / Low value
16353,0.03407371304929256,False,21.0,515.0,549.0,236.4347619047619,6.278968184838144,237.11233911500145,gamma_gamma_conditional_expectation,1488.82,50.73,Low risk / High value
17470,0.05202274471521377,False,8.0,291.0,325.0,248.24375,3.8968959714456033,250.03929529140365,gamma_gamma_conditional_expectation,974.38,50.69,Low risk / High value
14318,0.897178590297699,True,0.0,0.0,277.0,0.0,0.3564234190172943,158.02,own_observed_transaction (Gamma-Gamma unstable at frequency=0),56.32,50.53,High risk / Low value
15235,0.029311808198690413,True,11.0,171.0,205.0,231.1027272727273,7.418696108795173,232.39179412743385,gamma_gamma_conditional_expectation,1724.04,50.53,Low risk / High value
13319,0.010793289542198181,False,30.0,547.0,550.0,520.675,8.961797164005054,521.2483911007934,gamma_gamma_conditional_expectation,4671.32,50.42,Low risk / High value
14626,0.057122116535902025,False,7.0,496.0,546.0,395.7357142857142,2.2166288044795013,398.0089157437539,gamma_gamma_conditional_expectation,882.24,50.4,Low risk / High value
12768,0.8138440251350403,True,0.0,0.0,267.0,0.0,0.3668994327566997,168.69,own_observed_transaction (Gamma-Gamma unstable at frequency=0),61.89,50.37,High risk / Low value
17902,0.8131573915481567,True,0.0,0.0,363.0,0.0,0.2861918475880832,216.4,own_observed_transaction (Gamma-Gamma unstable at frequency=0),61.93,50.36,High risk / Low value
17707,0.27710674703121185,True,7.0,547.0,549.0,79.75714285714285,2.228481387875399,81.55738804839936,gamma_gamma_conditional_expectation,181.75,50.36,Low risk / Low value
17155,0.5413058400154114,False,4.0,209.0,553.0,124.425,0.7284471757673846,127.69610409405864,gamma_gamma_conditional_expectation,93.02,50.35,High risk / Low value
15159,0.010793289542198181,False,11.0,247.0,248.0,703.9154545454545,6.598489874178707,705.6546343920111,gamma_gamma_conditional_expectation,4656.25,50.26,Low risk / High value
17790,0.07509313225746155,False,12.0,346.0,361.0,125.53166666666668,5.279213159658791,126.62109747764998,gamma_gamma_conditional_expectation,668.46,50.2,Low risk / High value
17718,0.6157037734985351,True,1.0,412.0,461.0,139.35,0.5337825500170236,152.6959631625905,gamma_gamma_conditional_expectation,81.51,50.19,High risk / Low value
15459,0.7129017949104309,True,1.0,80.0,314.0,105.0,0.5965657367901596,117.98279642717033,gamma_gamma_conditional_expectation,70.38,50.17,High risk / Low value
15518,0.05202274471521377,False,9.0,504.0,536.0,335.6011111111111,2.8586561457937947,337.29858477191306,gamma_gamma_conditional_expectation,964.22,50.16,Low risk / High value
12853,0.057122116535902025,False,5.0,433.0,489.0,484.48,1.7937707645649053,487.8504652494012,gamma_gamma_conditional_expectation,875.09,49.99,Low risk / High value
17292,0.7129017949104309,True,1.0,107.0,396.0,130.4,0.4868717024252687,143.65133893312876,gamma_gamma_conditional_expectation,69.94,49.86,High risk / Low value
14822,0.9490982174873352,True,0.0,0.0,302.0,0.0,0.3326820528422975,157.7,own_observed_transaction (Gamma-Gamma unstable at frequency=0),52.46,49.79,High risk / Low value
12693,0.13496212363243104,False,5.0,311.0,339.0,147.30599999999998,2.459715407412584,149.96948779339132,gamma_gamma_conditional_expectation,368.88,49.78,Low risk / High value
17826,0.7810959815979004,True,0.0,0.0,191.0,0.0,0.47254589181659423,134.59,own_observed_transaction (Gamma-Gamma unstable at frequency=0),63.6,49.68,High risk / Low value
15451,0.7129017949104309,True,1.0,165.0,416.0,122.95,0.5116031576922273,136.12257351307403,gamma_gamma_conditional_expectation,69.64,49.65,High risk / Low value
15637,0.5228925585746765,False,3.0,311.0,541.0,95.11666666666667,0.9538692561429056,99.37938962648181,gamma_gamma_conditional_expectation,94.79,49.56,High risk / Low value
14166,0.7129017949104309,True,1.0,121.0,443.0,144.9,0.438852113153288,158.30464075739638,gamma_gamma_conditional_expectation,69.47,49.53,High risk / Low value
17751,0.7810959815979004,True,0.0,0.0,238.0,0.0,0.40109944258974356,157.86,own_observed_transaction (Gamma-Gamma unstable at frequency=0),63.32,49.46,High risk / Low value
12778,0.12829545736312867,False,6.0,419.0,419.0,155.31833333333333,2.447016712001624,157.55112625685217,gamma_gamma_conditional_expectation,385.53,49.46,Low risk / High value
13481,0.05688917636871338,False,6.0,543.0,552.0,449.0116666666667,1.9235695984243373,451.7574539456178,gamma_gamma_conditional_expectation,868.99,49.44,Low risk / High value
13701,0.8271117091178894,True,0.0,0.0,263.0,0.0,0.37126482187824217,161.0,own_observed_transaction (Gamma-Gamma unstable at frequency=0),59.77,49.44,High risk / Low value
12800,0.6678120851516723,True,1.0,206.0,493.0,152.92,0.44411342280804317,166.40943252502575,gamma_gamma_conditional_expectation,73.9,49.35,High risk / Low value
17608,0.6478933215141296,False,1.0,158.0,424.0,140.19,0.4957513486161881,153.54484409585842,gamma_gamma_conditional_expectation,76.12,49.32,High risk / Low value
15920,0.5329331278800964,False,3.0,301.0,542.0,94.18333333333334,0.9389166734189368,98.44279008004969,gamma_gamma_conditional_expectation,92.43,49.26,High risk / Low value
17110,0.7129017949104309,False,1.0,90.0,427.0,150.3,0.42125677225037733,163.76173247126155,gamma_gamma_conditional_expectation,68.99,49.18,High risk / Low value
15124,0.4771506547927856,False,2.0,460.0,468.0,111.675,0.8717736168045307,118.16736367845647,gamma_gamma_conditional_expectation,103.02,49.16,High risk / Low value
18227,0.6047326803207398,True,1.0,267.0,301.0,93.75,0.762119648424334,106.61385535661788,gamma_gamma_conditional_expectation,81.25,49.13,High risk / Low value
14819,0.4771506547927856,False,2.0,526.0,535.0,126.085,0.7757402096339867,132.65313826141838,gamma_gamma_conditional_expectation,102.9,49.1,High risk / Low value
13841,0.6547488331794739,True,0.0,0.0,69.0,0.0,0.8816312344429715,85.0,own_observed_transaction (Gamma-Gamma unstable at frequency=0),74.94,49.07,High risk / Low value
15898,0.03407371304929256,False,22.0,502.0,545.0,218.2068181818182,6.571200659193613,218.84490949259867,gamma_gamma_conditional_expectation,1438.07,49.0,Low risk / High value
16139,0.4771506547927856,False,2.0,530.0,553.0,129.97500000000002,0.7516919493488194,136.56359371788764,gamma_gamma_conditional_expectation,102.65,48.98,High risk / Low value
14623,0.09138942882418633,False,6.0,416.0,419.0,216.705,2.4456544908869526,219.0450170580996,gamma_gamma_conditional_expectation,535.71,48.96,Low risk / High value
13792,0.6455424785614013,False,1.0,135.0,239.0,74.6,0.8689738344439305,87.26139122318858,gamma_gamma_conditional_expectation,75.83,48.95,High risk / Low value
16986,0.35659763813018797,False,3.0,228.0,490.0,141.23333333333332,0.9421430174961541,145.65744221536835,gamma_gamma_conditional_expectation,137.23,48.94,Low risk / Low value
15860,0.09138942882418633,False,11.0,501.0,550.0,158.28272727272727,3.3576330410586848,159.50247021507727,gamma_gamma_conditional_expectation,535.55,48.94,Low risk / High value
13094,0.052385063469409944,False,8.0,198.0,206.0,164.595,5.6145851408259855,166.28101112365744,gamma_gamma_conditional_expectation,933.6,48.91,Low risk / High value
14371,0.7205630898475647,True,0.0,0.0,112.0,0.0,0.6751235806073147,100.5,own_observed_transaction (Gamma-Gamma unstable at frequency=0),67.85,48.89,High risk / Low value
18107,0.7772093176841736,True,0.0,0.0,259.0,0.0,0.375735647820242,167.13,own_observed_transaction (Gamma-Gamma unstable at frequency=0),62.8,48.81,High risk / Low value
12679,0.33351141810417173,False,1.0,78.0,100.0,76.32,1.6432428367325498,88.99957599130859,gamma_gamma_conditional_expectation,146.25,48.78,Low risk / Low value
13623,0.0895712472498417,False,8.0,527.0,554.0,216.69875000000002,2.4908593611481473,218.4529885734724,gamma_gamma_conditional_expectation,544.14,48.74,Low risk / High value
15189,0.015555194392800332,False,20.0,325.0,326.0,331.338,9.425430513948239,332.09914333763265,gamma_gamma_conditional_expectation,3130.18,48.69,Low risk / High value
17361,0.42089284062385557,False,2.0,490.0,493.0,131.95999999999998,0.8340732922918109,138.55903178500623,gamma_gamma_conditional_expectation,115.57,48.64,Low risk / Low value
15445,0.6547488331794739,True,1.0,326.0,407.0,113.5,0.5868364132762636,126.57266301380996,gamma_gamma_conditional_expectation,74.28,48.63,High risk / Low value
17709,0.6105547189712525,False,3.0,133.0,420.0,94.02999999999999,0.8091502367367832,98.2889201545644,gamma_gamma_conditional_expectation,79.53,48.56,High risk / Low value
16368,0.8838452577590943,False,0.0,0.0,252.0,0.0,0.3838250670037932,142.78,own_observed_transaction (Gamma-Gamma unstable at frequency=0),54.8,48.43,High risk / Low value
12661,0.7810959815979004,True,0.0,0.0,253.0,0.0,0.3826481117504293,162.0,own_observed_transaction (Gamma-Gamma unstable at frequency=0),61.99,48.42,High risk / Low value
12506,0.6403934240341187,True,0.0,0.0,49.0,0.0,1.0284613855299178,73.5,own_observed_transaction (Gamma-Gamma unstable at frequency=0),75.59,48.41,High risk / Low value
17867,0.16615768373012543,False,8.0,534.0,554.0,115.11874999999999,2.49440098972167,116.73997426351961,gamma_gamma_conditional_expectation,291.2,48.39,Low risk / Low value
15102,0.6677917599678039,True,1.0,16.0,363.0,198.78,0.34043560098618564,212.7542891912956,gamma_gamma_conditional_expectation,72.43,48.37,High risk / Low value
15462,0.4771506547927856,False,1.0,258.0,262.0,105.0,0.8591833673333032,117.98279642717033,gamma_gamma_conditional_expectation,101.37,48.37,High risk / Low value
15938,0.19324253499507904,False,7.0,355.0,373.0,79.04142857142857,3.095892382870926,80.84060248258173,gamma_gamma_conditional_expectation,250.27,48.36,Low risk / Low value
17089,0.831180191040039,True,0.0,0.0,203.0,0.0,0.4519809768356928,128.45,own_observed_transaction (Gamma-Gamma unstable at frequency=0),58.06,48.26,High risk / Low value
12353,0.4933562397956848,True,1.0,204.0,225.0,89.0,0.9592814529166027,101.81363579349572,gamma_gamma_conditional_expectation,97.67,48.19,High risk / Low value
12387,0.8177626490592956,True,0.0,0.0,232.0,0.0,0.4089897094782953,143.94,own_observed_transaction (Gamma-Gamma unstable at frequency=0),58.87,48.14,High risk / Low value
13578,0.7810959815979004,True,0.0,0.0,226.0,0.0,0.41719771110259707,147.66,own_observed_transaction (Gamma-Gamma unstable at frequency=0),61.6,48.12,High risk / Low value
15560,0.7205630898475647,True,0.0,0.0,214.0,0.0,0.43464714217748496,153.52,own_observed_transaction (Gamma-Gamma unstable at frequency=0),66.73,48.08,High risk / Low value
12851,0.9490982174873352,False,0.0,0.0,294.0,0.0,0.33992680370770745,148.95,own_observed_transaction (Gamma-Gamma unstable at frequency=0),50.63,48.05,High risk / Low value
12682,0.010793289542198181,False,30.0,546.0,555.0,500.42266666666666,8.880570762268698,500.9889926869009,gamma_gamma_conditional_expectation,4449.07,48.02,Low risk / High value
12891,0.16362879127264024,True,10.0,474.0,476.0,81.95,3.522396450757543,83.21190257546756,gamma_gamma_conditional_expectation,293.11,47.96,Low risk / Low value
14878,0.04562543779611587,False,15.0,455.0,473.0,201.36,5.195138437754841,202.28431687128472,gamma_gamma_conditional_expectation,1050.9,47.95,Low risk / High value
15910,0.07509313225746155,False,10.0,480.0,504.0,189.58499999999998,3.336787837405063,190.95962749568724,gamma_gamma_conditional_expectation,637.19,47.85,Low risk / High value
13653,0.9490982174873352,True,0.0,0.0,304.0,0.0,0.33091897582342383,152.2,own_observed_transaction (Gamma-Gamma unstable at frequency=0),50.37,47.81,High risk / Low value
14516,0.9490982174873352,True,0.0,0.0,333.0,0.0,0.30730856573925225,163.92,own_observed_transaction (Gamma-Gamma unstable at frequency=0),50.37,47.81,High risk / Low value
17299,0.6586057305335998,False,1.0,42.0,298.0,119.25,0.5481705726538081,132.3834551165368,gamma_gamma_conditional_expectation,72.57,47.8,High risk / Low value
12681,0.007019704580307007,False,34.0,539.0,543.0,663.8541176470588,10.246735071763947,664.4041005322546,gamma_gamma_conditional_expectation,6807.97,47.79,Low risk / High value
12959,0.9490982174873352,True,0.0,0.0,301.0,0.0,0.33357067242051036,150.95,own_observed_transaction (Gamma-Gamma unstable at frequency=0),50.35,47.79,High risk / Low value
18203,0.5622493982315063,False,2.0,350.0,548.0,112.46,0.7138131712545285,118.95649157905503,gamma_gamma_conditional_expectation,84.91,47.74,High risk / Low value
15395,0.7641069769859314,True,0.0,0.0,142.0,0.0,0.5805115402078752,107.45,own_observed_transaction (Gamma-Gamma unstable at frequency=0),62.38,47.66,High risk / Low value
16648,0.6678120851516723,False,1.0,135.0,407.0,129.3,0.500345154409853,142.53970913956366,gamma_gamma_conditional_expectation,71.32,47.63,High risk / Low value
16892,0.4907220959663391,False,2.0,548.0,548.0,120.995,0.7606255189093832,127.53637263842906,gamma_gamma_conditional_expectation,97.01,47.6,High risk / Low value
15761,0.8838452577590943,True,0.0,0.0,259.0,0.0,0.375735647820242,143.05,own_observed_transaction (Gamma-Gamma unstable at frequency=0),53.75,47.51,High risk / Low value
13250,0.7101876854896545,True,1.0,42.0,319.0,120.0,0.5019815852532674,133.14138452124027,gamma_gamma_conditional_expectation,66.83,47.46,High risk / Low value
14393,0.599583625793457,True,0.0,0.0,35.0,0.0,1.1646051286376544,67.95,own_observed_transaction (Gamma-Gamma unstable at frequency=0),79.13,47.45,High risk / Low value
17589,0.010793289542198181,False,13.0,455.0,459.0,939.0507692307692,4.662682744364907,940.7115482609466,gamma_gamma_conditional_expectation,4386.24,47.34,Low risk / High value
12547,0.4771506547927856,True,2.0,303.0,317.0,75.9,1.206653532002304,82.20424183907676,gamma_gamma_conditional_expectation,99.19,47.33,High risk / Low value
16973,0.8237077593803406,True,0.0,0.0,203.0,0.0,0.4519809768356928,127.0,own_observed_transaction (Gamma-Gamma unstable at frequency=0),57.4,47.28,High risk / Low value
15397,0.7205630898475647,True,0.0,0.0,106.0,0.0,0.6978978914891943,94.0,own_observed_transaction (Gamma-Gamma unstable at frequency=0),65.6,47.27,High risk / Low value
13199,0.015555194392800332,False,36.0,537.0,551.0,283.40805555555556,10.674367000308184,283.81688169695354,gamma_gamma_conditional_expectation,3029.57,47.13,Low risk / High value
13779,0.9490982174873352,True,0.0,0.0,332.0,0.0,0.308066374284173,161.13,own_observed_transaction (Gamma-Gamma unstable at frequency=0),49.64,47.11,High risk / Low value
16819,0.7329841494560242,True,0.0,0.0,282.0,0.0,0.3514071698086263,182.59,own_observed_transaction (Gamma-Gamma unstable at frequency=0),64.16,47.03,High risk / Low value
15245,0.03407371304929256,False,6.0,408.0,412.0,553.41,2.480470002271691,556.3381399224676,gamma_gamma_conditional_expectation,1379.98,47.02,Low risk / High value
15852,0.4771506547927856,True,2.0,340.0,343.0,80.35499999999999,1.1346135742740706,86.68266833228252,gamma_gamma_conditional_expectation,98.35,46.93,High risk / Low value
17386,0.8177626490592956,False,0.0,0.0,202.0,0.0,0.4536258481034158,126.35,own_observed_transaction (Gamma-Gamma unstable at frequency=0),57.32,46.87,High risk / Low value
16443,0.9490982174873352,True,0.0,0.0,337.0,0.0,0.30431432880846054,162.24,own_observed_transaction (Gamma-Gamma unstable at frequency=0),49.37,46.86,High risk / Low value
13133,0.5920506715774536,True,2.0,186.0,276.0,54.900000000000006,1.2951424073356494,61.09381392497545,gamma_gamma_conditional_expectation,79.13,46.85,High risk / Low value
16668,0.22433362305164337,False,7.0,417.0,448.0,77.10571428571428,2.642964350055136,78.90199082253605,gamma_gamma_conditional_expectation,208.54,46.78,Low risk / Low value
13397,0.05878878310322762,False,7.0,505.0,505.0,329.3157142857143,2.398836044843914,331.48949838422317,gamma_gamma_conditional_expectation,795.19,46.75,Low risk / High value
16112,0.6527320265769958,False,1.0,5.0,155.0,64.14,0.9329578836987463,76.69080245892381,gamma_gamma_conditional_expectation,71.55,46.7,High risk / Low value
16542,0.7904917359352112,False,0.0,0.0,218.0,0.0,0.4286701512326433,137.7,own_observed_transaction (Gamma-Gamma unstable at frequency=0),59.03,46.66,High risk / Low value
17922,0.9490982174873352,True,0.0,0.0,360.0,0.0,0.2881717682417687,170.4,own_observed_transaction (Gamma-Gamma unstable at frequency=0),49.1,46.6,High risk / Low value
12523,0.057122116535902025,False,15.0,480.0,549.0,182.53400000000002,4.4454870016125385,183.4451772867707,gamma_gamma_conditional_expectation,815.5,46.58,Low risk / High value
16538,0.6706136584281921,True,1.0,54.0,412.0,169.51,0.37775846490777726,183.17483095706712,gamma_gamma_conditional_expectation,69.2,46.41,High risk / Low value
14569,0.6137598514556885,False,2.0,151.0,420.0,94.07,0.7519989427331687,100.46978827713487,gamma_gamma_conditional_expectation,75.55,46.37,High risk / Low value
17217,0.6547488331794739,True,1.0,385.0,436.0,113.5,0.5593280433498872,126.57266301380996,gamma_gamma_conditional_expectation,70.8,46.36,High risk / Low value
15431,0.9490982174873352,True,0.0,0.0,319.0,0.0,0.3182700631717941,153.24,own_observed_transaction (Gamma-Gamma unstable at frequency=0),48.77,46.29,High risk / Low value
15674,0.029311808198690413,False,10.0,516.0,548.0,508.412,3.0956366794698926,510.12053141299,gamma_gamma_conditional_expectation,1579.15,46.29,Low risk / High value
17149,0.8838452577590943,True,0.0,0.0,268.0,0.0,0.36582412319592233,143.1,own_observed_transaction (Gamma-Gamma unstable at frequency=0),52.35,46.27,High risk / Low value
13076,0.9490982174873352,True,0.0,0.0,274.0,0.0,0.3595026934218104,135.4,own_observed_transaction (Gamma-Gamma unstable at frequency=0),48.68,46.2,High risk / Low value
17258,0.6547488331794739,True,1.0,269.0,482.0,133.45,0.48081343250220804,146.73358517892297,gamma_gamma_conditional_expectation,70.55,46.19,High risk / Low value
14025,0.42089284062385557,True,7.0,119.0,400.0,546.35,0.19989463734136648,548.8486407021428,gamma_gamma_conditional_expectation,109.71,46.18,Low risk / Low value
17219,0.7810959815979004,False,0.0,0.0,233.0,0.0,0.40765310781441233,144.9,own_observed_transaction (Gamma-Gamma unstable at frequency=0),59.07,46.14,High risk / Low value
15027,0.052385063469409944,False,6.0,405.0,441.0,376.37166666666667,2.3227975508821155,378.99057360565337,gamma_gamma_conditional_expectation,880.32,46.12,Low risk / High value
16237,0.8838452577590943,True,0.0,0.0,254.0,0.0,0.38147837370149246,136.65,own_observed_transaction (Gamma-Gamma unstable at frequency=0),52.13,46.07,High risk / Low value
17419,0.03407371304929256,False,11.0,434.0,500.0,373.0954545454546,3.608135182713157,374.5196970576828,gamma_gamma_conditional_expectation,1351.32,46.04,Low risk / High value
16589,0.8177626490592956,False,0.0,0.0,267.0,0.0,0.3668994327566997,153.12,own_observed_transaction (Gamma-Gamma unstable at frequency=0),56.18,45.94,High risk / Low value
17139,0.010793289542198181,False,11.0,487.0,514.0,1184.2627272727273,3.5867651853574194,1186.4591929231187,gamma_gamma_conditional_expectation,4255.55,45.93,Low risk / High value
16865,0.8177626490592956,True,0.0,0.0,218.0,0.0,0.4286701512326433,130.95,own_observed_transaction (Gamma-Gamma unstable at frequency=0),56.13,45.9,High risk / Low value
13391,0.5648326516151428,True,0.0,0.0,20.0,0.0,1.3577827240856224,59.8,own_observed_transaction (Gamma-Gamma unstable at frequency=0),81.2,45.86,High risk / Low value
13132,0.7159578323364257,True,0.0,0.0,78.0,0.0,0.8285029730804067,77.3,own_observed_transaction (Gamma-Gamma unstable at frequency=0),64.04,45.85,High risk / Low value
17273,0.8177626490592956,True,0.0,0.0,241.0,0.0,0.39726773535803417,141.12,own_observed_transaction (Gamma-Gamma unstable at frequency=0),56.06,45.84,High risk / Low value
14494,0.6547488331794739,False,1.0,330.0,548.0,147.6,0.4346795009137278,161.03318661432897,gamma_gamma_conditional_expectation,70.0,45.83,High risk / Low value
17182,0.6678120851516723,True,1.0,296.0,535.0,142.8,0.43747735660642806,156.1824384242266,gamma_gamma_conditional_expectation,68.33,45.63,High risk / Low value
16289,0.9442348957061768,True,0.0,0.0,279.0,0.0,0.354399786019805,136.31,own_observed_transaction (Gamma-Gamma unstable at frequency=0),48.31,45.62,High risk / Low value
16148,0.6189089059829712,True,1.0,140.0,253.0,76.32,0.8282137517164324,88.99957599130859,gamma_gamma_conditional_expectation,73.71,45.62,High risk / Low value
13125,0.9490982174873352,True,0.0,0.0,340.0,0.0,0.3021067437953166,158.57,own_observed_transaction (Gamma-Gamma unstable at frequency=0),47.91,45.47,High risk / Low value
15714,0.6189089059829712,False,2.0,102.0,372.0,92.465,0.7424545283621357,98.85634842941428,gamma_gamma_conditional_expectation,73.4,45.43,High risk / Low value
18084,0.5609864950180053,False,1.0,5.0,205.0,106.2,0.6788581816746884,119.19548347469593,gamma_gamma_conditional_expectation,80.92,45.4,High risk / Low value
13595,0.5355163812637329,True,2.0,130.0,463.0,135.265,0.5973840959820098,141.88141103529694,gamma_gamma_conditional_expectation,84.76,45.39,High risk / Low value
14563,0.6391617059707642,True,1.0,83.0,409.0,149.65,0.4349721584780561,163.10486032051853,gamma_gamma_conditional_expectation,70.95,45.35,High risk / Low value
16371,0.7810959815979004,True,0.0,0.0,265.0,0.0,0.36906918274712197,157.2,own_observed_transaction (Gamma-Gamma unstable at frequency=0),58.02,45.32,High risk / Low value
16149,0.8177626490592956,False,0.0,0.0,246.0,0.0,0.39104218036645366,141.7,own_observed_transaction (Gamma-Gamma unstable at frequency=0),55.41,45.31,High risk / Low value
17070,0.8177626490592956,False,0.0,0.0,227.0,0.0,0.4158068319707154,133.18,own_observed_transaction (Gamma-Gamma unstable at frequency=0),55.38,45.29,High risk / Low value
16839,0.010793289542198181,False,23.0,481.0,483.0,540.6343478260869,7.745660653043183,541.3914116479752,gamma_gamma_conditional_expectation,4193.43,45.26,Low risk / High value
17237,0.5355163812637329,False,1.0,6.0,198.0,105.29,0.7144482943172271,118.27586246365568,gamma_gamma_conditional_expectation,84.5,45.25,High risk / Low value
16462,0.5862612128257751,False,1.0,98.0,100.0,34.0,1.6686327095264843,46.232146115239274,gamma_gamma_conditional_expectation,77.14,45.22,High risk / Low value
16886,0.9357648849487304,True,0.0,0.0,273.0,0.0,0.36054100837998876,134.0,own_observed_transaction (Gamma-Gamma unstable at frequency=0),48.31,45.21,High risk / Low value
17799,0.03407371304929256,False,12.0,484.0,543.0,360.47333333333336,3.667518976756446,361.76777148969643,gamma_gamma_conditional_expectation,1326.79,45.21,Low risk / High value
17260,0.9011061787605286,True,0.0,0.0,228.0,0.0,0.4144252267414075,120.95,own_observed_transaction (Gamma-Gamma unstable at frequency=0),50.12,45.16,High risk / Low value
15276,0.5355163812637329,False,1.0,40.0,251.0,112.72,0.6690190924651954,125.78441643291832,gamma_gamma_conditional_expectation,84.15,45.06,High risk / Low value
15773,0.7774037599563599,False,0.0,0.0,226.0,0.0,0.41719771110259707,138.84,own_observed_transaction (Gamma-Gamma unstable at frequency=0),57.92,45.03,High risk / Low value
16876,0.7773404836654663,True,0.0,0.0,220.0,0.0,0.4257430891554334,136.01,own_observed_transaction (Gamma-Gamma unstable at frequency=0),57.91,45.02,High risk / Low value
14721,0.8378295302391052,True,0.0,0.0,196.0,0.0,0.463753113914243,115.77,own_observed_transaction (Gamma-Gamma unstable at frequency=0),53.69,44.98,High risk / Low value
14760,0.7543903827667237,True,0.0,0.0,114.0,0.0,0.6678608871637426,89.2,own_observed_transaction (Gamma-Gamma unstable at frequency=0),59.57,44.94,High risk / Low value
13662,0.07572228163480758,False,5.0,446.0,475.0,316.964,1.8528188133781076,319.98322216564935,gamma_gamma_conditional_expectation,592.87,44.89,Low risk / High value
15659,0.695357871055603,False,1.0,267.0,470.0,117.6,0.49317237818958076,130.7160104261891,gamma_gamma_conditional_expectation,64.47,44.83,High risk / Low value
13702,0.8900830745697021,True,0.0,0.0,262.0,0.0,0.37237249544261014,135.18,own_observed_transaction (Gamma-Gamma unstable at frequency=0),50.34,44.81,High risk / Low value
12599,0.09939394295215606,False,8.0,369.0,394.0,133.315,3.339598930709899,134.96005141096475,gamma_gamma_conditional_expectation,450.71,44.8,Low risk / High value
17416,0.010793289542198181,False,10.0,528.0,542.0,1319.364,3.1381461760111082,1321.9218322863303,gamma_gamma_conditional_expectation,4148.38,44.77,Low risk / High value
14770,0.04562543779611587,True,7.0,420.0,469.0,385.90857142857146,2.5268615834332264,388.1670636334556,gamma_gamma_conditional_expectation,980.84,44.75,Low risk / High value
12467,0.8433839797973632,True,0.0,0.0,240.0,0.0,0.3985367851126046,132.8,own_observed_transaction (Gamma-Gamma unstable at frequency=0),52.93,44.64,High risk / Low value
16746,0.010793289542198181,False,30.0,541.0,552.0,462.9706666666667,8.919046159175975,463.52392745670005,gamma_gamma_conditional_expectation,4134.19,44.62,Low risk / High value
17559,0.8574006795883179,True,0.0,0.0,329.0,0.0,0.3103624412148412,167.62,own_observed_transaction (Gamma-Gamma unstable at frequency=0),52.02,44.6,High risk / Low value
12964,0.8838452577590943,True,0.0,0.0,254.0,0.0,0.38147837370149246,132.24,own_observed_transaction (Gamma-Gamma unstable at frequency=0),50.45,44.59,High risk / Low value
16396,0.9490982174873352,True,0.0,0.0,293.0,0.0,0.34085470037414717,137.8,own_observed_transaction (Gamma-Gamma unstable at frequency=0),46.97,44.58,High risk / Low value
13854,0.015555194392800332,False,28.0,504.0,517.0,324.11821428571426,8.824961618928134,324.6591082008089,gamma_gamma_conditional_expectation,2865.1,44.57,Low risk / High value
12935,0.04562543779611587,False,8.0,404.0,424.0,308.84125,3.1437612126547054,310.7161449138427,gamma_gamma_conditional_expectation,976.82,44.57,Low risk / High value
17906,0.6678120851516723,True,0.0,0.0,64.0,0.0,0.9142279507184883,72.9,own_observed_transaction (Gamma-Gamma unstable at frequency=0),66.65,44.51,High risk / Low value
15899,0.8177626490592956,True,0.0,0.0,185.0,0.0,0.48354946947915173,112.5,own_observed_transaction (Gamma-Gamma unstable at frequency=0),54.4,44.49,High risk / Low value
14473,0.7205630898475647,False,0.0,0.0,99.0,0.0,0.7265037259997138,85.0,own_observed_transaction (Gamma-Gamma unstable at frequency=0),61.75,44.49,High risk / Low value
13817,0.7750959873199463,False,0.0,0.0,168.0,0.0,0.5177196599772056,110.7,own_observed_transaction (Gamma-Gamma unstable at frequency=0),57.31,44.42,High risk / Low value
14483,0.6547488331794739,True,1.0,455.0,553.0,137.1,0.45101819892313444,150.42217494848,gamma_gamma_conditional_expectation,67.84,44.42,High risk / Low value
14312,0.057122116535902025,False,8.0,318.0,321.0,193.495,3.9810948244757154,195.21885433647134,gamma_gamma_conditional_expectation,777.18,44.39,Low risk / High value
13912,0.8900830745697021,True,0.0,0.0,240.0,0.0,0.3985367851126046,124.95,own_observed_transaction (Gamma-Gamma unstable at frequency=0),49.8,44.33,High risk / Low value
15503,0.6189089059829712,True,1.0,364.0,543.0,147.09,0.4458695065541669,160.5177946191306,gamma_gamma_conditional_expectation,71.57,44.3,High risk / Low value
15521,0.02560810446739197,False,8.0,491.0,520.0,653.99375,2.631550353189389,656.3206061425882,gamma_gamma_conditional_expectation,1727.14,44.23,Low risk / High value
17663,0.03407371304929256,False,12.0,447.0,462.0,301.3775,4.285633873768331,302.62037182465804,gamma_gamma_conditional_expectation,1296.92,44.19,Low risk / High value
14867,0.052385063469409944,True,14.0,549.0,551.0,196.33857142857144,4.269121500608186,197.32520508476878,gamma_gamma_conditional_expectation,842.41,44.13,Low risk / High value
13839,0.9490982174873352,True,0.0,0.0,303.0,0.0,0.33179816657423516,139.95,own_observed_transaction (Gamma-Gamma unstable at frequency=0),46.44,44.08,High risk / Low value
17263,0.5393625378608704,True,0.0,0.0,25.0,0.0,1.286558623037214,63.44,own_observed_transaction (Gamma-Gamma unstable at frequency=0),81.62,44.02,High risk / Low value
15161,0.8177626490592956,True,0.0,0.0,205.0,0.0,0.44872689457073395,119.92,own_observed_transaction (Gamma-Gamma unstable at frequency=0),53.81,44.0,High risk / Low value
16321,0.47978479862213136,False,3.0,433.0,555.0,86.14999999999999,1.0125446649382088,90.3813439839733,gamma_gamma_conditional_expectation,91.52,43.91,High risk / Low value
14828,0.015555194392800332,True,12.0,536.0,549.0,763.0883333333333,3.689235854089786,764.7340886210129,gamma_gamma_conditional_expectation,2821.28,43.89,Low risk / High value
17275,0.8378295302391052,True,0.0,0.0,200.0,0.0,0.456951908985628,114.52,own_observed_transaction (Gamma-Gamma unstable at frequency=0),52.33,43.84,High risk / Low value
15775,0.6822946190834045,True,1.0,386.0,448.0,104.9,0.5449851614387301,117.88173917320987,gamma_gamma_conditional_expectation,64.24,43.83,High risk / Low value
16821,0.8378295302391052,True,0.0,0.0,198.0,0.0,0.4603272946577759,113.35,own_observed_transaction (Gamma-Gamma unstable at frequency=0),52.18,43.72,High risk / Low value
17657,0.8900830745697021,True,0.0,0.0,247.0,0.0,0.3898204816649439,126.0,own_observed_transaction (Gamma-Gamma unstable at frequency=0),49.12,43.72,High risk / Low value
18172,0.010793289542198181,False,25.0,517.0,545.0,536.2088,7.5036157620559045,536.9034205941302,gamma_gamma_conditional_expectation,4028.72,43.48,Low risk / High value
15208,0.7133689880371094,False,1.0,70.0,240.0,65.4,0.7799188844062795,77.96412385882569,gamma_gamma_conditional_expectation,60.81,43.38,High risk / Low value
13520,0.03407371304929256,False,8.0,538.0,539.0,493.45375,2.563594368343104,495.57038644068024,gamma_gamma_conditional_expectation,1270.44,43.29,Low risk / High value
13672,0.5862612128257751,True,2.0,429.0,547.0,93.19500000000001,0.7414034875891965,99.59018711404734,gamma_gamma_conditional_expectation,73.84,43.29,High risk / Low value
13283,0.5110155582427979,False,2.0,455.0,457.0,88.7,0.8908441433257598,95.07155028195754,gamma_gamma_conditional_expectation,84.69,43.28,High risk / Low value
12647,0.010793289542198181,False,26.0,496.0,512.0,483.17038461538465,8.270894489057437,483.8169279869531,gamma_gamma_conditional_expectation,4001.6,43.19,Low risk / High value
15203,0.04562543779611587,False,9.0,533.0,548.0,334.4,2.8140618930619,336.09607582024694,gamma_gamma_conditional_expectation,945.8,43.15,Low risk / High value
15430,0.6609565734863281,True,1.0,61.0,345.0,118.0,0.4975653781903095,131.12023944203096,gamma_gamma_conditional_expectation,65.24,43.12,High risk / Low value
14309,0.049385000765323636,False,6.0,367.0,367.0,316.09999999999997,2.73643708417424,318.61363037570356,gamma_gamma_conditional_expectation,871.87,43.06,Low risk / High value
13594,0.9490982174873352,False,0.0,0.0,302.0,0.0,0.3326820528422975,136.35,own_observed_transaction (Gamma-Gamma unstable at frequency=0),45.36,43.05,High risk / Low value
13508,0.6478933215141296,True,1.0,399.0,459.0,110.97,0.53421085670287,124.01591448861016,gamma_gamma_conditional_expectation,66.25,42.92,High risk / Low value
12600,0.045987756550312044,False,15.0,528.0,549.0,203.69133333333332,4.559625706706539,204.6172773559706,gamma_gamma_conditional_expectation,932.98,42.91,Low risk / High value
17428,0.007019704580307007,False,21.0,526.0,555.0,979.0109523809524,6.233719686844343,980.0586559092944,gamma_gamma_conditional_expectation,6109.41,42.89,Low risk / High value
17442,0.045684657990932465,False,9.0,442.0,479.0,296.55555555555554,3.146155187506171,298.207588406975,gamma_gamma_conditional_expectation,938.21,42.86,Low risk / High value
16288,0.9490982174873352,True,0.0,0.0,287.0,0.0,0.34653051285231734,129.85,own_observed_transaction (Gamma-Gamma unstable at frequency=0),45.0,42.71,High risk / Low value
16921,0.6678120851516723,False,1.0,158.0,417.0,113.47,0.505225844341014,126.54234583762182,gamma_gamma_conditional_expectation,63.93,42.69,High risk / Low value
15681,0.052385063469409944,False,7.0,381.0,381.0,264.3228571428571,3.054401545602494,266.399360027191,gamma_gamma_conditional_expectation,813.69,42.63,Low risk / High value
15916,0.057122116535902025,False,8.0,538.0,546.0,292.84875,2.531901658898637,294.70270347505635,gamma_gamma_conditional_expectation,746.16,42.62,Low risk / High value
13488,0.010793289542198181,False,12.0,487.0,500.0,983.2725,4.003959182059258,985.1103854114821,gamma_gamma_conditional_expectation,3944.34,42.57,Low risk / High value
13080,0.6189089059829712,False,2.0,208.0,426.0,76.175,0.8335266557812807,82.48068791890427,gamma_gamma_conditional_expectation,68.75,42.55,High risk / Low value
17762,0.9077471852302551,True,0.0,0.0,273.0,0.0,0.36054100837998876,129.75,own_observed_transaction (Gamma-Gamma unstable at frequency=0),46.78,42.46,High risk / Low value
14444,0.8900830745697021,True,0.0,0.0,273.0,0.0,0.36054100837998876,132.04,own_observed_transaction (Gamma-Gamma unstable at frequency=0),47.61,42.38,High risk / Low value
17680,0.6726304650306701,False,1.0,128.0,328.0,87.0,0.6290743928060115,99.7924907142864,gamma_gamma_conditional_expectation,62.78,42.23,High risk / Low value
14043,0.6726304650306701,True,1.0,238.0,546.0,139.94,0.4086513594885625,153.29220096095725,gamma_gamma_conditional_expectation,62.64,42.13,High risk / Low value
14217,0.045987756550312044,False,13.0,343.0,344.0,152.65846153846152,5.9527871371270935,153.68587073128506,gamma_gamma_conditional_expectation,914.86,42.07,Low risk / High value
15991,0.9490982174873352,True,0.0,0.0,351.0,0.0,0.29427972372985817,150.55,own_observed_transaction (Gamma-Gamma unstable at frequency=0),44.3,42.05,High risk / Low value
17316,0.8378295302391052,True,0.0,0.0,237.0,0.0,0.4023932096440021,124.45,own_observed_transaction (Gamma-Gamma unstable at frequency=0),50.08,41.96,High risk / Low value
12868,0.030370009317994117,True,7.0,207.0,209.0,278.00142857142856,4.919223429040645,280.0984055216098,gamma_gamma_conditional_expectation,1377.87,41.85,Low risk / High value
18050,0.603021764755249,True,1.0,34.0,210.0,74.4,0.795785595670735,87.05927671526766,gamma_gamma_conditional_expectation,69.28,41.78,High risk / Low value
15583,0.8248178124427795,True,0.0,0.0,193.0,0.0,0.4689889141757878,107.86,own_observed_transaction (Gamma-Gamma unstable at frequency=0),50.59,41.73,High risk / Low value
15827,0.04562543779611587,False,18.0,517.0,517.0,158.075,5.754277757725536,158.82000180159926,gamma_gamma_conditional_expectation,913.89,41.7,Low risk / High value
17174,0.5908692598342895,True,0.0,0.0,34.0,0.0,1.1757386201319502,59.9,own_observed_transaction (Gamma-Gamma unstable at frequency=0),70.43,41.61,High risk / Low value
15504,0.6189089059829712,False,2.0,145.0,482.0,106.03,0.597180946663109,112.49267960345162,gamma_gamma_conditional_expectation,67.18,41.58,High risk / Low value
13480,0.6079378128051758,True,1.0,263.0,496.0,133.88,0.4643724098902307,147.16813137095298,gamma_gamma_conditional_expectation,68.34,41.55,High risk / Low value
17953,0.9490982174873352,True,0.0,0.0,357.0,0.0,0.2901793291515395,150.32,own_observed_transaction (Gamma-Gamma unstable at frequency=0),43.62,41.4,High risk / Low value
17208,0.8177626490592956,True,0.0,0.0,212.0,0.0,0.43769880727370053,115.35,own_observed_transaction (Gamma-Gamma unstable at frequency=0),50.49,41.29,High risk / Low value
14952,0.010793289542198181,False,19.0,530.0,553.0,669.8194736842105,5.687728478697498,670.8071792979598,gamma_gamma_conditional_expectation,3815.37,41.18,Low risk / High value
13451,0.021834519505500794,False,8.0,417.0,445.0,624.13375,3.0103877920437156,626.421505854193,gamma_gamma_conditional_expectation,1885.77,41.17,Low risk / High value
13047,0.019258898124098776,False,14.0,504.0,540.0,494.5,4.310419429581175,495.70961057704795,gamma_gamma_conditional_expectation,2136.72,41.15,Low risk / High value
13225,0.010793289542198181,False,11.0,526.0,539.0,1101.1645454545453,3.4517402090887868,1103.2819024661924,gamma_gamma_conditional_expectation,3808.24,41.1,Low risk / High value
15432,0.9490982174873352,False,0.0,0.0,358.0,0.0,0.28950703533750377,149.57,own_observed_transaction (Gamma-Gamma unstable at frequency=0),43.3,41.1,High risk / Low value
16913,0.6260984539985657,True,1.0,361.0,468.0,113.44,0.5180281178507906,126.51202866143367,gamma_gamma_conditional_expectation,65.54,41.03,High risk / Low value
14119,0.7032322883605957,True,1.0,343.0,535.0,116.89,0.4486813423349172,129.9985039230698,gamma_gamma_conditional_expectation,58.33,41.02,High risk / Low value
12864,0.8574006795883179,False,0.0,0.0,325.0,0.0,0.31347775831715874,152.45,own_observed_transaction (Gamma-Gamma unstable at frequency=0),47.79,40.98,High risk / Low value
16745,0.010793289542198181,False,9.0,128.0,128.0,431.52666666666664,8.744011137257068,433.3357774862409,gamma_gamma_conditional_expectation,3789.09,40.9,Low risk / High value
18256,0.8177626490592956,True,0.0,0.0,204.0,0.0,0.45034803555681113,110.7,own_observed_transaction (Gamma-Gamma unstable at frequency=0),49.85,40.77,High risk / Low value
16294,0.9490982174873352,True,0.0,0.0,293.0,0.0,0.34085470037414717,126.05,own_observed_transaction (Gamma-Gamma unstable at frequency=0),42.96,40.77,High risk / Low value
13185,0.7159578323364257,True,0.0,0.0,84.0,0.0,0.7965288790177549,71.4,own_observed_transaction (Gamma-Gamma unstable at frequency=0),56.87,40.72,High risk / Low value
13003,0.5695945501327515,False,0.0,0.0,31.0,0.0,1.2104696477820134,59.05,own_observed_transaction (Gamma-Gamma unstable at frequency=0),71.48,40.71,High risk / Low value
13011,0.8440673470497131,True,0.0,0.0,189.0,0.0,0.4761574567177378,101.1,own_observed_transaction (Gamma-Gamma unstable at frequency=0),48.14,40.63,High risk / Low value
13312,0.8900830745697021,True,0.0,0.0,268.0,0.0,0.36582412319592233,124.75,own_observed_transaction (Gamma-Gamma unstable at frequency=0),45.64,40.62,High risk / Low value
16050,0.6853560090065003,False,1.0,18.0,218.0,72.2,0.6980528936032131,84.8360171281374,gamma_gamma_conditional_expectation,59.22,40.59,High risk / Low value
15689,0.6547488331794739,False,1.0,256.0,434.0,103.5,0.5321826224341912,116.46693761776334,gamma_gamma_conditional_expectation,61.98,40.58,High risk / Low value
15846,0.8359747409820557,True,0.0,0.0,202.0,0.0,0.4536258481034158,107.01,own_observed_transaction (Gamma-Gamma unstable at frequency=0),48.54,40.58,High risk / Low value
13580,0.8900830745697021,True,0.0,0.0,223.0,0.0,0.42142693773703305,107.75,own_observed_transaction (Gamma-Gamma unstable at frequency=0),45.41,40.42,High risk / Low value
17745,0.6726304650306701,True,1.0,78.0,372.0,111.11,0.4827994807545161,124.15739464415482,gamma_gamma_conditional_expectation,59.94,40.32,High risk / Low value
13968,0.8177626490592956,True,0.0,0.0,240.0,0.0,0.3985367851126046,123.66,own_observed_transaction (Gamma-Gamma unstable at frequency=0),49.28,40.3,High risk / Low value
14187,0.9490982174873352,True,0.0,0.0,290.0,0.0,0.3436691140888809,123.5,own_observed_transaction (Gamma-Gamma unstable at frequency=0),42.44,40.28,High risk / Low value
15781,0.7543903827667237,False,0.0,0.0,122.0,0.0,0.6403168195842164,83.35,own_observed_transaction (Gamma-Gamma unstable at frequency=0),53.37,40.26,High risk / Low value
17975,0.015555194392800332,False,17.0,298.0,307.0,305.84352941176473,8.435769888652121,306.7233757198358,gamma_gamma_conditional_expectation,2587.45,40.25,Low risk / High value
12721,0.03407371304929256,False,5.0,288.0,288.0,414.062,2.8297854614451534,417.2848146639548,gamma_gamma_conditional_expectation,1180.83,40.24,Low risk / High value
17280,0.8900830745697021,True,0.0,0.0,255.0,0.0,0.38031578651790554,118.86,own_observed_transaction (Gamma-Gamma unstable at frequency=0),45.2,40.23,High risk / Low value
14181,0.6726304650306701,True,1.0,152.0,379.0,94.45,0.5572277779130547,107.32125613434114,gamma_gamma_conditional_expectation,59.8,40.22,High risk / Low value
18002,0.5803942561149598,True,3.0,356.0,548.0,66.28333333333333,0.9825364878332989,70.44515363848981,gamma_gamma_conditional_expectation,69.21,40.17,High risk / Low value
13241,0.8378295302391052,True,0.0,0.0,228.0,0.0,0.4144252267414075,115.58,own_observed_transaction (Gamma-Gamma unstable at frequency=0),47.9,40.13,High risk / Low value
17961,0.052385063469409944,False,68.0,555.0,555.0,38.20220588235294,19.94056382955857,38.38088245207369,gamma_gamma_conditional_expectation,765.34,40.09,Low risk / High value
14084,0.8574006795883179,True,0.0,0.0,329.0,0.0,0.3103624412148412,150.5,own_observed_transaction (Gamma-Gamma unstable at frequency=0),46.71,40.05,High risk / Low value
16630,0.8900830745697021,True,0.0,0.0,224.0,0.0,0.4200076681188364,106.8,own_observed_transaction (Gamma-Gamma unstable at frequency=0),44.86,39.93,High risk / Low value
13619,0.7129017949104309,True,1.0,130.0,491.0,128.95,0.3937195394117674,142.186008750702,gamma_gamma_conditional_expectation,55.98,39.91,High risk / Low value
12542,0.6726304650306701,True,1.0,156.0,457.0,117.09,0.4529685458103118,130.20061843099072,gamma_gamma_conditional_expectation,58.98,39.67,High risk / Low value
15271,0.03407371304929256,False,13.0,287.0,308.0,178.8230769230769,6.468882225745226,179.8715594123054,gamma_gamma_conditional_expectation,1163.57,39.65,Low risk / High value
14448,0.78772873878479,False,0.0,0.0,181.0,0.0,0.4911756026073018,102.35,own_observed_transaction (Gamma-Gamma unstable at frequency=0),50.27,39.6,High risk / Low value
15874,0.014496993273496628,False,13.0,484.0,518.0,648.2446153846154,4.16675433189287,649.6711756354872,gamma_gamma_conditional_expectation,2707.02,39.24,Low risk / High value
15328,0.8700161933898926,True,0.0,0.0,224.0,0.0,0.4200076681188364,107.24,own_observed_transaction (Gamma-Gamma unstable at frequency=0),45.04,39.19,High risk / Low value
17792,0.6706136584281921,True,1.0,11.0,295.0,119.01,0.4419409205010322,132.14091770703166,gamma_gamma_conditional_expectation,58.4,39.16,High risk / Low value
12949,0.010793289542198181,False,12.0,530.0,553.0,984.6233333333333,3.6581239238588186,986.4623974661536,gamma_gamma_conditional_expectation,3608.6,38.95,Low risk / High value
13992,0.7159578323364257,False,1.0,83.0,280.0,66.8,0.6837511969419607,79.3789254142722,gamma_gamma_conditional_expectation,54.28,38.86,High risk / Low value
16153,0.03407371304929256,False,8.0,377.0,379.0,326.6725,3.470694763941952,328.57074411067623,gamma_gamma_conditional_expectation,1140.37,38.86,Low risk / High value
14366,0.9490982174873352,True,0.0,0.0,342.0,0.0,0.30065276544792274,136.0,own_observed_transaction (Gamma-Gamma unstable at frequency=0),40.89,38.81,High risk / Low value
12621,0.007019704580307007,False,23.0,468.0,485.0,717.1095652173914,7.69011578690935,717.9469382408621,gamma_gamma_conditional_expectation,5521.1,38.76,Low risk / High value
13710,0.6678120851516723,False,1.0,189.0,429.0,101.04,0.5091859642708254,113.98092917033587,gamma_gamma_conditional_expectation,58.04,38.76,High risk / Low value
17403,0.8856635928153992,False,0.0,0.0,267.0,0.0,0.3668994327566997,118.95,own_observed_transaction (Gamma-Gamma unstable at frequency=0),43.64,38.65,High risk / Low value
14835,0.7129017949104309,True,1.0,89.0,434.0,118.8,0.4108991317344518,131.9286974737147,gamma_gamma_conditional_expectation,54.21,38.65,High risk / Low value
17493,0.8440673470497131,True,0.0,0.0,202.0,0.0,0.4536258481034158,100.91,own_observed_transaction (Gamma-Gamma unstable at frequency=0),45.78,38.64,High risk / Low value
14314,0.901840889453888,False,0.0,0.0,247.0,0.0,0.3898204816649439,109.8,own_observed_transaction (Gamma-Gamma unstable at frequency=0),42.8,38.6,High risk / Low value
15056,0.9490982174873352,True,0.0,0.0,337.0,0.0,0.30431432880846054,133.45,own_observed_transaction (Gamma-Gamma unstable at frequency=0),40.61,38.54,High risk / Low value
18195,0.8440673470497131,True,0.0,0.0,204.0,0.0,0.45034803555681113,101.16,own_observed_transaction (Gamma-Gamma unstable at frequency=0),45.56,38.46,High risk / Low value
14189,0.021834519505500794,False,7.0,188.0,205.0,352.47285714285715,4.957246834119659,354.6813028191609,gamma_gamma_conditional_expectation,1758.24,38.39,Low risk / High value
16928,0.052385063469409944,False,15.0,484.0,491.0,144.01933333333332,5.042485475632994,144.90362935389263,gamma_gamma_conditional_expectation,730.67,38.28,Low risk / High value
13556,0.6853560090065003,True,1.0,6.0,252.0,93.6,0.5241395289164904,106.46226947567718,gamma_gamma_conditional_expectation,55.8,38.24,High risk / Low value
15078,0.010793289542198181,False,23.0,545.0,552.0,512.3013043478261,6.884812870487051,513.0454745513708,gamma_gamma_conditional_expectation,3532.22,38.12,Low risk / High value
13084,0.9490982174873352,True,0.0,0.0,308.0,0.0,0.3274484260907809,122.4,own_observed_transaction (Gamma-Gamma unstable at frequency=0),40.08,38.04,High risk / Low value
16032,0.4794568717479706,True,5.0,67.0,340.0,311.252,0.252167796667688,314.2592453962996,gamma_gamma_conditional_expectation,79.25,38.0,High risk / Low value
14209,0.030370009317994117,False,11.0,473.0,503.0,340.5490909090909,3.6516079051898247,341.9423496083522,gamma_gamma_conditional_expectation,1248.64,37.92,Low risk / High value
17467,0.8440673470497131,True,0.0,0.0,212.0,0.0,0.43769880727370053,102.6,own_observed_transaction (Gamma-Gamma unstable at frequency=0),44.91,37.91,High risk / Low value
15753,0.7432405591011048,True,0.0,0.0,121.0,0.0,0.6436342034029915,79.2,own_observed_transaction (Gamma-Gamma unstable at frequency=0),50.98,37.89,High risk / Low value
16098,0.03407371304929256,False,10.0,539.0,541.0,351.0,3.1495135469070936,352.5436756026902,gamma_gamma_conditional_expectation,1110.34,37.83,Low risk / High value
16251,0.9490982174873352,True,0.0,0.0,329.0,0.0,0.3103624412148412,128.31,own_observed_transaction (Gamma-Gamma unstable at frequency=0),39.82,37.79,High risk / Low value
12821,0.6260984539985657,True,1.0,397.0,428.0,92.72,0.5711368305690346,105.57296564082507,gamma_gamma_conditional_expectation,60.3,37.75,High risk / Low value
17776,0.6321677565574646,True,1.0,337.0,540.0,121.55,0.4430555826476938,134.7077719576275,gamma_gamma_conditional_expectation,59.68,37.73,High risk / Low value
17071,0.051522424817085265,False,7.0,497.0,501.0,301.1685714285714,2.414022356454028,303.300224924533,gamma_gamma_conditional_expectation,732.17,37.72,Low risk / High value
16814,0.010793289542198181,False,26.0,415.0,424.0,357.59000000000003,9.751002380441836,358.1859917517664,gamma_gamma_conditional_expectation,3492.67,37.7,Low risk / High value
17901,0.8268403053283692,False,0.0,0.0,338.0,0.0,0.3035748835107493,149.7,own_observed_transaction (Gamma-Gamma unstable at frequency=0),45.45,37.58,High risk / Low value
17220,0.04562543779611587,False,7.0,482.0,505.0,342.4685714285714,2.388751082956852,344.66204270454836,gamma_gamma_conditional_expectation,823.31,37.56,Low risk / High value
13728,0.055029730498790744,False,12.0,532.0,547.0,183.16333333333333,3.6996923712800975,184.30305286134487,gamma_gamma_conditional_expectation,681.86,37.52,Low risk / High value
14056,0.010793289542198181,False,10.0,100.0,101.0,309.636,11.164425260605766,311.13635555252097,gamma_gamma_conditional_expectation,3473.66,37.49,Low risk / High value
13399,0.6370189905166626,True,2.0,55.0,336.0,87.75,0.6226199166909854,94.11655473346248,gamma_gamma_conditional_expectation,58.6,37.33,High risk / Low value
16985,0.015555194392800332,False,13.0,518.0,546.0,599.5576923076923,3.9874839722077247,600.9450395242442,gamma_gamma_conditional_expectation,2396.26,37.27,Low risk / High value
16486,0.9490982174873352,True,0.0,0.0,354.0,0.0,0.2922151141689482,134.36,own_observed_transaction (Gamma-Gamma unstable at frequency=0),39.26,37.26,High risk / Low value
17383,0.9236545085906982,False,0.0,0.0,270.0,0.0,0.36369235482987583,110.7,own_observed_transaction (Gamma-Gamma unstable at frequency=0),40.26,37.19,High risk / Low value
14722,0.6706136584281921,False,1.0,9.0,303.0,120.05,0.4159932231070678,133.19191314822052,gamma_gamma_conditional_expectation,55.41,37.16,High risk / Low value
13148,0.019258898124098776,False,14.0,500.0,549.0,455.15142857142854,4.225453200960575,456.33161272890555,gamma_gamma_conditional_expectation,1928.21,37.14,Low risk / High value
15635,0.8440673470497131,True,0.0,0.0,212.0,0.0,0.43769880727370053,100.35,own_observed_transaction (Gamma-Gamma unstable at frequency=0),43.92,37.07,High risk / Low value
15939,0.010793289542198181,False,8.0,178.0,191.0,577.16875,5.918899281094744,579.3950073597362,gamma_gamma_conditional_expectation,3429.38,37.01,Low risk / High value
14668,0.8900830745697021,True,0.0,0.0,262.0,0.0,0.37237249544261014,111.63,own_observed_transaction (Gamma-Gamma unstable at frequency=0),41.57,37.0,High risk / Low value
17541,0.9490982174873352,True,0.0,0.0,326.0,0.0,0.3126930675528919,124.46,own_observed_transaction (Gamma-Gamma unstable at frequency=0),38.92,36.94,High risk / Low value
16773,0.695357871055603,False,1.0,297.0,550.0,111.9,0.42480855388579053,124.9557469504425,gamma_gamma_conditional_expectation,53.08,36.91,High risk / Low value
12867,0.021834519505500794,False,9.0,509.0,540.0,591.0411111111111,2.8408655849991624,593.0358631736032,gamma_gamma_conditional_expectation,1684.74,36.79,Low risk / High value
13676,0.7231582045555115,True,1.0,80.0,436.0,115.6,0.39487836154175965,128.69486534697975,gamma_gamma_conditional_expectation,50.82,36.75,High risk / Low value
16549,0.19324253499507904,False,23.0,287.0,438.0,389.60043478260866,0.4854603733777165,390.2887670673005,gamma_gamma_conditional_expectation,189.47,36.61,Low risk / Low value
17928,0.6547488331794739,False,1.0,325.0,388.0,78.26,0.6142149021843513,90.96008671814165,gamma_gamma_conditional_expectation,55.87,36.58,High risk / Low value
18219,0.052385063469409944,False,11.0,518.0,549.0,204.88272727272727,3.382798195740298,206.14683294943342,gamma_gamma_conditional_expectation,697.35,36.53,Low risk / High value
13829,0.8928692936897278,True,0.0,0.0,238.0,0.0,0.40109944258974356,102.0,own_observed_transaction (Gamma-Gamma unstable at frequency=0),40.91,36.53,High risk / Low value
13551,0.6987673521041871,True,1.0,347.0,483.0,91.8,0.49931244678071685,104.64323890438878,gamma_gamma_conditional_expectation,52.25,36.51,High risk / Low value
18124,0.9490982174873352,True,0.0,0.0,289.0,0.0,0.34461763521303573,111.53,own_observed_transaction (Gamma-Gamma unstable at frequency=0),38.44,36.48,High risk / Low value
14787,0.9490982174873352,True,0.0,0.0,288.0,0.0,0.3455714201235747,110.65,own_observed_transaction (Gamma-Gamma unstable at frequency=0),38.24,36.29,High risk / Low value
14676,0.015555194392800332,False,8.0,432.0,456.0,787.6437500000001,2.9514665640985336,790.1456146336809,gamma_gamma_conditional_expectation,2332.09,36.28,Low risk / High value
16905,0.045987756550312044,False,11.0,493.0,546.0,232.10454545454547,3.373259453811836,233.3945660301506,gamma_gamma_conditional_expectation,787.3,36.21,Low risk / High value
16854,0.5609864950180053,True,1.0,223.0,457.0,118.15,0.4914964934109707,131.27182532297167,gamma_gamma_conditional_expectation,64.52,36.19,High risk / Low value
15702,0.9424986362457275,True,0.0,0.0,293.0,0.0,0.34085470037414717,112.57,own_observed_transaction (Gamma-Gamma unstable at frequency=0),38.37,36.16,High risk / Low value
17402,0.03443603180348873,False,12.0,540.0,540.0,278.6066666666666,3.75129083158089,279.8296689289776,gamma_gamma_conditional_expectation,1049.72,36.15,Low risk / High value
13586,0.9490982174873352,True,0.0,0.0,358.0,0.0,0.28950703533750377,131.53,own_observed_transaction (Gamma-Gamma unstable at frequency=0),38.08,36.14,High risk / Low value
14579,0.8838452577590943,True,0.0,0.0,249.0,0.0,0.38739991182991984,105.56,own_observed_transaction (Gamma-Gamma unstable at frequency=0),40.89,36.14,High risk / Low value
16553,0.007019704580307007,False,14.0,461.0,483.0,1077.2521428571429,4.769945696232687,1078.8975585584685,gamma_gamma_conditional_expectation,5146.28,36.13,Low risk / High value
17371,0.5245869994163513,False,2.0,370.0,548.0,89.0,0.7219282102549858,95.37312782358757,gamma_gamma_conditional_expectation,68.85,36.12,High risk / Low value
14069,0.7129017949104309,True,1.0,47.0,378.0,110.44,0.41002914752831043,123.48031104261969,gamma_gamma_conditional_expectation,50.63,36.09,High risk / Low value
15926,0.9292951226234436,True,0.0,0.0,359.0,0.0,0.28883785557484376,134.44,own_observed_transaction (Gamma-Gamma unstable at frequency=0),38.83,36.08,High risk / Low value
15552,0.6281152606010437,True,1.0,406.0,440.0,90.12,0.5574770825831158,102.94547703785295,gamma_gamma_conditional_expectation,57.39,36.05,High risk / Low value
15183,0.599583625793457,True,2.0,37.0,401.0,173.95,0.3306181563572251,180.76983502848785,gamma_gamma_conditional_expectation,59.77,35.84,High risk / Low value
17177,0.9490982174873352,True,0.0,0.0,322.0,0.0,0.3158556932470465,119.5,own_observed_transaction (Gamma-Gamma unstable at frequency=0),37.74,35.82,High risk / Low value
13102,0.010793289542198181,False,24.0,384.0,399.0,348.76458333333335,9.474605463533875,349.40641392556216,gamma_gamma_conditional_expectation,3310.49,35.73,Low risk / High value
15034,0.014496993273496628,False,9.0,345.0,394.0,662.3,3.6865235428486183,664.3776824124571,gamma_gamma_conditional_expectation,2449.24,35.51,Low risk / High value
17898,0.4771506547927856,False,2.0,360.0,384.0,66.04,1.0277263413789086,72.29239330417013,gamma_gamma_conditional_expectation,74.3,35.45,High risk / Low value
17994,0.057122116535902025,False,9.0,431.0,437.0,179.1577777777778,3.43127075509124,180.67318432266833,gamma_gamma_conditional_expectation,619.94,35.41,Low risk / High value
18063,0.7159578323364257,True,1.0,243.0,450.0,84.6,0.5078542430594615,97.3671166192352,gamma_gamma_conditional_expectation,49.45,35.4,High risk / Low value
17332,0.5281712293624878,True,4.0,128.0,473.0,139.7275,0.4685865122974724,143.038732471737,gamma_gamma_conditional_expectation,67.03,35.4,High risk / Low value
18168,0.03407371304929256,False,14.0,532.0,553.0,242.67857142857142,4.240403625108681,243.69985997142436,gamma_gamma_conditional_expectation,1033.39,35.21,Low risk / High value
16873,0.010793289542198181,False,8.0,471.0,485.0,1158.315,2.805120528593342,1161.3022414848137,gamma_gamma_conditional_expectation,3257.59,35.16,Low risk / High value
14908,0.9490982174873352,False,0.0,0.0,280.0,0.0,0.35339658491154197,104.1,own_observed_transaction (Gamma-Gamma unstable at frequency=0),36.79,34.92,High risk / Low value
13178,0.010793289542198181,False,14.0,520.0,540.0,745.295,4.33093136142741,746.6921650073198,gamma_gamma_conditional_expectation,3233.87,34.9,Low risk / High value
15816,0.8378295302391052,True,0.0,0.0,359.0,0.0,0.28883785557484376,144.15,own_observed_transaction (Gamma-Gamma unstable at frequency=0),41.64,34.89,High risk / Low value
14090,0.7810959815979004,True,0.0,0.0,141.0,0.0,0.5832338686356704,76.32,own_observed_transaction (Gamma-Gamma unstable at frequency=0),44.51,34.77,High risk / Low value
13468,0.010793289542198181,False,53.0,535.0,553.0,206.83849056603773,15.535858923833661,207.10104047729334,gamma_gamma_conditional_expectation,3217.49,34.73,Low risk / High value
16544,0.6726304650306701,True,1.0,143.0,479.0,110.3,0.41789114715382686,123.33883088707503,gamma_gamma_conditional_expectation,51.54,34.67,High risk / Low value
16925,0.9490982174873352,True,0.0,0.0,357.0,0.0,0.2901793291515395,125.65,own_observed_transaction (Gamma-Gamma unstable at frequency=0),36.46,34.6,High risk / Low value
15041,0.8177626490592956,False,0.0,0.0,261.0,0.0,0.3734868173812382,113.25,own_observed_transaction (Gamma-Gamma unstable at frequency=0),42.3,34.59,High risk / Low value
17338,0.010793289542198181,False,13.0,434.0,456.0,682.286923076923,4.668940886126392,683.7409014124777,gamma_gamma_conditional_expectation,3192.35,34.46,Low risk / High value
12951,0.04047101996839046,False,12.0,494.0,515.0,217.18583333333333,3.8951533784814085,218.35524049618266,gamma_gamma_conditional_expectation,850.53,34.42,Low risk / High value
17735,0.007019704580307007,False,15.0,310.0,314.0,665.67,7.353194821621397,666.9183814886064,gamma_gamma_conditional_expectation,4903.98,34.42,Low risk / High value
14806,0.8240004658699036,False,0.0,0.0,256.0,0.0,0.3791602846726981,110.04,own_observed_transaction (Gamma-Gamma unstable at frequency=0),41.72,34.38,High risk / Low value
12401,0.7653793931007385,True,0.0,0.0,120.0,0.0,0.6469863466833776,69.3,own_observed_transaction (Gamma-Gamma unstable at frequency=0),44.84,34.32,High risk / Low value
15218,0.014496993273496628,False,13.0,465.0,499.0,548.2761538461539,4.303457407663832,549.6221982939007,gamma_gamma_conditional_expectation,2365.28,34.29,Low risk / High value
15401,0.7129017949104309,True,1.0,116.0,385.0,80.75,0.514182231948367,93.47641234175725,gamma_gamma_conditional_expectation,48.06,34.26,High risk / Low value
13794,0.9490982174873352,True,0.0,0.0,363.0,0.0,0.2861918475880832,126.03,own_observed_transaction (Gamma-Gamma unstable at frequency=0),36.07,34.23,High risk / Low value
13450,0.03407371304929256,False,8.0,399.0,420.0,314.40250000000003,3.1682912997520796,316.284677113402,gamma_gamma_conditional_expectation,1002.08,34.14,Low risk / High value
17775,0.695357871055603,True,0.0,0.0,71.0,0.0,0.8692394899276716,56.4,own_observed_transaction (Gamma-Gamma unstable at frequency=0),49.03,34.09,High risk / Low value
14227,0.019258898124098776,False,7.0,473.0,486.0,710.9557142857144,2.4747382975820083,713.7007365819247,gamma_gamma_conditional_expectation,1766.22,34.02,Low risk / High value
16659,0.538949191570282,True,0.0,0.0,6.0,0.0,1.6077151004019583,39.12,own_observed_transaction (Gamma-Gamma unstable at frequency=0),62.89,33.89,High risk / Low value
15675,0.6401936292648316,False,1.0,124.0,221.0,45.0,0.9231061418377934,57.34844405089056,gamma_gamma_conditional_expectation,52.94,33.89,High risk / Low value
17315,0.010793289542198181,False,23.0,247.0,255.0,238.4817391304348,13.10650069262258,239.1013012956084,gamma_gamma_conditional_expectation,3133.78,33.82,Low risk / High value
17811,0.010793289542198181,False,24.0,258.0,262.0,233.2229166666667,13.39854839922127,233.81435909072718,gamma_gamma_conditional_expectation,3132.77,33.81,Low risk / High value
18118,0.010793289542198181,False,17.0,195.0,198.0,262.7288235294118,11.859429230474994,263.5821203779484,gamma_gamma_conditional_expectation,3125.93,33.74,Low risk / High value
16923,0.010793289542198181,False,21.0,490.0,494.0,448.5385714285714,6.94921328399783,449.3218687023969,gamma_gamma_conditional_expectation,3122.43,33.7,Low risk / High value
13892,0.38203089237213134,False,2.0,329.0,392.0,81.98,0.9984165884661349,88.31621334944514,gamma_gamma_conditional_expectation,88.18,33.69,Low risk / Low value
15873,0.6319721579551697,True,1.0,1.0,317.0,138.24,0.3515824552634462,151.57422764362934,gamma_gamma_conditional_expectation,53.29,33.68,High risk / Low value
14769,0.010793289542198181,False,12.0,522.0,540.0,830.4016666666666,3.739510703537403,832.106158780262,gamma_gamma_conditional_expectation,3111.67,33.59,Low risk / High value
17497,0.6678120851516723,True,1.0,220.0,427.0,82.65,0.5272798487558056,95.39650016700612,gamma_gamma_conditional_expectation,50.3,33.59,High risk / Low value
16161,0.010793289542198181,False,32.0,471.0,486.0,291.454375,10.605958154248542,291.9169526083964,gamma_gamma_conditional_expectation,3096.06,33.42,Low risk / High value
14040,0.010793289542198181,False,26.0,555.0,555.0,398.20692307692303,7.731596009861217,398.81926492396263,gamma_gamma_conditional_expectation,3083.51,33.28,Low risk / High value
13668,0.010793289542198181,False,25.0,541.0,545.0,406.8772,7.5567644089131045,407.5176756076185,gamma_gamma_conditional_expectation,3079.52,33.24,Low risk / High value
13784,0.052385063469409944,False,8.0,265.0,267.0,135.835,4.615480004101599,137.48335123436584,gamma_gamma_conditional_expectation,634.55,33.24,Low risk / High value
15005,0.010793289542198181,False,40.0,551.0,555.0,260.4105,11.793954546717176,260.77241628741007,gamma_gamma_conditional_expectation,3075.54,33.2,Low risk / High value
16218,0.02560810446739197,False,8.0,355.0,378.0,371.35625000000005,3.4594747433892072,373.31300541381023,gamma_gamma_conditional_expectation,1291.47,33.07,Low risk / High value
15694,0.015555194392800332,False,16.0,545.0,549.0,435.015,4.868255493401825,436.03438937912824,gamma_gamma_conditional_expectation,2122.73,33.02,Low risk / High value
15285,0.8233170986175538,True,0.0,0.0,224.0,0.0,0.4200076681188364,94.92,own_observed_transaction (Gamma-Gamma unstable at frequency=0),39.87,32.83,High risk / Low value
13346,0.6079378128051758,True,4.0,134.0,413.0,63.375,0.811244407532198,66.48601015795244,gamma_gamma_conditional_expectation,53.94,32.79,High risk / Low value
17180,0.052385063469409944,False,8.0,446.0,504.0,231.51875,2.678291109841289,233.29239467775963,gamma_gamma_conditional_expectation,624.82,32.73,Low risk / High value
13679,0.6189089059829712,True,2.0,242.0,552.0,77.22999999999999,0.6324171834500629,83.54123560696982,gamma_gamma_conditional_expectation,52.83,32.7,High risk / Low value
16359,0.052385063469409944,False,11.0,447.0,478.0,162.2418181818182,3.81451468662906,163.465330139153,gamma_gamma_conditional_expectation,623.54,32.66,Low risk / High value
12924,0.052385063469409944,False,9.0,532.0,547.0,219.27444444444444,2.8185886678061376,220.83653834663141,gamma_gamma_conditional_expectation,622.45,32.61,Low risk / High value
17847,0.7516859173774719,True,1.0,130.0,462.0,89.04,0.4252019677904359,101.85405869507991,gamma_gamma_conditional_expectation,43.31,32.56,High risk / Low value
13535,0.8497951865196228,True,0.0,0.0,219.0,0.0,0.4272015889859949,89.5,own_observed_transaction (Gamma-Gamma unstable at frequency=0),38.23,32.49,High risk / Low value
15615,0.007019704580307007,False,29.0,554.0,554.0,536.3134482758621,8.617407965182867,536.9122623225793,gamma_gamma_conditional_expectation,4626.79,32.48,Low risk / High value
14016,0.010793289542198181,False,9.0,493.0,517.0,1015.1522222222223,2.9558413421940872,1017.6405503622673,gamma_gamma_conditional_expectation,3007.98,32.47,Low risk / High value
17266,0.7129017949104309,False,1.0,141.0,457.0,90.41,0.44092191246066115,103.2385430743383,gamma_gamma_conditional_expectation,45.52,32.45,High risk / Low value
13571,0.03708994798362255,False,17.0,547.0,548.0,167.66411764705882,5.172223640570467,168.45887492051705,gamma_gamma_conditional_expectation,871.31,32.32,Low risk / High value
16393,0.03407371304929256,False,15.0,553.0,555.0,208.05866666666668,4.532569731710936,208.98765886445716,gamma_gamma_conditional_expectation,947.25,32.28,Low risk / High value
15686,0.8900830745697021,True,0.0,0.0,237.0,0.0,0.4023932096440021,90.0,own_observed_transaction (Gamma-Gamma unstable at frequency=0),36.22,32.24,High risk / Low value
16791,0.04047101996839046,False,9.0,523.0,553.0,284.49333333333334,2.7829730787943174,286.13132829662624,gamma_gamma_conditional_expectation,796.3,32.23,Low risk / High value
14840,0.6527320265769958,True,1.0,272.0,356.0,62.85,0.6533671085771211,75.3871638828338,gamma_gamma_conditional_expectation,49.26,32.15,High risk / Low value
17446,0.7529571533203125,False,0.0,0.0,127.0,0.0,0.624232772353115,68.1,own_observed_transaction (Gamma-Gamma unstable at frequency=0),42.51,32.01,High risk / Low value
18032,0.7810959815979004,True,0.0,0.0,151.0,0.0,0.5571134118326191,73.5,own_observed_transaction (Gamma-Gamma unstable at frequency=0),40.95,31.99,High risk / Low value
14874,0.9374769330024719,True,0.0,0.0,352.0,0.0,0.2935882800516584,116.18,own_observed_transaction (Gamma-Gamma unstable at frequency=0),34.11,31.98,High risk / Low value
14589,0.8408571958541871,True,0.0,0.0,188.0,0.0,0.4779841048340019,79.5,own_observed_transaction (Gamma-Gamma unstable at frequency=0),38.0,31.95,High risk / Low value
13875,0.02560810446739197,False,10.0,538.0,539.0,393.087,3.1602682906015906,394.6747528425962,gamma_gamma_conditional_expectation,1247.28,31.94,Low risk / High value
12747,0.015555194392800332,False,20.0,534.0,549.0,339.56399999999996,6.028683411584791,340.329448581677,gamma_gamma_conditional_expectation,2051.74,31.92,Low risk / High value
14395,0.014496993273496628,False,14.0,378.0,417.0,409.2528571428571,5.362593487975802,410.3987165314409,gamma_gamma_conditional_expectation,2200.8,31.9,Low risk / High value
18042,0.9490982174873352,False,0.0,0.0,358.0,0.0,0.28950703533750377,116.1,own_observed_transaction (Gamma-Gamma unstable at frequency=0),33.61,31.9,High risk / Low value
13620,0.9490982174873352,True,0.0,0.0,345.0,0.0,0.29849790473566723,112.34,own_observed_transaction (Gamma-Gamma unstable at frequency=0),33.53,31.82,High risk / Low value
14373,0.8252918601036072,True,0.0,0.0,175.0,0.0,0.5030787858747757,76.55,own_observed_transaction (Gamma-Gamma unstable at frequency=0),38.51,31.78,High risk / Low value
12708,0.030370009317994117,False,12.0,521.0,538.0,276.65749999999997,3.7525005732386494,277.8788014423172,gamma_gamma_conditional_expectation,1042.74,31.67,Low risk / High value
17401,0.9490982174873352,True,0.0,0.0,358.0,0.0,0.28950703533750377,114.85,own_observed_transaction (Gamma-Gamma unstable at frequency=0),33.25,31.56,High risk / Low value
16386,0.4284809172153473,False,1.0,134.0,204.0,61.1,1.0000272246746706,73.61866193852563,gamma_gamma_conditional_expectation,73.62,31.54,Low risk / Low value
16061,0.9046271085739136,True,0.0,0.0,248.0,0.0,0.38860641598131573,89.65,own_observed_transaction (Gamma-Gamma unstable at frequency=0),34.84,31.52,High risk / Low value
13967,0.8440673470497131,False,0.0,0.0,213.0,0.0,0.43616761792830905,85.6,own_observed_transaction (Gamma-Gamma unstable at frequency=0),37.34,31.52,High risk / Low value
18021,0.7129017949104309,True,1.0,3.0,329.0,116.41,0.34059383395565584,129.51342910405953,gamma_gamma_conditional_expectation,44.11,31.45,High risk / Low value
13871,0.029311808198690413,False,8.0,513.0,536.0,415.54125,2.56626463805427,417.55586362689604,gamma_gamma_conditional_expectation,1071.56,31.41,Low risk / High value
17752,0.7766759037971497,True,0.0,0.0,176.0,0.0,0.5010548462222281,80.64,own_observed_transaction (Gamma-Gamma unstable at frequency=0),40.41,31.39,High risk / Low value
15905,0.9490982174873352,True,0.0,0.0,360.0,0.0,0.2881717682417687,114.69,own_observed_transaction (Gamma-Gamma unstable at frequency=0),33.05,31.37,High risk / Low value
16011,0.029311808198690413,False,19.0,554.0,555.0,186.9321052631579,5.695901262431714,187.6537731230743,gamma_gamma_conditional_expectation,1068.86,31.33,Low risk / High value
13050,0.010793289542198181,False,26.0,539.0,541.0,366.5253846153846,7.9056352690646134,367.12497325186547,gamma_gamma_conditional_expectation,2902.36,31.33,Low risk / High value
12705,0.010793289542198181,False,6.0,332.0,350.0,1019.5066666666667,2.8337073122021175,1023.2489379702317,gamma_gamma_conditional_expectation,2899.59,31.3,Low risk / High value
15851,0.9490982174873352,True,0.0,0.0,343.0,0.0,0.29993102280042006,109.73,own_observed_transaction (Gamma-Gamma unstable at frequency=0),32.91,31.23,High risk / Low value
17160,0.014496993273496628,False,12.0,510.0,552.0,589.1883333333334,3.6437347880076705,590.6823455187046,gamma_gamma_conditional_expectation,2152.29,31.2,Low risk / High value
14707,0.7205630898475647,True,1.0,141.0,393.0,69.6,0.5263156325397662,82.20852852516526,gamma_gamma_conditional_expectation,43.27,31.18,High risk / Low value
17304,0.9490982174873352,True,0.0,0.0,351.0,0.0,0.29427972372985817,111.5,own_observed_transaction (Gamma-Gamma unstable at frequency=0),32.81,31.14,High risk / Low value
12877,0.05231864154338837,False,14.0,490.0,507.0,128.7107142857143,4.579566124249007,129.64677315287307,gamma_gamma_conditional_expectation,593.73,31.06,Low risk / High value
14509,0.9490982174873352,True,0.0,0.0,351.0,0.0,0.29427972372985817,110.95,own_observed_transaction (Gamma-Gamma unstable at frequency=0),32.65,30.99,High risk / Low value
13824,0.030370009317994117,False,9.0,434.0,454.0,305.76,3.3105201211408666,307.4227448876428,gamma_gamma_conditional_expectation,1017.73,30.91,Low risk / High value
17682,0.030370009317994117,False,7.0,449.0,458.0,388.0514285714286,2.607009016054717,390.31312820177186,gamma_gamma_conditional_expectation,1017.55,30.9,Low risk / High value
15566,0.6822946190834045,True,1.0,332.0,541.0,89.65,0.44110059190303297,102.47050794423876,gamma_gamma_conditional_expectation,45.2,30.84,High risk / Low value
18018,0.47978479862213136,False,2.0,221.0,237.0,36.0,1.515781521245649,42.09442880228426,gamma_gamma_conditional_expectation,63.81,30.62,High risk / Low value
17224,0.9490982174873352,True,0.0,0.0,318.0,0.0,0.319083095193204,100.86,own_observed_transaction (Gamma-Gamma unstable at frequency=0),32.18,30.54,High risk / Low value
14211,0.03407371304929256,False,11.0,523.0,547.0,262.1163636363636,3.399562854601758,263.434955162989,gamma_gamma_conditional_expectation,895.56,30.52,Low risk / High value
15170,0.8900830745697021,True,0.0,0.0,223.0,0.0,0.42142693773703305,81.15,own_observed_transaction (Gamma-Gamma unstable at frequency=0),34.2,30.44,High risk / Low value
12788,0.6137598514556885,True,3.0,65.0,345.0,79.60000000000001,0.5911516944175506,83.80842216704798,gamma_gamma_conditional_expectation,49.54,30.41,High risk / Low value
18260,0.010793289542198181,False,20.0,519.0,541.0,461.33000000000004,6.095300713867361,462.15917728898427,gamma_gamma_conditional_expectation,2817.0,30.4,Low risk / High value
16547,0.9490982174873352,True,0.0,0.0,363.0,0.0,0.2861918475880832,111.71,own_observed_transaction (Gamma-Gamma unstable at frequency=0),31.97,30.34,High risk / Low value
12483,0.030370009317994117,False,14.0,494.0,494.0,211.32214285714286,4.6997672279646,212.31998182127188,gamma_gamma_conditional_expectation,997.85,30.3,Low risk / High value
15696,0.03407371304929256,False,10.0,464.0,501.0,264.536,3.3415419835399964,265.98912283173394,gamma_gamma_conditional_expectation,888.81,30.29,Low risk / High value
17757,0.015555194392800332,False,39.0,504.0,512.0,157.3197435897436,12.33769311379501,157.66328027919744,gamma_gamma_conditional_expectation,1945.2,30.26,Low risk / High value
16018,0.6527320265769958,False,1.0,336.0,549.0,93.45,0.43516239531729745,106.31068359473647,gamma_gamma_conditional_expectation,46.26,30.2,High risk / Low value
16078,0.6527320265769958,True,1.0,386.0,486.0,79.2,0.5030919497979587,91.91002490537004,gamma_gamma_conditional_expectation,46.24,30.18,High risk / Low value
18144,0.030370009317994117,False,12.0,511.0,540.0,264.78333333333336,3.729538159899428,265.994273516954,gamma_gamma_conditional_expectation,992.04,30.13,Low risk / High value
18229,0.015555194392800332,False,15.0,552.0,553.0,423.714,4.54770227167455,424.79350858354576,gamma_gamma_conditional_expectation,1931.83,30.05,Low risk / High value
13037,0.029311808198690413,False,9.0,517.0,553.0,366.4455555555556,2.778810784471699,368.1789256583614,gamma_gamma_conditional_expectation,1023.1,29.99,Low risk / High value
13083,0.8233170986175538,False,0.0,0.0,242.0,0.0,0.3960067670704817,91.68,own_observed_transaction (Gamma-Gamma unstable at frequency=0),36.31,29.89,High risk / Low value
18225,0.010793289542198181,False,17.0,531.0,552.0,538.4535294117647,5.119070944624753,539.4766138483566,gamma_gamma_conditional_expectation,2761.62,29.81,Low risk / High value
18198,0.010793289542198181,False,10.0,149.0,153.0,320.025,8.565003708869627,321.5362358349213,gamma_gamma_conditional_expectation,2753.96,29.72,Low risk / High value
14374,0.9490982174873352,True,0.0,0.0,358.0,0.0,0.28950703533750377,108.0,own_observed_transaction (Gamma-Gamma unstable at frequency=0),31.27,29.68,High risk / Low value
18214,0.5245869994163513,True,3.0,24.0,371.0,352.2633333333333,0.15819913172586242,357.4259446620486,gamma_gamma_conditional_expectation,56.54,29.66,High risk / Low value
17049,0.015555194392800332,False,9.0,431.0,462.0,583.1955555555555,3.2513163653525536,585.1811770425076,gamma_gamma_conditional_expectation,1902.61,29.6,Low risk / High value
15901,0.6137598514556885,False,2.0,92.0,360.0,58.900000000000006,0.7403620787782872,65.11484781337569,gamma_gamma_conditional_expectation,48.21,29.59,High risk / Low value
18223,0.010793289542198181,False,18.0,530.0,552.0,504.9238888888888,5.408111040033634,505.8706028707307,gamma_gamma_conditional_expectation,2735.8,29.53,Low risk / High value
14168,0.6726304650306701,True,1.0,144.0,381.0,67.5,0.5475690305824232,80.08632619199548,gamma_gamma_conditional_expectation,43.85,29.49,High risk / Low value
17741,0.7262142419815063,True,1.0,154.0,377.0,59.7,0.5620020276201021,72.20386038307912,gamma_gamma_conditional_expectation,40.58,29.47,High risk / Low value
16375,0.8177626490592956,True,0.0,0.0,287.0,0.0,0.34653051285231734,104.0,own_observed_transaction (Gamma-Gamma unstable at frequency=0),36.04,29.47,High risk / Low value
15660,0.04562543779611587,False,8.0,468.0,489.0,230.26875,2.781058220497212,232.04075786059641,gamma_gamma_conditional_expectation,645.32,29.44,Low risk / High value
16196,0.9490982174873352,True,0.0,0.0,305.0,0.0,0.3300444431988941,93.3,own_observed_transaction (Gamma-Gamma unstable at frequency=0),30.79,29.22,High risk / Low value
12665,0.5920506715774536,True,2.0,345.0,486.0,54.4,0.8101586730004148,60.59118468892541,gamma_gamma_conditional_expectation,49.09,29.06,High risk / Low value
15131,0.8240004658699036,True,0.0,0.0,211.0,0.0,0.43924082417396304,80.28,own_observed_transaction (Gamma-Gamma unstable at frequency=0),35.26,29.05,High risk / Low value
18044,0.030370009317994117,False,13.0,362.0,377.0,172.7969230769231,5.496191075700679,173.84055202925396,gamma_gamma_conditional_expectation,955.46,29.02,Low risk / High value
15863,0.4771506547927856,False,3.0,530.0,539.0,52.71999999999999,1.0695962896866447,56.83435522980318,gamma_gamma_conditional_expectation,60.79,29.01,High risk / Low value
17395,0.9490982174873352,True,0.0,0.0,325.0,0.0,0.31347775831715874,97.5,own_observed_transaction (Gamma-Gamma unstable at frequency=0),30.56,29.0,High risk / Low value
15486,0.9490982174873352,True,0.0,0.0,344.0,0.0,0.2992127442037006,102.0,own_observed_transaction (Gamma-Gamma unstable at frequency=0),30.52,28.97,High risk / Low value
17364,0.010793289542198181,False,19.0,528.0,549.0,467.50894736842105,5.727403362901075,468.3851937858493,gamma_gamma_conditional_expectation,2682.63,28.95,Low risk / High value
14833,0.9490982174873352,True,0.0,0.0,315.0,0.0,0.32154736483221236,94.8,own_observed_transaction (Gamma-Gamma unstable at frequency=0),30.48,28.93,High risk / Low value
14341,0.03407371304929256,False,8.0,523.0,555.0,338.29625,2.4841449287694237,340.2097148734771,gamma_gamma_conditional_expectation,845.13,28.8,Low risk / High value
18109,0.015555194392800332,False,22.0,332.0,343.0,186.55090909090907,9.888084649794747,187.1739395160272,gamma_gamma_conditional_expectation,1850.79,28.79,Low risk / High value
14279,0.740536093711853,True,1.0,161.0,498.0,81.36,0.41201753147458475,94.0928615909161,gamma_gamma_conditional_expectation,38.77,28.71,High risk / Low value
13215,0.8233170986175538,True,0.0,0.0,219.0,0.0,0.4272015889859949,81.6,own_observed_transaction (Gamma-Gamma unstable at frequency=0),34.86,28.7,High risk / Low value
15981,0.010793289542198181,False,16.0,410.0,437.0,449.718125,5.895928547312675,450.74713461144495,gamma_gamma_conditional_expectation,2657.57,28.68,Low risk / High value
14559,0.8440673470497131,True,0.0,0.0,207.0,0.0,0.44551950404626317,75.6,own_observed_transaction (Gamma-Gamma unstable at frequency=0),33.68,28.43,High risk / Low value
14486,0.7641069769859314,True,1.0,42.0,370.0,78.0,0.40984564575301285,90.69733785784443,gamma_gamma_conditional_expectation,37.17,28.4,High risk / Low value
17008,0.8900830745697021,True,0.0,0.0,246.0,0.0,0.39104218036645366,81.36,own_observed_transaction (Gamma-Gamma unstable at frequency=0),31.82,28.32,High risk / Low value
16453,0.7129017949104309,True,1.0,18.0,365.0,102.25,0.3446006199589956,115.2037219432575,gamma_gamma_conditional_expectation,39.7,28.3,High risk / Low value
14099,0.02553822323679924,False,13.0,511.0,546.0,276.35076923076923,3.979057730158921,277.47780169818316,gamma_gamma_conditional_expectation,1104.1,28.2,Low risk / High value
14576,0.8366332173347473,True,0.0,0.0,189.0,0.0,0.4761574567177378,70.8,own_observed_transaction (Gamma-Gamma unstable at frequency=0),33.71,28.2,High risk / Low value
14239,0.030370009317994117,False,15.0,534.0,551.0,202.70733333333334,4.549309970337605,203.63259057433024,gamma_gamma_conditional_expectation,926.39,28.13,Low risk / High value
12567,0.010793289542198181,False,9.0,482.0,483.0,823.9222222222222,3.1502238264937743,826.1879988873408,gamma_gamma_conditional_expectation,2602.68,28.09,Low risk / High value
13403,0.7159578323364257,False,1.0,336.0,540.0,75.9,0.44283993554330886,88.57513552467465,gamma_gamma_conditional_expectation,39.22,28.08,High risk / Low value
15716,0.03407371304929256,False,9.0,531.0,549.0,291.52777777777777,2.807968970572031,293.17395935397866,gamma_gamma_conditional_expectation,823.22,28.05,Low risk / High value
18123,0.9490982174873352,False,0.0,0.0,330.0,0.0,0.3095932838549127,95.15,own_observed_transaction (Gamma-Gamma unstable at frequency=0),29.46,27.96,High risk / Low value
14505,0.010793289542198181,False,12.0,526.0,547.0,699.1358333333334,3.695036542032618,700.7257844188832,gamma_gamma_conditional_expectation,2589.21,27.95,Low risk / High value
14060,0.011781609430909157,False,19.0,455.0,455.0,347.6847368421053,6.776125794560243,348.49496835438606,gamma_gamma_conditional_expectation,2361.45,27.82,Low risk / High value
13004,0.010793289542198181,False,25.0,541.0,541.0,337.9768,7.610613620535435,338.5884302888515,gamma_gamma_conditional_expectation,2576.87,27.81,Low risk / High value
13207,0.6726304650306701,False,1.0,161.0,429.0,71.4,0.49132987502047887,84.02755909645367,gamma_gamma_conditional_expectation,41.29,27.77,High risk / Low value
15260,0.010793289542198181,False,17.0,547.0,550.0,493.7876470588235,5.154104079272952,494.7832268421461,gamma_gamma_conditional_expectation,2550.16,27.52,Low risk / High value
15570,0.010793289542198181,False,18.0,415.0,438.0,384.9183333333333,6.602550279797459,385.7952573200857,gamma_gamma_conditional_expectation,2547.23,27.49,Low risk / High value
17068,0.010793289542198181,False,36.0,432.0,438.0,194.18305555555557,13.059294214031732,194.5659445554185,gamma_gamma_conditional_expectation,2540.89,27.42,Low risk / High value
16890,0.623727285861969,True,2.0,106.0,399.0,58.559999999999995,0.6774114265088867,64.77305993286167,gamma_gamma_conditional_expectation,43.88,27.37,High risk / Low value
17988,0.4557848036289215,False,6.0,406.0,549.0,30.801666666666666,1.8191055148444062,32.81696623944359,gamma_gamma_conditional_expectation,59.7,27.21,High risk / Low value
12540,0.007019704580307007,False,20.0,546.0,549.0,640.4085,6.042530916438427,641.3314016563078,gamma_gamma_conditional_expectation,3875.26,27.2,Low risk / High value
13302,0.9490982174873352,False,0.0,0.0,343.0,0.0,0.29993102280042006,95.45,own_observed_transaction (Gamma-Gamma unstable at frequency=0),28.63,27.17,High risk / Low value
15779,0.7750959873199463,True,1.0,69.0,349.0,56.7,0.5063914436854117,69.17214276426512,gamma_gamma_conditional_expectation,35.03,27.15,High risk / Low value
16033,0.010793289542198181,False,15.0,285.0,302.0,331.1406666666666,7.551261766181251,332.15556380130784,gamma_gamma_conditional_expectation,2508.19,27.07,Low risk / High value
15601,0.007019704580307007,False,21.0,535.0,555.0,615.6761904761905,6.252825928665057,616.5427950689792,gamma_gamma_conditional_expectation,3855.13,27.06,Low risk / High value
14415,0.010793289542198181,False,14.0,525.0,540.0,576.5028571428571,4.335756889966634,577.773792703067,gamma_gamma_conditional_expectation,2505.09,27.04,Low risk / High value
16420,0.8233170986175538,True,0.0,0.0,213.0,0.0,0.43616761792830905,75.0,own_observed_transaction (Gamma-Gamma unstable at frequency=0),32.71,26.93,High risk / Low value
14735,0.010804850980639458,False,28.0,539.0,552.0,298.50107142857144,8.332287644024502,299.0323901671933,gamma_gamma_conditional_expectation,2491.62,26.92,Low risk / High value
16349,0.7205630898475647,True,0.0,0.0,107.0,0.0,0.6939953755548637,53.5,own_observed_transaction (Gamma-Gamma unstable at frequency=0),37.13,26.75,High risk / Low value
15358,0.007019704580307007,False,21.0,525.0,549.0,600.9466666666666,6.304886641843102,601.8059295422215,gamma_gamma_conditional_expectation,3794.32,26.64,Low risk / High value
16843,0.007019704580307007,False,19.0,532.0,546.0,657.1668421052632,5.765189336069391,658.1475769885576,gamma_gamma_conditional_expectation,3794.35,26.64,Low risk / High value
14800,0.007019704580307007,False,10.0,244.0,252.0,636.2090000000001,5.941498466007738,638.0513717681655,gamma_gamma_conditional_expectation,3790.98,26.61,Low risk / High value
12789,0.740536093711853,False,1.0,181.0,510.0,74.25,0.4133441819420111,86.90769083432696,gamma_gamma_conditional_expectation,35.92,26.6,High risk / Low value
17944,0.8838452577590943,True,0.0,0.0,240.0,0.0,0.3985367851126046,75.41,own_observed_transaction (Gamma-Gamma unstable at frequency=0),30.05,26.56,High risk / Low value
17336,0.9490982174873352,True,0.0,0.0,289.0,0.0,0.34461763521303573,81.12,own_observed_transaction (Gamma-Gamma unstable at frequency=0),27.96,26.54,High risk / Low value
13021,0.030370009317994117,False,10.0,519.0,551.0,280.21500000000003,3.080876333327614,281.68454327140626,gamma_gamma_conditional_expectation,867.84,26.36,Low risk / High value
13275,0.695357871055603,True,1.0,249.0,449.0,61.5,0.5112528457004534,74.0228909543675,gamma_gamma_conditional_expectation,37.84,26.31,High risk / Low value
13266,0.021834519505500794,False,12.0,537.0,539.0,319.305,3.756332176051763,320.56351515109066,gamma_gamma_conditional_expectation,1204.14,26.29,Low risk / High value
13915,0.8440673470497131,True,0.0,0.0,211.0,0.0,0.43924082417396304,70.8,own_observed_transaction (Gamma-Gamma unstable at frequency=0),31.1,26.25,High risk / Low value
15606,0.019258898124098776,False,13.0,425.0,464.0,295.02153846153846,4.569683912205209,296.16360859139553,gamma_gamma_conditional_expectation,1353.37,26.06,Low risk / High value
17819,0.015555194392800332,False,9.0,532.0,543.0,581.2855555555556,2.8388689877065425,583.2689542044743,gamma_gamma_conditional_expectation,1655.82,25.76,Low risk / High value
16168,0.010793289542198181,False,40.0,550.0,553.0,201.37574999999998,11.833657597493804,201.72222181174672,gamma_gamma_conditional_expectation,2387.11,25.76,Low risk / High value
17673,0.021834519505500794,False,8.0,444.0,447.0,384.73375,3.0161600437031924,386.70802263109107,gamma_gamma_conditional_expectation,1166.37,25.47,Low risk / High value
18273,0.6822946190834045,False,1.0,333.0,407.0,51.0,0.5882728431080633,63.41187928851855,gamma_gamma_conditional_expectation,37.3,25.45,High risk / Low value
13172,0.8440673470497131,True,0.0,0.0,217.0,0.0,0.4301488806800971,69.6,own_observed_transaction (Gamma-Gamma unstable at frequency=0),29.94,25.27,High risk / Low value
12423,0.026596424356102943,False,7.0,274.0,282.0,241.56714285714287,3.898912265936939,243.60958502138456,gamma_gamma_conditional_expectation,949.81,25.26,Low risk / High value
15403,0.7032322883605957,True,1.0,239.0,547.0,75.12,0.40819313695916193,87.78688894378301,gamma_gamma_conditional_expectation,35.83,25.2,High risk / Low value
13576,0.010793289542198181,False,17.0,544.0,548.0,449.5064705882353,5.169902891177745,450.4747826150283,gamma_gamma_conditional_expectation,2328.91,25.14,Low risk / High value
17532,0.8440673470497131,True,0.0,0.0,202.0,0.0,0.4536258481034158,65.34,own_observed_transaction (Gamma-Gamma unstable at frequency=0),29.64,25.02,High risk / Low value
13911,0.021834519505500794,False,15.0,451.0,465.0,214.45,5.277664862599832,215.38345302135843,gamma_gamma_conditional_expectation,1136.72,24.82,Low risk / High value
17596,0.026596424356102943,False,8.0,533.0,541.0,363.03,2.552494930521971,364.9758525746859,gamma_gamma_conditional_expectation,931.6,24.78,Low risk / High value
14435,0.8574006795883179,True,0.0,0.0,318.0,0.0,0.319083095193204,90.42,own_observed_transaction (Gamma-Gamma unstable at frequency=0),28.85,24.74,High risk / Low value
13758,0.010793289542198181,False,11.0,537.0,555.0,679.91,3.3607915504262063,681.6263268937004,gamma_gamma_conditional_expectation,2290.8,24.73,Low risk / High value
16765,0.5486752271652222,True,1.0,88.0,199.0,34.0,0.9701658353397402,46.232146115239274,gamma_gamma_conditional_expectation,44.85,24.61,High risk / Low value
16919,0.010793289542198181,False,19.0,285.0,294.0,233.04999999999998,9.726364244732073,233.7970756504896,gamma_gamma_conditional_expectation,2274.0,24.54,Low risk / High value
14064,0.030370009317994117,False,11.0,476.0,504.0,218.97181818181818,3.647454020700712,220.24933653228658,gamma_gamma_conditional_expectation,803.35,24.4,Low risk / High value
17991,0.4742051362991333,True,2.0,366.0,408.0,46.675000000000004,0.9721665157794285,52.82556299195244,gamma_gamma_conditional_expectation,51.36,24.36,High risk / Low value
13552,0.015555194392800332,False,8.0,453.0,475.0,545.8975,2.851103314322169,548.0828091047637,gamma_gamma_conditional_expectation,1562.64,24.31,Low risk / High value
15178,0.7159578323364257,True,0.0,0.0,77.0,0.0,0.8340852754935126,40.5,own_observed_transaction (Gamma-Gamma unstable at frequency=0),33.78,24.19,High risk / Low value
13327,0.010793289542198181,False,14.0,536.0,538.0,509.1635714285714,4.359947968416369,510.38414800488187,gamma_gamma_conditional_expectation,2225.25,24.02,Low risk / High value
17918,0.6137598514556885,True,2.0,5.0,322.0,135.23,0.2756874619450644,141.84622698877342,gamma_gamma_conditional_expectation,39.11,24.0,High risk / Low value
16165,0.9490982174873352,True,0.0,0.0,322.0,0.0,0.3158556932470465,79.9,own_observed_transaction (Gamma-Gamma unstable at frequency=0),25.24,23.96,High risk / Low value
13105,0.8693328261375427,True,0.0,0.0,253.0,0.0,0.3826481117504293,72.0,own_observed_transaction (Gamma-Gamma unstable at frequency=0),27.55,23.95,High risk / Low value
15727,0.010793289542198181,False,10.0,486.0,501.0,656.67,3.3610272713462255,658.5338003424454,gamma_gamma_conditional_expectation,2213.35,23.89,Low risk / High value
13269,0.014496993273496628,False,12.0,519.0,554.0,449.2383333333333,3.640689465871913,450.6102267885832,gamma_gamma_conditional_expectation,1640.53,23.78,Low risk / High value
15738,0.007019704580307007,False,30.0,546.0,546.0,373.586,9.023737350803264,374.10807871040004,gamma_gamma_conditional_expectation,3375.85,23.7,Low risk / High value
17249,0.8838452577590943,True,0.0,0.0,245.0,0.0,0.39227158447725324,68.03,own_observed_transaction (Gamma-Gamma unstable at frequency=0),26.69,23.59,High risk / Low value
14957,0.6260984539985657,True,1.0,391.0,461.0,58.49,0.5307673785456641,70.98106761015747,gamma_gamma_conditional_expectation,37.67,23.59,High risk / Low value
16058,0.8900830745697021,True,0.0,0.0,223.0,0.0,0.42142693773703305,62.7,own_observed_transaction (Gamma-Gamma unstable at frequency=0),26.42,23.52,High risk / Low value
14007,0.9490982174873352,True,0.0,0.0,329.0,0.0,0.3103624412148412,79.48,own_observed_transaction (Gamma-Gamma unstable at frequency=0),24.67,23.41,High risk / Low value
12774,0.9490982174873352,True,0.0,0.0,352.0,0.0,0.2935882800516584,83.7,own_observed_transaction (Gamma-Gamma unstable at frequency=0),24.57,23.32,High risk / Low value
13267,0.010793289542198181,False,19.0,533.0,549.0,375.80842105263156,5.734829166150446,376.63414678212774,gamma_gamma_conditional_expectation,2159.93,23.31,Low risk / High value
16680,0.6609565734863281,False,1.0,6.0,351.0,97.5,0.319369112919507,110.40350238013536,gamma_gamma_conditional_expectation,35.26,23.31,High risk / Low value
15719,0.010793289542198181,False,24.0,539.0,555.0,301.13,7.128090979989807,301.7510569660135,gamma_gamma_conditional_expectation,2150.91,23.22,Low risk / High value
15144,0.010793289542198181,False,13.0,509.0,543.0,531.13,3.999526041299535,532.4622347288997,gamma_gamma_conditional_expectation,2129.6,22.99,Low risk / High value
16238,0.9034164071083068,True,0.0,0.0,239.0,0.0,0.39981399447275634,63.66,own_observed_transaction (Gamma-Gamma unstable at frequency=0),25.45,22.99,High risk / Low value
17468,0.8440673470497131,False,0.0,0.0,192.0,0.0,0.470760657470698,57.8,own_observed_transaction (Gamma-Gamma unstable at frequency=0),27.21,22.97,High risk / Low value
13534,0.010793289542198181,False,18.0,334.0,337.0,256.16777777777776,8.277609489769846,256.96982605899814,gamma_gamma_conditional_expectation,2127.1,22.96,Low risk / High value
15414,0.6678120851516723,False,0.0,0.0,59.0,0.0,0.9493513652393183,36.2,own_observed_transaction (Gamma-Gamma unstable at frequency=0),34.37,22.95,High risk / Low value
16162,0.695357871055603,True,0.0,0.0,69.0,0.0,0.8816312344429715,37.4,own_observed_transaction (Gamma-Gamma unstable at frequency=0),32.97,22.93,High risk / Low value
16709,0.010793289542198181,False,10.0,531.0,547.0,676.868,3.111733868826703,678.7529534797948,gamma_gamma_conditional_expectation,2112.1,22.8,Low risk / High value
16381,0.6189089059829712,True,1.0,23.0,235.0,43.5,0.6592819244654167,55.83258524148357,gamma_gamma_conditional_expectation,36.81,22.78,High risk / Low value
16286,0.7129017949104309,True,1.0,146.0,440.0,56.0,0.4657136202817825,68.46474198654185,gamma_gamma_conditional_expectation,31.88,22.73,High risk / Low value
14194,0.007019704580307007,False,13.0,506.0,519.0,772.24,4.183392421537074,773.7664276272669,gamma_gamma_conditional_expectation,3236.97,22.72,Low risk / High value
18231,0.010793289542198181,True,24.0,506.0,515.0,275.28208333333333,7.624491723518997,275.8918679228148,gamma_gamma_conditional_expectation,2103.54,22.7,Low risk / High value
13303,0.8440673470497131,True,0.0,0.0,217.0,0.0,0.4301488806800971,61.72,own_observed_transaction (Gamma-Gamma unstable at frequency=0),26.55,22.41,High risk / Low value
15805,0.010793289542198181,False,14.0,544.0,546.0,479.04785714285714,4.303602934102034,480.24591199570784,gamma_gamma_conditional_expectation,2066.79,22.31,Low risk / High value
13252,0.6678120851516723,True,1.0,231.0,442.0,52.4,0.5128749595266255,64.82668084396506,gamma_gamma_conditional_expectation,33.25,22.2,High risk / Low value
17576,0.010793289542198181,False,29.0,553.0,553.0,235.91241379310344,8.631177955955796,236.40281718779266,gamma_gamma_conditional_expectation,2040.43,22.02,Low risk / High value
17504,0.007019704580307007,True,14.0,463.0,486.0,659.7407142857144,4.743098334812332,661.0738984109813,gamma_gamma_conditional_expectation,3135.54,22.01,Low risk / High value
14849,0.007019704580307007,False,15.0,485.0,515.0,649.9079999999999,4.808448577965131,651.1453804192814,gamma_gamma_conditional_expectation,3131.0,21.98,Low risk / High value
14865,0.6455424785614013,False,2.0,366.0,555.0,41.760000000000005,0.7104744047363817,47.88471760158063,gamma_gamma_conditional_expectation,34.02,21.96,High risk / Low value
18226,0.007019704580307007,False,19.0,459.0,461.0,464.72210526315786,6.697695417716372,465.5968163221103,gamma_gamma_conditional_expectation,3118.43,21.89,Low risk / High value
12431,0.010793289542198181,False,16.0,493.0,510.0,390.23625,5.179921167178455,391.22634071113407,gamma_gamma_conditional_expectation,2026.52,21.87,Low risk / High value
16401,0.011781609430909157,False,13.0,345.0,372.0,332.2246153846154,5.530931005481502,333.3966493207678,gamma_gamma_conditional_expectation,1843.99,21.73,Low risk / High value
13069,0.007019704580307007,False,23.0,354.0,360.0,310.3008695652174,9.93724942736253,310.9531147161882,gamma_gamma_conditional_expectation,3090.02,21.69,Low risk / High value
13818,0.9034164071083068,True,0.0,0.0,246.0,0.0,0.39104218036645366,61.28,own_observed_transaction (Gamma-Gamma unstable at frequency=0),23.96,21.65,High risk / Low value
17192,0.9490982174873352,True,0.0,0.0,353.0,0.0,0.2929000844887027,77.83,own_observed_transaction (Gamma-Gamma unstable at frequency=0),22.8,21.64,High risk / Low value
13380,0.8900830745697021,True,0.0,0.0,249.0,0.0,0.38739991182991984,62.4,own_observed_transaction (Gamma-Gamma unstable at frequency=0),24.17,21.51,High risk / Low value
15233,0.8440673470497131,True,0.0,0.0,218.0,0.0,0.4286701512326433,59.4,own_observed_transaction (Gamma-Gamma unstable at frequency=0),25.46,21.49,High risk / Low value
13666,0.5856201887130738,False,2.0,448.0,552.0,43.474999999999994,0.7389373993696915,49.60873588123223,gamma_gamma_conditional_expectation,36.66,21.47,High risk / Low value
13739,0.9490982174873352,False,0.0,0.0,344.0,0.0,0.2992127442037006,75.3,own_observed_transaction (Gamma-Gamma unstable at frequency=0),22.53,21.38,High risk / Low value
13599,0.010793289542198181,False,12.0,540.0,555.0,531.5141666666667,3.6526917814146094,532.9578530500077,gamma_gamma_conditional_expectation,1946.73,21.01,Low risk / High value
14755,0.010793289542198181,False,14.0,529.0,553.0,455.6878571428571,4.237278906587385,456.8684424628577,gamma_gamma_conditional_expectation,1935.88,20.89,Low risk / High value
16686,0.021834519505500794,False,10.0,539.0,550.0,307.052,3.099597038563142,308.54964935849625,gamma_gamma_conditional_expectation,956.38,20.88,Low risk / High value
15796,0.015555194392800332,False,12.0,431.0,435.0,295.28249999999997,4.523747893359726,296.5200533990768,gamma_gamma_conditional_expectation,1341.38,20.87,Low risk / High value
13769,0.015555194392800332,False,13.0,516.0,540.0,325.9746153846154,4.030524549083847,327.14161549548146,gamma_gamma_conditional_expectation,1318.55,20.51,Low risk / High value
13018,0.010723408311605453,False,12.0,452.0,465.0,445.06,4.263789877433947,446.4282474905433,gamma_gamma_conditional_expectation,1903.48,20.41,Low risk / High value
16556,0.010793289542198181,False,13.0,531.0,549.0,473.10923076923075,3.97805835953927,474.39473487168436,gamma_gamma_conditional_expectation,1887.17,20.37,Low risk / High value
13254,0.8440673470497131,True,0.0,0.0,193.0,0.0,0.4689889141757878,51.41,own_observed_transaction (Gamma-Gamma unstable at frequency=0),24.11,20.35,High risk / Low value
15955,0.010793289542198181,False,10.0,451.0,471.0,529.8439999999999,3.5416516821757185,531.5749769046065,gamma_gamma_conditional_expectation,1882.65,20.32,Low risk / High value
13013,0.007019704580307007,False,17.0,513.0,542.0,554.7417647058824,5.189142769854907,555.7748792200308,gamma_gamma_conditional_expectation,2884.0,20.24,Low risk / High value
13993,0.015555194392800332,False,12.0,531.0,553.0,353.785,3.6589618020214436,355.0736019950677,gamma_gamma_conditional_expectation,1299.2,20.21,Low risk / High value
18245,0.011781609430909157,False,12.0,430.0,458.0,396.11999999999995,4.301540266044441,397.4455430200028,gamma_gamma_conditional_expectation,1709.63,20.14,Low risk / High value
13120,0.6678120851516723,True,0.0,0.0,55.0,0.0,0.9794744156757992,30.6,own_observed_transaction (Gamma-Gamma unstable at frequency=0),29.97,20.01,High risk / Low value
17763,0.5894663453102111,True,2.0,396.0,476.0,34.05,0.8442616402204052,40.13417478168914,gamma_gamma_conditional_expectation,33.88,19.97,High risk / Low value
16817,0.015555194392800332,False,10.0,246.0,248.0,211.425,6.027495917729881,212.8225002810972,gamma_gamma_conditional_expectation,1282.79,19.95,Low risk / High value
17960,0.7528038144111633,False,1.0,119.0,458.0,50.4,0.41882824472103025,62.805535764755746,gamma_gamma_conditional_expectation,26.3,19.8,High risk / Low value
13971,0.021834519505500794,False,8.0,468.0,499.0,327.07625,2.726057029137785,328.97502280261995,gamma_gamma_conditional_expectation,896.8,19.58,Low risk / High value
15301,0.007019704580307007,False,8.0,263.0,267.0,598.2674999999999,4.612855182088154,600.5213851966342,gamma_gamma_conditional_expectation,2770.12,19.45,Low risk / High value
12395,0.021834519505500794,False,8.0,391.0,419.0,277.865,3.168162265674597,279.69933294772073,gamma_gamma_conditional_expectation,886.13,19.35,Low risk / High value
16786,0.8440673470497131,True,0.0,0.0,210.0,0.0,0.44079378421511184,51.84,own_observed_transaction (Gamma-Gamma unstable at frequency=0),22.85,19.29,High risk / Low value
17091,0.010793289542198181,False,13.0,538.0,540.0,438.5576923076923,4.047967748723221,439.81536818486745,gamma_gamma_conditional_expectation,1780.36,19.22,Low risk / High value
12843,0.010793289542198181,False,21.0,540.0,543.0,274.25380952380954,6.397608546709091,274.9502370891088,gamma_gamma_conditional_expectation,1759.02,18.99,Low risk / High value
13306,0.9034164071083068,True,0.0,0.0,247.0,0.0,0.3898204816649439,53.65,own_observed_transaction (Gamma-Gamma unstable at frequency=0),20.91,18.89,High risk / Low value
12524,0.007019704580307007,False,12.0,465.0,486.0,652.9058333333334,4.096188053128663,654.4554446625881,gamma_gamma_conditional_expectation,2680.77,18.82,Low risk / High value
15283,0.6455424785614013,True,2.0,128.0,335.0,24.375,0.9536352465505085,30.408299064121042,gamma_gamma_conditional_expectation,29.0,18.72,High risk / Low value
16327,0.007019704580307007,False,13.0,526.0,542.0,661.3038461538462,4.02488084825378,662.7409244664887,gamma_gamma_conditional_expectation,2667.45,18.72,Low risk / High value
13756,0.010793289542198181,False,13.0,541.0,541.0,426.7338461538462,4.042543310483452,427.9819989629011,gamma_gamma_conditional_expectation,1730.14,18.67,Low risk / High value
14525,0.010793289542198181,False,12.0,541.0,543.0,461.1358333333333,3.7319424544062545,462.518108407673,gamma_gamma_conditional_expectation,1726.09,18.63,Low risk / High value
17873,0.010793289542198181,False,13.0,539.0,540.0,424.74615384615385,4.048560661496288,425.9927057438808,gamma_gamma_conditional_expectation,1724.66,18.61,Low risk / High value
15281,0.007019704580307007,False,11.0,230.0,244.0,397.38272727272727,6.648871848834574,398.8300910259047,gamma_gamma_conditional_expectation,2651.77,18.61,Low risk / High value
14709,0.010793289542198181,False,15.0,547.0,551.0,376.8086666666667,4.560254602641959,377.85543772808927,gamma_gamma_conditional_expectation,1723.12,18.6,Low risk / High value
16103,0.010793289542198181,False,17.0,514.0,517.0,315.69882352941175,5.442333949668637,316.58473859585706,gamma_gamma_conditional_expectation,1722.96,18.6,Low risk / High value
16523,0.011254695430397987,False,11.0,485.0,501.0,447.59363636363634,3.677393331792031,449.088800400543,gamma_gamma_conditional_expectation,1651.48,18.59,Low risk / High value
16570,0.010793289542198181,False,10.0,414.0,436.0,453.879,3.781852384462175,455.5304196178087,gamma_gamma_conditional_expectation,1722.75,18.59,Low risk / High value
13418,0.007019704580307007,False,17.0,524.0,545.0,507.94176470588235,5.176741812535798,508.94606040564287,gamma_gamma_conditional_expectation,2634.68,18.49,Low risk / High value
16931,0.011781609430909157,False,10.0,203.0,214.0,231.55599999999998,6.7190139660344785,232.974583250103,gamma_gamma_conditional_expectation,1565.36,18.44,Low risk / High value
14876,0.7129017949104309,True,1.0,40.0,378.0,53.1,0.39230579023709533,65.53408162168834,gamma_gamma_conditional_expectation,25.71,18.33,High risk / Low value
16558,0.007019704580307007,False,25.0,544.0,553.0,347.542,7.4534672519314435,348.1576347829192,gamma_gamma_conditional_expectation,2594.98,18.22,Low risk / High value
15940,0.8177626490592956,True,0.0,0.0,128.0,0.0,0.6211129833254841,35.8,own_observed_transaction (Gamma-Gamma unstable at frequency=0),22.24,18.19,High risk / Low value
15685,0.8838452577590943,True,0.0,0.0,267.0,0.0,0.3668994327566997,55.98,own_observed_transaction (Gamma-Gamma unstable at frequency=0),20.54,18.15,High risk / Low value
12376,0.6189089059829712,True,1.0,28.0,234.0,30.6,0.6829375503568144,42.796199480583425,gamma_gamma_conditional_expectation,29.23,18.09,High risk / Low value
14221,0.010793289542198181,False,9.0,422.0,429.0,477.0133333333333,3.485219461074807,478.87538106006724,gamma_gamma_conditional_expectation,1668.99,18.01,Low risk / High value
17651,0.47978479862213136,False,4.0,28.0,343.0,361.4175,0.10265401404042843,365.31007931359426,gamma_gamma_conditional_expectation,37.5,17.99,High risk / Low value
17231,0.010793289542198181,False,17.0,542.0,549.0,321.8129411764706,5.159061573978665,322.7026212348308,gamma_gamma_conditional_expectation,1664.84,17.97,Low risk / High value
14410,0.015555194392800332,False,6.0,231.0,254.0,310.6166666666667,3.6528562602184436,313.12071930011433,gamma_gamma_conditional_expectation,1143.78,17.79,Low risk / High value
12683,0.007019704580307007,False,12.0,542.0,543.0,677.57,3.7324860341283412,679.1411329920832,gamma_gamma_conditional_expectation,2534.88,17.79,Low risk / High value
12779,0.010793289542198181,False,12.0,547.0,553.0,447.375,3.670109766027148,448.745267532417,gamma_gamma_conditional_expectation,1646.94,17.78,Low risk / High value
14384,0.9490982174873352,True,0.0,0.0,317.0,0.0,0.31990030122955354,58.5,own_observed_transaction (Gamma-Gamma unstable at frequency=0),18.71,17.76,High risk / Low value
13162,0.007019704580307007,False,14.0,551.0,552.0,585.6028571428571,4.262903658565352,586.8805980433468,gamma_gamma_conditional_expectation,2501.82,17.56,Low risk / High value
13022,0.8900830745697021,True,0.0,0.0,246.0,0.0,0.39104218036645366,50.3,own_observed_transaction (Gamma-Gamma unstable at frequency=0),19.67,17.51,High risk / Low value
14944,0.010793289542198181,False,7.0,474.0,477.0,639.0642857142857,2.5197447891824605,641.7017010246262,gamma_gamma_conditional_expectation,1616.92,17.45,Low risk / High value
14688,0.007019704580307007,False,16.0,258.0,273.0,281.94375,8.712538143480563,282.86298509315117,gamma_gamma_conditional_expectation,2464.45,17.3,Low risk / High value
17238,0.010793289542198181,False,20.0,554.0,555.0,266.752,5.986565605147889,267.4793409437777,gamma_gamma_conditional_expectation,1601.28,17.28,Low risk / High value
17816,0.584238874912262,False,3.0,455.0,541.0,24.146666666666665,1.0478684198025738,28.16102911546015,gamma_gamma_conditional_expectation,29.51,17.24,High risk / Low value
15854,0.015555194392800332,False,14.0,525.0,546.0,257.2392857142857,4.288123026928854,258.27146333575746,gamma_gamma_conditional_expectation,1107.5,17.23,Low risk / High value
15555,0.007019704580307007,False,21.0,543.0,550.0,387.2190476190476,6.321548058866525,387.9717810667412,gamma_gamma_conditional_expectation,2452.58,17.22,Low risk / High value
14210,0.010793289542198181,False,13.0,505.0,519.0,379.0323076923077,4.182532182106479,380.2420411076817,gamma_gamma_conditional_expectation,1590.37,17.17,Low risk / High value
15194,0.007019704580307007,False,20.0,538.0,553.0,406.817,5.990287336290867,407.617646804108,gamma_gamma_conditional_expectation,2441.75,17.14,Low risk / High value
13317,0.010793289542198181,False,13.0,528.0,543.0,393.0438461538461,4.0191899415455765,394.26486463107744,gamma_gamma_conditional_expectation,1584.63,17.1,Low risk / High value
16550,0.007019704580307007,False,15.0,552.0,554.0,534.5213333333334,4.5397981453082075,535.6781797645954,gamma_gamma_conditional_expectation,2431.87,17.07,Low risk / High value
14085,0.007019704580307007,False,22.0,533.0,548.0,365.3181818181818,6.624246458905679,366.02626408771187,gamma_gamma_conditional_expectation,2424.65,17.02,Low risk / High value
12437,0.007019704580307007,False,25.0,539.0,554.0,322.79200000000003,7.431335688746893,323.3972731356795,gamma_gamma_conditional_expectation,2403.27,16.87,Low risk / High value
17599,0.9490982174873352,True,0.0,0.0,294.0,0.0,0.33992680370770745,52.05,own_observed_transaction (Gamma-Gamma unstable at frequency=0),17.69,16.79,High risk / Low value
18037,0.37330159544944763,False,12.0,513.0,555.0,11.355833333333335,3.6265894406118453,12.345635650017227,gamma_gamma_conditional_expectation,44.77,16.71,Low risk / Low value
14530,0.010793289542198181,False,12.0,502.0,504.0,386.06666666666666,3.984179200210298,387.3834372658038,gamma_gamma_conditional_expectation,1543.41,16.66,Low risk / High value
13183,0.010793289542198181,False,8.0,427.0,452.0,514.005,2.973027413997907,516.1485473516609,gamma_gamma_conditional_expectation,1534.52,16.56,Low risk / High value
17494,0.9490982174873352,True,0.0,0.0,318.0,0.0,0.319083095193204,54.7,own_observed_transaction (Gamma-Gamma unstable at frequency=0),17.45,16.56,High risk / Low value
13831,0.010793289542198181,False,14.0,529.0,546.0,355.88,4.292040132652566,356.9859450529176,gamma_gamma_conditional_expectation,1532.2,16.54,Low risk / High value
12474,0.007019704580307007,False,17.0,466.0,483.0,408.41705882352943,5.757324275901955,409.36006853983196,gamma_gamma_conditional_expectation,2356.82,16.54,Low risk / High value
15213,0.5882045149803161,True,1.0,11.0,146.0,15.15,1.0307108417315836,27.182853743691386,gamma_gamma_conditional_expectation,28.02,16.48,High risk / Low value
16497,0.010793289542198181,False,15.0,533.0,553.0,332.3626666666667,4.531726680697165,333.37841669476785,gamma_gamma_conditional_expectation,1510.78,16.31,Low risk / High value
16607,0.010793289542198181,False,16.0,382.0,406.0,236.8075,6.281711292246242,237.69720251345092,gamma_gamma_conditional_expectation,1493.15,16.12,Low risk / High value
14092,0.010793289542198181,False,15.0,527.0,540.0,320.92066666666665,4.634604895069288,321.9284307643519,gamma_gamma_conditional_expectation,1492.01,16.1,Low risk / High value
15564,0.740536093711853,True,1.0,213.0,493.0,35.7,0.4475226877650946,47.950119432567206,gamma_gamma_conditional_expectation,21.46,15.89,High risk / Low value
14740,0.010793289542198181,True,10.0,455.0,469.0,404.581,3.559662119845631,406.1807903790203,gamma_gamma_conditional_expectation,1445.87,15.61,Low risk / High value
15094,0.740536093711853,True,1.0,181.0,461.0,33.0,0.46520304575545385,45.22157357563461,gamma_gamma_conditional_expectation,21.04,15.58,High risk / Low value
15046,0.010793289542198181,False,17.0,500.0,511.0,260.0735294117647,5.4900834986829885,260.92519116567905,gamma_gamma_conditional_expectation,1432.5,15.46,Low risk / High value
13880,0.015555194392800332,False,9.0,376.0,379.0,253.98777777777775,3.873851413027256,255.590270694413,gamma_gamma_conditional_expectation,990.12,15.4,Low risk / High value
13969,0.007019704580307007,False,21.0,441.0,441.0,283.3066666666667,7.671264991734187,284.0076064971389,gamma_gamma_conditional_expectation,2178.7,15.29,Low risk / High value
18041,0.007019704580307007,False,28.0,511.0,511.0,242.31285714285715,8.939546878539486,242.8231738489542,gamma_gamma_conditional_expectation,2170.73,15.24,Low risk / High value
18065,0.010793289542198181,False,13.0,547.0,547.0,350.69615384615383,4.003413310775775,351.88306498188797,gamma_gamma_conditional_expectation,1408.73,15.2,Low risk / High value
17102,0.7159578323364257,True,0.0,0.0,78.0,0.0,0.8285029730804067,25.5,own_observed_transaction (Gamma-Gamma unstable at frequency=0),21.13,15.13,High risk / Low value
12932,0.4771506547927856,True,6.0,128.0,484.0,212.30666666666664,0.14551086039136485,214.63900115278648,gamma_gamma_conditional_expectation,31.23,14.9,High risk / Low value
13985,0.010793289542198181,False,9.0,484.0,485.0,433.52,3.138930531687147,435.3314306400697,gamma_gamma_conditional_expectation,1366.48,14.75,Low risk / High value
15684,0.6853560090065003,True,2.0,188.0,552.0,32.275,0.5593179631330735,38.34984099371153,gamma_gamma_conditional_expectation,21.45,14.7,High risk / Low value
15547,0.007019704580307007,False,16.0,539.0,550.0,429.8825,4.8545996409453025,430.89853119218736,gamma_gamma_conditional_expectation,2091.84,14.68,Low risk / High value
16158,0.5687768220901489,True,7.0,212.0,551.0,68.81428571428572,0.35988591693192,70.59815165286433,gamma_gamma_conditional_expectation,25.41,14.45,High risk / Low value
13906,0.8233170986175538,True,0.0,0.0,226.0,0.0,0.41719771110259707,42.0,own_observed_transaction (Gamma-Gamma unstable at frequency=0),17.52,14.42,High risk / Low value
17512,0.015555194392800332,False,12.0,529.0,546.0,248.36333333333334,3.70416449061073,249.55994561735707,gamma_gamma_conditional_expectation,924.41,14.38,Low risk / High value
13307,0.7129017949104309,False,1.0,105.0,409.0,30.6,0.4655505853541583,42.796199480583425,gamma_gamma_conditional_expectation,19.92,14.2,High risk / Low value
15867,0.007019704580307007,False,24.0,542.0,542.0,276.4454166666667,7.301389458196479,277.05570859031883,gamma_gamma_conditional_expectation,2022.89,14.2,Low risk / High value
14266,0.8900830745697021,True,0.0,0.0,245.0,0.0,0.39227158447725324,40.56,own_observed_transaction (Gamma-Gamma unstable at frequency=0),15.91,14.16,High risk / Low value
14135,0.007019704580307007,False,16.0,551.0,554.0,415.92312499999997,4.830182135312971,416.930022594364,gamma_gamma_conditional_expectation,2013.85,14.14,Low risk / High value
16700,0.007019704580307007,False,15.0,536.0,554.0,441.3793333333333,4.526618521755092,442.4711714154609,gamma_gamma_conditional_expectation,2002.9,14.06,Low risk / High value
15015,0.45248091220855713,True,10.0,224.0,542.0,222.49200000000002,0.1375427442860843,223.90109062524243,gamma_gamma_conditional_expectation,30.8,13.94,Low risk / Low value
13842,0.010793289542198181,False,12.0,462.0,478.0,309.0516666666667,4.160593972911704,310.30123487923515,gamma_gamma_conditional_expectation,1291.04,13.93,Low risk / High value
12712,0.010793289542198181,False,15.0,530.0,547.0,279.414,4.578555467140517,280.39279456859987,gamma_gamma_conditional_expectation,1283.79,13.86,Low risk / High value
12417,0.010793289542198181,False,15.0,546.0,550.0,278.4653333333333,4.56757152974338,279.4434657811512,gamma_gamma_conditional_expectation,1276.38,13.78,Low risk / High value
12726,0.015555194392800332,False,8.0,440.0,441.0,286.6825,3.052453088201947,288.5283790559901,gamma_gamma_conditional_expectation,880.72,13.7,Low risk / High value
13999,0.007019704580307007,False,20.0,520.0,551.0,324.836,5.979077467929519,325.59374038397635,gamma_gamma_conditional_expectation,1946.75,13.67,Low risk / High value
13141,0.007019704580307007,False,13.0,516.0,547.0,486.8776923076923,3.9776827439817066,488.17428569492137,gamma_gamma_conditional_expectation,1941.8,13.63,Low risk / High value
16170,0.007019704580307007,False,16.0,476.0,476.0,350.55875,5.519079939819211,351.5228797832534,gamma_gamma_conditional_expectation,1940.08,13.62,Low risk / High value
14086,0.9490982174873352,True,0.0,0.0,279.0,0.0,0.354399786019805,39.95,own_observed_transaction (Gamma-Gamma unstable at frequency=0),14.16,13.44,High risk / Low value
16701,0.007019704580307007,False,18.0,549.0,555.0,352.14444444444445,5.401098269090181,353.0023085673928,gamma_gamma_conditional_expectation,1906.6,13.38,Low risk / High value
17309,0.695357871055603,False,1.0,292.0,490.0,27.75,0.47926102524442304,39.91606774271014,gamma_gamma_conditional_expectation,19.13,13.3,High risk / Low value
16722,0.007019704580307007,False,14.0,553.0,553.0,440.8535714285714,4.256688532288951,442.0230630824079,gamma_gamma_conditional_expectation,1881.55,13.21,Low risk / High value
15298,0.007019704580307007,False,15.0,544.0,548.0,408.8813333333334,4.582276106590661,409.9504894746591,gamma_gamma_conditional_expectation,1878.51,13.19,Low risk / High value
15577,0.6297326803207397,False,2.0,421.0,543.0,21.924999999999997,0.7450017740147996,27.945415807475886,gamma_gamma_conditional_expectation,20.82,13.11,High risk / Low value
17644,0.010793289542198181,False,10.0,458.0,478.0,343.08000000000004,3.496862307855161,344.615381076113,gamma_gamma_conditional_expectation,1205.07,13.01,Low risk / High value
13983,0.007019704580307007,False,14.0,543.0,547.0,429.295,4.295369017999321,430.45584769650463,gamma_gamma_conditional_expectation,1848.97,12.98,Low risk / High value
14534,0.010793289542198181,False,16.0,448.0,451.0,206.975625,5.77954152313497,207.84580856302762,gamma_gamma_conditional_expectation,1201.25,12.97,Low risk / High value
17519,0.010793289542198181,False,11.0,532.0,555.0,355.6918181818182,3.3572435108854486,357.09949260613155,gamma_gamma_conditional_expectation,1198.87,12.94,Low risk / High value
14732,0.010793289542198181,False,13.0,544.0,547.0,298.3253846153846,4.001675102221449,299.47011570273156,gamma_gamma_conditional_expectation,1198.38,12.93,Low risk / High value
16186,0.007019704580307007,False,16.0,541.0,547.0,373.57375,4.88238532760822,374.5529384627361,gamma_gamma_conditional_expectation,1828.71,12.84,Low risk / High value
16156,0.010793289542198181,False,11.0,531.0,554.0,350.60090909090906,3.362571049517788,352.003737020638,gamma_gamma_conditional_expectation,1183.64,12.78,Low risk / High value
13230,0.007019704580307007,False,24.0,430.0,448.0,211.26208333333332,8.577967062681811,211.84394855295284,gamma_gamma_conditional_expectation,1817.19,12.76,Low risk / High value
15013,0.4791360437870026,True,9.0,190.0,494.0,157.2711111111111,0.16780653414055102,158.76104618213307,gamma_gamma_conditional_expectation,26.64,12.76,High risk / Low value
12594,0.010793289542198181,False,10.0,463.0,463.0,324.07,3.6090392945873124,325.58547211775016,gamma_gamma_conditional_expectation,1175.05,12.68,Low risk / High value
15058,0.01743247713893652,False,8.0,470.0,470.0,249.0875,2.889858395690236,250.88415014298883,gamma_gamma_conditional_expectation,725.02,12.64,Low risk / High value
13913,0.9490982174873352,True,0.0,0.0,323.0,0.0,0.31505904094826803,42.22,own_observed_transaction (Gamma-Gamma unstable at frequency=0),13.3,12.62,High risk / Low value
13438,0.9490982174873352,True,0.0,0.0,364.0,0.0,0.28553791772066495,46.5,own_observed_transaction (Gamma-Gamma unstable at frequency=0),13.28,12.6,High risk / Low value
12839,0.007019704580307007,False,16.0,549.0,549.0,364.6675,4.871115243096198,365.640861116912,gamma_gamma_conditional_expectation,1781.08,12.5,Low risk / High value
16219,0.9490982174873352,True,0.0,0.0,317.0,0.0,0.31990030122955354,40.8,own_observed_transaction (Gamma-Gamma unstable at frequency=0),13.05,12.39,High risk / Low value
17611,0.007019704580307007,False,17.0,537.0,555.0,344.24764705882353,5.098536247225656,345.1511421091639,gamma_gamma_conditional_expectation,1759.77,12.35,Low risk / High value
14766,0.007019704580307007,False,7.0,338.0,368.0,561.3485714285714,3.118524461777217,563.8696619706444,gamma_gamma_conditional_expectation,1758.44,12.34,Low risk / High value
16945,0.007019704580307007,False,14.0,529.0,547.0,404.88500000000005,4.28420390576216,406.0275929320838,gamma_gamma_conditional_expectation,1739.5,12.21,Low risk / High value
14282,0.007019704580307007,False,14.0,459.0,479.0,359.4642857142857,4.807076208552744,360.5729112379666,gamma_gamma_conditional_expectation,1733.3,12.17,Low risk / High value
17533,0.8900830745697021,True,0.0,0.0,251.0,0.0,0.3850093066254072,34.8,own_observed_transaction (Gamma-Gamma unstable at frequency=0),13.4,11.93,High risk / Low value
17730,0.007019704580307007,False,10.0,404.0,406.0,415.938,4.037286394935819,417.5496844368912,gamma_gamma_conditional_expectation,1685.77,11.83,Low risk / High value
14972,0.8440673470497131,False,0.0,0.0,198.0,0.0,0.4603272946577759,30.3,own_observed_transaction (Gamma-Gamma unstable at frequency=0),13.95,11.77,High risk / Low value
17365,0.007019704580307007,False,9.0,477.0,493.0,540.8566666666667,3.0860882175786992,542.7930145973306,gamma_gamma_conditional_expectation,1675.11,11.76,Low risk / High value
14291,0.007019704580307007,False,8.0,520.0,547.0,653.225,2.518817495150409,655.5508495000329,gamma_gamma_conditional_expectation,1651.21,11.59,Low risk / High value
12720,0.007019704580307007,False,12.0,314.0,323.0,282.0183333333334,5.7954794212773475,283.2443125760011,gamma_gamma_conditional_expectation,1641.54,11.52,Low risk / High value
15129,0.007019704580307007,False,14.0,400.0,427.0,302.31857142857143,5.290328438860452,303.38446112464277,gamma_gamma_conditional_expectation,1605.0,11.27,Low risk / High value
15871,0.8900830745697021,True,0.0,0.0,254.0,0.0,0.38147837370149246,33.1,own_observed_transaction (Gamma-Gamma unstable at frequency=0),12.63,11.24,High risk / Low value
16417,0.9490982174873352,True,0.0,0.0,309.0,0.0,0.3265921599152861,35.7,own_observed_transaction (Gamma-Gamma unstable at frequency=0),11.66,11.07,High risk / Low value
13597,0.6355547189712525,True,1.0,2.0,219.0,16.5,0.6063785203545264,28.547126672157678,gamma_gamma_conditional_expectation,17.31,11.0,High risk / Low value
16710,0.007019704580307007,False,17.0,528.0,552.0,301.454705882353,5.114861796237914,302.3318496115635,gamma_gamma_conditional_expectation,1546.39,10.86,Low risk / High value
16592,0.007019704580307007,False,12.0,538.0,538.0,408.5508333333333,3.763572733657094,409.88722335284325,gamma_gamma_conditional_expectation,1542.64,10.83,Low risk / High value
15529,0.007019704580307007,False,7.0,184.0,211.0,317.90285714285716,4.822006141193006,320.0595584933708,gamma_gamma_conditional_expectation,1543.33,10.83,Low risk / High value
12662,0.007019704580307007,False,13.0,430.0,434.0,314.15076923076924,4.8925673613390614,315.30824627351507,gamma_gamma_conditional_expectation,1542.67,10.83,Low risk / High value
15645,0.6249294519424439,False,1.0,11.0,242.0,17.7,0.5804791714638575,29.759813719683272,gamma_gamma_conditional_expectation,17.27,10.79,High risk / Low value
15290,0.007019704580307007,False,14.0,450.0,470.0,307.7507142857143,4.886329300184011,308.8206663532792,gamma_gamma_conditional_expectation,1509.0,10.59,Low risk / High value
13440,0.4933562397956848,True,2.0,28.0,268.0,25.275,0.6827109667156916,31.313031689011094,gamma_gamma_conditional_expectation,21.38,10.55,High risk / Low value
13590,0.007019704580307007,False,13.0,539.0,555.0,377.8784615384615,3.941819051381699,379.08726563224417,gamma_gamma_conditional_expectation,1494.29,10.49,Low risk / High value
14057,0.007019704580307007,False,10.0,537.0,553.0,474.787,3.0819956973351843,476.46031633014155,gamma_gamma_conditional_expectation,1468.45,10.31,Low risk / High value
17001,0.007019704580307007,False,11.0,417.0,441.0,352.3572727272727,4.095907546847604,353.76177269763326,gamma_gamma_conditional_expectation,1448.98,10.17,Low risk / High value
16841,0.010793289542198181,False,8.0,511.0,513.0,348.25875,2.67692733641605,350.18526030626805,gamma_gamma_conditional_expectation,937.42,10.12,Low risk / High value
13394,0.007019704580307007,False,13.0,524.0,555.0,364.03692307692313,3.9274651140134207,365.2345790288962,gamma_gamma_conditional_expectation,1434.45,10.07,Low risk / High value
16458,0.007019704580307007,False,18.0,375.0,379.0,190.1277777777778,7.506290864603964,190.89142007642204,gamma_gamma_conditional_expectation,1432.89,10.06,Low risk / High value
14610,0.7159578323364257,True,1.0,119.0,331.0,10.9,0.6137361604834088,22.887920450371567,gamma_gamma_conditional_expectation,14.05,10.06,High risk / Low value
14562,0.010793289542198181,False,10.0,487.0,487.0,265.642,3.454302097757839,267.0962811330464,gamma_gamma_conditional_expectation,922.63,9.96,Low risk / High value
15206,0.720902681350708,False,0.0,0.0,92.0,0.0,0.757572973933522,17.7,own_observed_transaction (Gamma-Gamma unstable at frequency=0),13.41,9.67,High risk / Low value
14144,0.9490982174873352,True,0.0,0.0,303.0,0.0,0.33179816657423516,30.6,own_observed_transaction (Gamma-Gamma unstable at frequency=0),10.15,9.63,High risk / Low value
17491,0.007019704580307007,False,9.0,406.0,407.0,370.50666666666666,3.6492136283884236,372.24476304812964,gamma_gamma_conditional_expectation,1358.4,9.54,Low risk / High value
18053,0.7129017949104309,False,1.0,2.0,344.0,29.85,0.3125403832318967,42.03827007587993,gamma_gamma_conditional_expectation,13.14,9.37,High risk / Low value
17346,0.007019704580307007,False,16.0,413.0,417.0,214.3375,6.179401318695835,215.21250042663902,gamma_gamma_conditional_expectation,1329.88,9.34,Low risk / High value
15812,0.007019704580307007,False,9.0,535.0,541.0,462.6477777777778,2.850457769039131,464.4931070211303,gamma_gamma_conditional_expectation,1324.02,9.29,Low risk / High value
17129,0.9490982174873352,True,0.0,0.0,337.0,0.0,0.30431432880846054,31.85,own_observed_transaction (Gamma-Gamma unstable at frequency=0),9.69,9.2,High risk / Low value
14334,0.007019704580307007,False,8.0,365.0,385.0,370.95125,3.4100890697438153,372.9074750850493,gamma_gamma_conditional_expectation,1271.65,8.93,Low risk / High value
14713,0.007019704580307007,False,16.0,550.0,553.0,252.56625,4.837896338715457,253.46626343959898,gamma_gamma_conditional_expectation,1226.24,8.61,Low risk / High value
14159,0.007019704580307007,False,10.0,549.0,553.0,395.712,3.088237496606393,397.302501975458,gamma_gamma_conditional_expectation,1226.96,8.61,Low risk / High value
18217,0.6853560090065003,False,1.0,13.0,343.0,22.45,0.36009019450011753,34.56003328280542,gamma_gamma_conditional_expectation,12.44,8.53,High risk / Low value
17956,0.695357871055603,True,0.0,0.0,66.0,0.0,0.9009017555386254,12.75,own_observed_transaction (Gamma-Gamma unstable at frequency=0),11.49,7.99,High risk / Low value
17246,0.7308194994926452,True,1.0,192.0,555.0,15.44,0.3792642467344208,27.47591978017674,gamma_gamma_conditional_expectation,10.42,7.62,High risk / Low value
15284,0.9490982174873352,True,0.0,0.0,317.0,0.0,0.31990030122955354,24.75,own_observed_transaction (Gamma-Gamma unstable at frequency=0),7.92,7.52,High risk / Low value
14590,0.42089284062385557,True,18.0,308.0,549.0,161.01222222222225,0.10876765521915148,161.75893218411056,gamma_gamma_conditional_expectation,17.59,7.4,Low risk / Low value
15240,0.007019704580307007,False,9.0,543.0,551.0,361.0022222222222,2.803927017219651,362.729257430598,gamma_gamma_conditional_expectation,1017.07,7.14,Low risk / High value
17649,0.6319721579551697,False,1.0,3.0,289.0,14.85,0.41621759317780804,26.879681981809988,gamma_gamma_conditional_expectation,11.19,7.07,High risk / Low value
17330,0.7750959873199463,False,1.0,103.0,464.0,9.95,0.3938185776213692,21.92787653774714,gamma_gamma_conditional_expectation,8.64,6.7,High risk / Low value
15076,0.6657952785491943,False,1.0,30.0,339.0,10.95,0.42731029471592596,22.938449077351798,gamma_gamma_conditional_expectation,9.8,6.52,High risk / Low value
17408,0.6853560090065003,False,1.0,14.0,331.0,12.75,0.3843362257939387,24.757479648640192,gamma_gamma_conditional_expectation,9.52,6.52,High risk / Low value
16894,0.5393625378608704,True,1.0,33.0,352.0,17.0,0.4139729372888144,29.05241294196001,gamma_gamma_conditional_expectation,12.03,6.49,High risk / Low value
17954,0.007019704580307007,False,13.0,546.0,547.0,217.38,4.0028475895780975,218.4595366995243,gamma_gamma_conditional_expectation,874.46,6.14,Low risk / High value
15884,0.695357871055603,True,1.0,304.0,553.0,7.9,0.42416894063499516,19.85620283155758,gamma_gamma_conditional_expectation,8.42,5.85,High risk / Low value
13112,0.9490982174873352,True,0.0,0.0,358.0,0.0,0.28950703533750377,20.6,own_observed_transaction (Gamma-Gamma unstable at frequency=0),5.96,5.66,High risk / Low value
15633,0.42089284062385557,True,12.0,222.0,548.0,346.71416666666664,0.03683990408624593,347.99659873542083,gamma_gamma_conditional_expectation,12.82,5.4,Low risk / Low value
16742,0.4331237733364105,False,12.0,231.0,540.0,180.63666666666666,0.06461638409938683,181.77418145495133,gamma_gamma_conditional_expectation,11.75,5.09,Low risk / Low value
17378,0.8440673470497131,True,0.0,0.0,191.0,0.0,0.47254589181659423,10.95,own_observed_transaction (Gamma-Gamma unstable at frequency=0),5.17,4.36,High risk / Low value
14580,0.9490982174873352,True,0.0,0.0,335.0,0.0,0.3058041023747822,14.85,own_observed_transaction (Gamma-Gamma unstable at frequency=0),4.54,4.31,High risk / Low value
14900,0.9490982174873352,True,0.0,0.0,339.0,0.0,0.3028390305599212,13.92,own_observed_transaction (Gamma-Gamma unstable at frequency=0),4.22,4.01,High risk / Low value
17157,0.42089284062385557,False,15.0,255.0,552.0,300.0493333333333,0.028892545029208336,301.042530308515,gamma_gamma_conditional_expectation,8.7,3.66,Low risk / Low value
16446,0.5822765588760376,False,0.0,0.0,22.0,0.0,1.328355566004496,2.9,own_observed_transaction (Gamma-Gamma unstable at frequency=0),3.85,2.24,High risk / Low value
15040,0.9490982174873352,True,0.0,0.0,358.0,0.0,0.28950703533750377,7.49,own_observed_transaction (Gamma-Gamma unstable at frequency=0),2.17,2.06,High risk / Low value
16738,0.7543903827667237,True,0.0,0.0,114.0,0.0,0.6678608871637426,3.75,own_observed_transaction (Gamma-Gamma unstable at frequency=0),2.5,1.89,High risk / Low value
15913,0.9490982174873352,True,0.0,0.0,351.0,0.0,0.29427972372985817,6.3,own_observed_transaction (Gamma-Gamma unstable at frequency=0),1.85,1.76,High risk / Low value
13788,0.9490982174873352,True,0.0,0.0,322.0,0.0,0.3158556932470465,3.75,own_observed_transaction (Gamma-Gamma unstable at frequency=0),1.18,1.12,High risk / Low value
17448,0.4284809172153473,True,12.0,116.0,462.0,1170.865,0.0008731301736133522,1172.8665764288473,gamma_gamma_conditional_expectation,1.02,0.44,Low risk / Low value
12835,0.4062379777431488,True,36.0,309.0,553.0,159.95055555555555,4.864431514585507e-05,160.32349338480935,gamma_gamma_conditional_expectation,0.01,0.0,Low risk / Low value
